Submission id,Participant id,Status,Custom study tncs accepted at,Started at,Completed at,Reviewed at,Archived at,Time taken,Completion code,Total approvals,Fluent languages,Vision,Colourblindness,Gender,Age,Sex,Ethnicity simplified,Country of birth,Country of residence,Nationality,Language,Student status,Employment status
69fca3e955705947a7174647,69f3ab930bfcc8bc1f487b53,APPROVED,Not Applicable,2026-05-07T14:38:37.689000Z,2026-05-07T14:49:56.034000Z,2026-05-07T14:49:56.719000Z,2026-05-07T14:50:56.637751Z,679.0,C15DM49H,104,English,Yes,"No, I have no issues seeing colours",Woman (including Trans Female/Trans Woman),28,Female,White,United States,United States,United States,English,No,Due to start a new job within the next month
69fcbb331234d8e2a25ea973,5d093f05c79e5a0016796b18,APPROVED,Not Applicable,2026-05-07T16:18:03.024000Z,2026-05-07T16:35:48.624000Z,2026-05-07T16:35:51.225000Z,2026-05-07T16:36:50.599281Z,1066.0,C15DM49H,4444,English,Yes,"No, I have no issues seeing colours",Man (including Trans Male/Trans Man),37,Male,White,United States,United States,United States,English,DATA_EXPIRED,DATA_EXPIRED
69fcbdfd0461fb1723aef383,60a2a8570a0f9cc00d6b9d1a,APPROVED,Not Applicable,2026-05-07T16:29:53.806000Z,2026-05-07T16:49:23.234000Z,2026-05-07T16:49:23.964000Z,2026-05-07T16:50:23.949527Z,1170.0,C15DM49H,9457,English,Yes,"No, I have no issues seeing colours",Woman (including Trans Female/Trans Woman),47,Female,White,United States,United States,United States,English,DATA_EXPIRED,DATA_EXPIRED
69fcbfe5f80d0073faeb97d6,5f16f559325a640008bb9a07,APPROVED,Not Applicable,2026-05-07T16:38:04.640000Z,2026-05-07T16:56:30.950000Z,2026-05-07T16:56:31.978000Z,2026-05-07T16:57:31.876058Z,1107.0,C15DM49H,19584,English,Yes,"No, I have no issues seeing colours",Man (including Trans Male/Trans Man),39,Male,White,United States,United States,United States,English,No,Full-Time
69fcc0805933ff011241407e,698a313139e7cd29ee4a31c7,APPROVED,Not Applicable,2026-05-07T16:40:38.974000Z,2026-05-07T16:58:03.202000Z,2026-05-07T16:58:04.222000Z,2026-05-07T16:59:04.197468Z,1045.0,C15DM49H,301,English,Yes,"No, I have no issues seeing colours",Woman (including Trans Female/Trans Woman),43,Female,White,United States,United States,United States,English,Yes,Other
69fcc25f9184e576822b2dce,640168ed11cae91527326eea,APPROVED,Not Applicable,2026-05-07T16:51:21.905000Z,2026-05-07T17:25:14.508000Z,2026-05-07T17:25:15.010000Z,2026-05-07T17:26:14.990562Z,2033.0,C15DM49H,1243,"English, Spanish",Yes,"No, I have no issues seeing colours",Man (including Trans Male/Trans Man),27,Male,White,Colombia,United States,Colombia,Spanish,No,Unemployed (and job seeking)
69fccdf7372301f4c13831ce,69dfc80acfee5e3693080e2e,APPROVED,Not Applicable,2026-05-07T17:38:28.222000Z,2026-05-07T18:05:06.298000Z,2026-05-07T18:05:06.997000Z,2026-05-07T18:06:06.881157Z,1599.0,C15DM49H,643,English,Yes,"No, I have no issues seeing colours",Woman (including Trans Female/Trans Woman),36,Female,White,United States,United States,United States,English,No,Unemployed (and job seeking)
69fcd0d23621ea400c4e62f8,69f58465fa29b67f229edcb1,APPROVED,Not Applicable,2026-05-07T17:50:16.176000Z,2026-05-07T18:00:23.884000Z,2026-05-07T18:00:24.478000Z,2026-05-07T18:01:24.441401Z,608.0,C15DM49H,35,English,Yes,"No, I have no issues seeing colours",Woman (including Trans Female/Trans Woman),33,Female,White,United States,United States,United States,English,Yes,Other
69fcd12f58b2f9e2e8279037,69fa9d1794a843be0bf27d57,APPROVED,Not Applicable,2026-05-07T17:51:48.230000Z,2026-05-07T18:01:46.522000Z,2026-05-07T18:01:47.407000Z,2026-05-07T18:02:49.754982Z,599.0,C15DM49H,33,English,Yes,"No, I have no issues seeing colours",Woman (including Trans Female/Trans Woman),36,Female,White,United States,United States,United States,English,No,Other
69fcd262894ad3239ab81a8e,69e52b5d0ccd3321f5423f33,APPROVED,Not Applicable,2026-05-07T17:56:56.205000Z,2026-05-07T18:25:09.691000Z,2026-05-07T18:25:10.466000Z,2026-05-07T18:26:13.213960Z,1694.0,C15DM49H,318,"English, Spanish",Yes,"No, I have no issues seeing colours",Man (including Trans Male/Trans Man),35,Male,White,United States,United States,United States,English,No,Full-Time
69fcd277ced22415cae5e22a,69e0212b70f9b527bb4a2e09,APPROVED,Not Applicable,2026-05-07T17:57:54.195000Z,2026-05-07T18:20:29.411000Z,2026-05-07T18:20:32.610000Z,2026-05-07T18:21:42.923524Z,1356.0,C15DM49H,216,English,Yes,"No, I have no issues seeing colours",Woman (including Trans Female/Trans Woman),66,Female,Black,United States,United States,United States,English,No,Full-Time
69fcd361090f78b0e15a2f01,69d3d7345c83667d49a0ce94,APPROVED,Not Applicable,2026-05-07T18:02:45.861000Z,2026-05-07T18:28:41.957000Z,2026-05-07T18:28:43.878000Z,2026-05-07T18:29:43.803720Z,1557.0,C15DM49H,423,English,Yes,"No, I have no issues seeing colours",Man (including Trans Male/Trans Man),43,Male,White,United States,United States,United States,English,No,Other
69fcd43943c0bb82d83966fe,69f729e486ab8f79c6689098,APPROVED,Not Applicable,2026-05-07T18:04:53.357000Z,2026-05-07T18:13:30.887000Z,2026-05-07T18:13:31.703000Z,2026-05-07T18:14:39.915344Z,518.0,C15DM49H,41,English,Yes,"No, I have no issues seeing colours",Woman (including Trans Female/Trans Woman),60,Female,White,United States,United States,United States,English,No,Full-Time
69fcd4844ae2d1f254414085,69fa537626374717de9cb09d,APPROVED,Not Applicable,2026-05-07T18:05:59.380000Z,2026-05-07T18:12:15.756000Z,2026-05-07T20:07:46.096000Z,2026-05-07T18:13:16.808602Z,377.0,C15DM49H,9,"Greek, English",Yes,"No, I have no issues seeing colours",Man (including Trans Male/Trans Man),38,Male,White,United States,United States,United States,English,Yes,"Not in paid work (e.g. homemaker', 'retired or disabled)"
69fcda92a3efa3f4e10fef99,66a96d2eb81f9cec83fb1bd3,APPROVED,Not Applicable,2026-05-07T18:31:54.730000Z,2026-05-07T18:46:53.575000Z,2026-05-07T18:47:35.416000Z,2026-05-07T18:48:38.133405Z,899.0,C15DM49H,2448,English,Yes,"No, I have no issues seeing colours",Woman (including Trans Female/Trans Woman),55,Female,White,United States,United States,United States,English,DATA_EXPIRED,DATA_EXPIRED
69fcdb7d740582c1ddb2d4db,69ed487c9ec33447dbe83135,APPROVED,Not Applicable,2026-05-07T18:35:51.861000Z,2026-05-07T19:19:10.859000Z,2026-05-07T19:19:12.499000Z,2026-05-07T19:20:12.569705Z,2599.0,C15DM49H,132,English,Yes,"No, I have no issues seeing colours",Woman (including Trans Female/Trans Woman),53,Female,White,United States,United States,United States,English,No,Full-Time
69fcdd60f8734a91776f78bf,69a73b04718cfdcc1d30e365,APPROVED,Not Applicable,2026-05-07T18:44:39.542000Z,2026-05-07T19:25:00.694000Z,2026-05-07T19:25:01.324000Z,2026-05-07T19:26:01.250137Z,2422.0,C15DM49H,574,"English, Indonesian",Yes,"No, I have no issues seeing colours",Man (including Trans Male/Trans Man),63,Male,Asian,Indonesia,United States,United States,Indonesian,No,Unemployed (and job seeking)
69fcf2a7a132419eed891428,61fa94315719bc09cb834ea0,APPROVED,Not Applicable,2026-05-07T20:14:31.658000Z,2026-05-07T20:28:07.160000Z,2026-05-07T20:28:07.931000Z,2026-05-07T20:29:07.898902Z,816.0,C15DM49H,4568,English,Yes,"No, I have no issues seeing colours",Man (including Trans Male/Trans Man),57,Male,White,United States,United States,United States,English,DATA_EXPIRED,DATA_EXPIRED
69fcf2f06491c2a3ca80635a,69bc67fa2a101dda7e61101c,APPROVED,Not Applicable,2026-05-07T20:15:51.096000Z,2026-05-07T20:27:24.930000Z,2026-05-07T20:27:28.918000Z,2026-05-07T20:28:28.831993Z,694.0,C15DM49H,384,"English, Japanese, French",Yes,"No, I have no issues seeing colours",Man (including Trans Male/Trans Man),23,Male,White,United States,United States,United States,English,No,Part-Time
69fcf312dd189d5bb3cd6ad7,69b306d0aabcb968f7ca7ec5,APPROVED,Not Applicable,2026-05-07T20:16:18.962000Z,2026-05-07T20:28:31.217000Z,2026-05-07T20:28:31.839000Z,2026-05-07T20:29:31.729092Z,733.0,C15DM49H,2346,"English, Korean",Yes,"No, I have no issues seeing colours",Man (including Trans Male/Trans Man),47,Male,Asian,Korea,United States,Korea,Korean,No,Full-Time
69fcf315fb6ffa8ad30250f0,691f7251736800a19a923c4d,APPROVED,Not Applicable,2026-05-07T20:16:27.686000Z,2026-05-07T20:29:47.222000Z,2026-05-07T20:29:47.805000Z,2026-05-07T20:30:47.728988Z,800.0,C15DM49H,1865,"English, Spanish",Yes,"No, I have no issues seeing colours",Man (including Trans Male/Trans Man),38,Male,White,United States,United States,United States,English,No,Full-Time
69fcf3385bf4ec76d6d34aa1,69dbba2af76a02c2bbb1c3f7,APPROVED,Not Applicable,2026-05-07T20:16:59.481000Z,2026-05-07T20:23:46.994000Z,2026-05-07T20:41:00.678000Z,2026-05-07T20:24:47.497238Z,408.0,C15DM49H,352,English,Yes,"No, I have no issues seeing colours",Woman (including Trans Female/Trans Woman),19,Female,White,United States,United States,United States,English,Yes,Full-Time
69fcf33c80b9960c7591dcc3,69d8612bfd5fa65e3f037947,APPROVED,Not Applicable,2026-05-07T20:17:09.046000Z,2026-05-07T20:32:58.350000Z,2026-05-07T20:32:58.895000Z,2026-05-07T20:33:58.913025Z,950.0,C15DM49H,199,"English, Spanish",Yes,"No, I have no issues seeing colours",Man (including Trans Male/Trans Man),29,Male,White,United States,United States,United States,Spanish,No,Full-Time
6a0c81383877a4e9f10a6732,58a1fe40ea3d11000170d9b9,APPROVED,Not Applicable,2026-05-19T15:29:10.997000Z,2026-05-19T15:53:10.655000Z,2026-05-19T15:53:11.162000Z,2026-05-19T15:54:11.091744Z,1440.0,C15DM49H,11944,English,Yes,"No, I have no issues seeing colours",Woman (including Trans Female/Trans Woman),34,Female,White,United States,United States,United States,English,No,Full-Time
6a0c8144aa0010dc4aa94324,5edcfe625cd39c9efd5cc2ae,APPROVED,Not Applicable,2026-05-19T15:28:21.071000Z,2026-05-19T15:36:41.695000Z,2026-05-19T15:36:42.175000Z,2026-05-19T15:37:42.580754Z,501.0,C15DM49H,8466,"English, Spanish",Yes,"No, I have no issues seeing colours",Woman (including Trans Female/Trans Woman),41,Female,White,United States,United States,United States,English,No,Full-Time
6a0c814dd0cf73ad878c32c9,69b98ed6a044387bc1f3609d,APPROVED,Not Applicable,2026-05-19T15:27:15.621000Z,2026-05-19T15:41:11.955000Z,2026-05-19T15:41:12.462000Z,2026-05-19T15:42:12.742840Z,837.0,C15DM49H,846,English,Yes,"No, I have no issues seeing colours",Woman (including Trans Female/Trans Woman),48,Female,Mixed,United States,United States,United States,English,No,"Not in paid work (e.g. homemaker', 'retired or disabled)"
6a0c814e77e55db6288025d6,69c077a69c6bb1fb8f8d3621,APPROVED,Not Applicable,2026-05-19T15:27:14.925000Z,2026-05-19T15:37:57.032000Z,2026-05-19T15:37:57.560000Z,2026-05-19T15:38:57.504517Z,643.0,C15DM49H,227,English,Yes,"No, I have no issues seeing colours",Woman (including Trans Female/Trans Woman),35,Female,White,United States,United States,United States,English,No,"Not in paid work (e.g. homemaker', 'retired or disabled)"
6a0c814fe1a47dbd53aefe06,69d4e9b098840254a2011f5e,APPROVED,Not Applicable,2026-05-19T15:27:27.828000Z,2026-05-19T15:38:36.490000Z,2026-05-19T15:38:37.154000Z,2026-05-19T15:39:37.089739Z,669.0,C15DM49H,1700,"Chinese, English",Yes,"No, I have no issues seeing colours",Man (including Trans Male/Trans Man),18,Male,Asian,United States,United States,United States,English,Yes,Unemployed (and job seeking)
6a0c825c9feb5ac89fd04e47,6765ef807d07ff87a01f5cd4,APPROVED,Not Applicable,2026-05-19T15:31:43.746000Z,2026-05-19T15:43:05.330000Z,2026-05-19T15:43:05.814000Z,2026-05-19T15:44:05.767014Z,682.0,C15DM49H,1139,English,Yes,"No, I have no issues seeing colours",Woman (including Trans Female/Trans Woman),48,Female,White,United States,United States,United States,English,No,Full-Time
6a0c838b97bf63c4c1498ddc,69fa843cc80a87fb84cec0bc,APPROVED,Not Applicable,2026-05-19T15:38:27.518000Z,2026-05-19T15:55:08.855000Z,2026-05-19T15:55:09.330000Z,2026-05-19T15:56:09.273856Z,1002.0,C15DM49H,134,English,Yes,"No, I have no issues seeing colours",Man (including Trans Male/Trans Man),38,Male,White,United States,United States,United States,English,No,Unemployed (and job seeking)
6a0c838e08cb799adf88c0d1,6a01dbafd86ea80e11b544f7,APPROVED,Not Applicable,2026-05-19T15:36:49.421000Z,2026-05-19T15:49:10.406000Z,2026-05-19T15:49:10.875000Z,2026-05-19T15:50:10.830264Z,741.0,C15DM49H,313,English,Yes,"No, I have no issues seeing colours",Man (including Trans Male/Trans Man),38,Male,White,United States,United States,United States,English,Yes,Full-Time
6a0c83e2aae8d34029526d3c,69fe0c4a9029d4015d79fc19,APPROVED,Not Applicable,2026-05-19T15:38:17.487000Z,2026-05-19T15:52:35.447000Z,2026-05-19T15:52:35.930000Z,2026-05-19T15:53:35.869677Z,858.0,C15DM49H,39,English,Yes,"No, I have no issues seeing colours",Man (including Trans Male/Trans Man),33,Male,White,United States,United States,United States,English,No,Full-Time
6a0c83e2cb85c029c06b077f,6a01f9bc0e42054d6f55a5c0,APPROVED,Not Applicable,2026-05-19T15:38:14.490000Z,2026-05-19T16:10:00.575000Z,2026-05-19T16:10:01.040000Z,2026-05-19T16:11:00.981526Z,1907.0,C15DM49H,22,English,Yes,"No, I have no issues seeing colours",Woman (including Trans Female/Trans Woman),35,Female,White,United States,United States,United States,English,No,Part-Time
6a0c84a258670d033684b52b,67e8aa454848956e5e32c19d,APPROVED,Not Applicable,2026-05-19T15:41:26.225000Z,2026-05-19T15:56:17.628000Z,2026-05-19T15:56:18.155000Z,2026-05-19T15:57:18.097550Z,892.0,C15DM49H,9698,English,Yes,"No, I have no issues seeing colours",Man (including Trans Male/Trans Man),51,Male,White,United States,United States,United States,English,No,Full-Time
6a0c84a5ea4a89d47d960f82,69fa058749cbcd02d7f1963b,APPROVED,Not Applicable,2026-05-19T15:41:29.057000Z,2026-05-19T16:08:09.626000Z,2026-05-19T16:08:10.111000Z,2026-05-19T16:09:10.026456Z,1601.0,C15DM49H,297,English,Yes,"No, I have no issues seeing colours",Woman (including Trans Female/Trans Woman),57,Female,White,United States,United States,United States,English,No,Part-Time
6a0c850d2ba601739d1298aa,66dbe0d85afada72ecb65638,APPROVED,Not Applicable,2026-05-19T15:43:56.469000Z,2026-05-19T16:17:46.389000Z,2026-05-19T16:17:46.846000Z,2026-05-19T16:18:46.801333Z,2030.0,C15DM49H,2935,English,Yes,"No, I have no issues seeing colours",Woman (including Trans Female/Trans Woman),40,Female,White,United States,United States,United States,English,Yes,Full-Time
6a0c868077a285d267a7cab1,6a0376ccfcd73b03eb6c784b,APPROVED,Not Applicable,2026-05-19T15:49:33.995000Z,2026-05-19T16:01:20.461000Z,2026-05-19T16:01:21.026000Z,2026-05-19T16:02:20.982844Z,707.0,C15DM49H,171,English,Yes,"No, I have no issues seeing colours",Woman (including Trans Female/Trans Woman),24,Female,Asian,India,United States,United States,English,Yes,Unemployed (and job seeking)
6a0c87a95fcbae08b2510276,66a450cbae4aeed1d6531952,APPROVED,Not Applicable,2026-05-19T15:54:22.659000Z,2026-05-19T16:18:12.242000Z,2026-05-19T16:18:12.712000Z,2026-05-19T16:19:12.674468Z,1430.0,C15DM49H,4899,English,Yes,"No, I have no issues seeing colours",Woman (including Trans Female/Trans Woman),55,Female,White,United States,United States,United States,English,DATA_EXPIRED,DATA_EXPIRED
6a0c87dd087272677c3bafeb,607668ac450fc6e3025a131d,APPROVED,Not Applicable,2026-05-19T15:55:09.575000Z,2026-05-19T16:10:27.004000Z,2026-05-19T16:10:30.046000Z,2026-05-19T16:11:27.646147Z,918.0,C15DM49H,9778,English,Yes,"No, I have no issues seeing colours",Man (including Trans Male/Trans Man),50,Male,Asian,China,United States,United States,Chinese,No,Full-Time
6a0c8820e2e73af6331bcd2f,5d55d43e25dd4c00174122dc,APPROVED,Not Applicable,2026-05-19T15:56:16.435000Z,2026-05-19T16:09:43.347000Z,2026-05-19T16:09:43.781000Z,2026-05-19T16:10:43.737209Z,807.0,C15DM49H,10124,English,Yes,"No, I have no issues seeing colours",Man (including Trans Male/Trans Man),50,Male,White,United States,United States,United States,English,No,Full-Time
6a0c882a51a7193bc0e87bbc,6a053b19f37bc26be014daff,APPROVED,Not Applicable,2026-05-19T15:56:45.458000Z,2026-05-19T16:16:44.502000Z,2026-05-19T16:16:44.941000Z,2026-05-19T16:17:44.897734Z,1200.0,C15DM49H,123,"English, Greek",Yes,"No, I have no issues seeing colours",Man (including Trans Male/Trans Man),42,Male,White,United States,United States,United States,English,No,Unemployed (and job seeking)
6a0c8b685ad7dd149f24354b,66306ac39d18c5aad9685a9e,APPROVED,Not Applicable,2026-05-19T16:10:20.714000Z,2026-05-19T16:30:36.321000Z,2026-05-19T16:30:36.859000Z,2026-05-19T16:31:36.824232Z,1216.0,C15DM49H,2250,English,Yes,"No, I have no issues seeing colours",Woman (including Trans Female/Trans Woman),38,Female,White,United States,United States,United States,English,No,Full-Time
6a0c8b7371143732b3c5a058,6a0854817e09db4d07153c31,APPROVED,Not Applicable,2026-05-19T16:10:27.425000Z,2026-05-19T16:20:43.203000Z,2026-05-19T16:20:43.678000Z,2026-05-19T16:21:43.626140Z,616.0,C15DM49H,33,"English, Spanish",Yes,"No, I have no issues seeing colours",Woman (including Trans Female/Trans Woman),28,Female,Asian,Panama,United States,United States,Spanish,No,Full-Time
6a0c8be2bf24ae087f609237,69f0d6ece0af9c37a6adc97c,APPROVED,Not Applicable,2026-05-19T16:12:18.124000Z,2026-05-19T16:43:16.686000Z,2026-05-19T16:43:17.179000Z,2026-05-19T16:44:17.117299Z,1859.0,C15DM49H,525,English,Yes,"Yes, I'm colourblind",Woman (including Trans Female/Trans Woman),24,Female,Black,United States,United States,United States,English,Yes,Due to start a new job within the next month
6a0c8c45c82c2a1701165dcc,65c128e28c1ed7690f805e53,APPROVED,Not Applicable,2026-05-19T16:14:03.525000Z,2026-05-19T16:46:21.670000Z,2026-05-19T16:46:22.677000Z,2026-05-19T16:47:22.105731Z,1939.0,C15DM49H,3773,"English, Other",Yes,"No, I have no issues seeing colours",Woman (including Trans Female/Trans Woman),43,Female,Black,Nigeria,United States,Nigeria,Other,No,Full-Time
6a0c8d2fea02973ef7dc8a45,69fc8ab98fc8376182d2aa9f,APPROVED,Not Applicable,2026-05-19T16:18:07.067000Z,2026-05-19T17:00:52.674000Z,2026-05-19T17:00:53.168000Z,2026-05-19T17:01:53.109189Z,2566.0,C15DM49H,61,English,Yes,"No, I have no issues seeing colours",Woman (including Trans Female/Trans Woman),53,Female,White,United States,United States,United States,English,No,Full-Time
6a0c8d80657e2242a28f6456,69ea7367c2fff52ec22449cd,APPROVED,Not Applicable,2026-05-19T16:22:48.895000Z,2026-05-19T16:42:02.708000Z,2026-05-19T16:42:03.211000Z,2026-05-19T16:43:03.173253Z,1154.0,C15DM49H,253,English,Yes,"No, I have no issues seeing colours",Man (including Trans Male/Trans Man),32,Male,White,United States,United States,United States,English,No,Part-Time
6a0c8eb32fc616190a721330,69f149fe2ff544fc869a1115,APPROVED,Not Applicable,2026-05-19T16:24:29.741000Z,2026-05-19T16:44:58.850000Z,2026-05-19T16:44:59.322000Z,2026-05-19T16:45:59.272961Z,1230.0,C15DM49H,139,English,Yes,"Yes, I'm colourblind",Man (including Trans Male/Trans Man),30,Male,White,United States,United States,United States,English,No,Unemployed (and job seeking)
6a0c8eff213e3e80a817bb0c,601b28841ca7bb2f8edaa293,APPROVED,Not Applicable,2026-05-19T16:25:35.823000Z,2026-05-19T16:39:55.424000Z,2026-05-19T16:39:55.948000Z,2026-05-19T16:40:55.851443Z,860.0,C15DM49H,8265,English,Yes,"Yes, I'm colourblind",Man (including Trans Male/Trans Man),34,Male,Mixed,United States,United States,United States,English,DATA_EXPIRED,DATA_EXPIRED
6a0c9174aaaabe3cb934e723,669ac885aa2ff55e7ace42b0,APPROVED,Not Applicable,2026-05-19T16:36:28.474000Z,2026-05-19T17:05:18.746000Z,2026-05-19T17:05:19.249000Z,2026-05-19T17:06:19.220342Z,1731.0,C15DM49H,2274,English,Yes,"No, I have no issues seeing colours",Woman (including Trans Female/Trans Woman),36,Female,White,United States,United States,United States,English,DATA_EXPIRED,Full-Time
6a0c92622d4a6e72629bd7dc,65980dcc048d02626828cc34,APPROVED,Not Applicable,2026-05-19T16:40:09.599000Z,2026-05-19T16:56:15.955000Z,2026-05-19T16:56:16.415000Z,2026-05-19T16:57:16.349465Z,967.0,C15DM49H,1697,English,Yes,"No, I have no issues seeing colours",Woman (including Trans Female/Trans Woman),36,Female,White,United States,United States,United States,English,No,Full-Time
6a0c92b4d57bbef1e042e440,69fcc69d5d3dfb1febbc574e,APPROVED,Not Applicable,2026-05-19T16:41:34.310000Z,2026-05-19T17:02:04.600000Z,2026-05-19T17:02:05.071000Z,2026-05-19T17:03:05.447790Z,1231.0,C15DM49H,163,English,Yes,"No, I have no issues seeing colours",Woman (including Trans Female/Trans Woman),36,Female,White,United States,United States,United States,English,No,Full-Time
6a0c938b3bc5f8bb555fc487,69ee4a93e4b6f636b49e6771,APPROVED,Not Applicable,2026-05-19T16:44:59.785000Z,2026-05-19T17:49:03.856000Z,2026-05-19T17:49:04.324000Z,2026-05-19T17:50:04.305028Z,3845.0,C15DM49H,509,English,Yes,"Yes, I'm colourblind",Woman (including Trans Female/Trans Woman),31,Female,White,United States,United States,United States,English,No,Part-Time
6a0c93e7e90443c6e9721341,5db3318476478d000fcfa0eb,APPROVED,Not Applicable,2026-05-19T16:46:48.363000Z,2026-05-19T16:58:40.565000Z,2026-05-19T16:58:41.023000Z,2026-05-19T16:59:40.959365Z,713.0,C15DM49H,1508,"Arabic, Farsi, English, French",Yes,"No, I have no issues seeing colours",Man (including Trans Male/Trans Man),28,Male,White,United States,United States,United States,English,Yes,Full-Time
6a0c93eace6d4ace4dd249c2,66ccdd9f6b12c6ea6fa01f42,APPROVED,Not Applicable,2026-05-19T16:46:37.636000Z,2026-05-19T16:58:20.930000Z,2026-05-19T16:58:21.459000Z,2026-05-19T16:59:21.375113Z,704.0,C15DM49H,8341,English,Yes,"No, I have no issues seeing colours",Man (including Trans Male/Trans Man),34,Male,White,United States,United States,Germany,English,DATA_EXPIRED,DATA_EXPIRED
6a0c94ed1bcab6e94b21659c,6a04c4c248c24409193c596b,APPROVED,Not Applicable,2026-05-19T16:50:56.117000Z,2026-05-19T17:00:31.369000Z,2026-05-19T17:00:31.829000Z,2026-05-19T17:01:31.790709Z,576.0,C15DM49H,80,English,Yes,"No, I have no issues seeing colours",Man (including Trans Male/Trans Man),34,Male,White,United States,United States,United States,English,No,Full-Time
6a0c95efc76b4492e1d2d3c4,69996e0a777fc89514265b27,APPROVED,Not Applicable,2026-05-19T16:56:56.899000Z,2026-05-19T17:16:22.947000Z,2026-05-19T17:16:23.568000Z,2026-05-19T17:17:23.407934Z,1167.0,C15DM49H,815,"Arabic, English, French",Yes,"No, I have no issues seeing colours",Woman (including Trans Female/Trans Woman),38,Female,Other,Algeria,United States,United States,Arabic,No,Part-Time
6a0c9637c974a6912ac22683,6961342cc3f494fb2a1d617d,APPROVED,Not Applicable,2026-05-19T16:56:37.509000Z,2026-05-19T17:08:56.758000Z,2026-05-19T17:08:57.268000Z,2026-05-19T17:09:57.206879Z,740.0,C15DM49H,635,English,Yes,"No, I have no issues seeing colours",Man (including Trans Male/Trans Man),40,Male,White,United States,United States,United States,English,No,Unemployed (and job seeking)
6a0c96cbb817fd30d4c9fdc8,6333926e48c34a5d39353558,APPROVED,Not Applicable,2026-05-19T16:58:55.757000Z,2026-05-19T17:22:06.383000Z,2026-05-19T17:22:06.879000Z,2026-05-19T17:23:06.810506Z,1391.0,C15DM49H,13606,English,Yes,"No, I have no issues seeing colours",Man (including Trans Male/Trans Man),46,Male,White,United States,United States,United States,English,No,Full-Time
6a0c9710b0562e90776e8dd5,699a4a8f79aacc765320b689,APPROVED,Not Applicable,2026-05-19T17:06:23.092000Z,2026-05-19T17:37:33.744000Z,2026-05-19T17:37:34.200000Z,2026-05-19T17:38:34.153045Z,1871.0,C15DM49H,284,English,Yes,"No, I have no issues seeing colours",Woman (including Trans Female/Trans Woman),64,Female,Black,United States,United States,United States,English,No,Unemployed (and job seeking)
6a0c97179947b2e10b725246,61647de75314468d5cb57f93,APPROVED,Not Applicable,2026-05-19T17:00:31.174000Z,2026-05-19T17:19:23.457000Z,2026-05-19T17:19:23.936000Z,2026-05-19T17:20:23.893516Z,1133.0,C15DM49H,6333,English,Yes,"No, I have no issues seeing colours",Man (including Trans Male/Trans Man),27,Male,White,United States,United States,United States,English,No,Unemployed (and job seeking)
6a0c973332240d4592811f03,69f8afeae66475417b62c49f,APPROVED,Not Applicable,2026-05-19T17:03:15.551000Z,2026-05-19T17:30:47.408000Z,2026-05-19T17:30:47.841000Z,2026-05-19T17:31:47.801944Z,1652.0,C15DM49H,217,"English, Spanish",Yes,"No, I have no issues seeing colours",Woman (including Trans Female/Trans Woman),25,Female,White,United States,United States,United States,Spanish,No,Part-Time
6a0c9793d01d686ccba7c329,66d8790772c9e0e4ee96259c,APPROVED,Not Applicable,2026-05-19T17:02:15.368000Z,2026-05-19T17:21:41.472000Z,2026-05-19T17:21:42.058000Z,2026-05-19T17:22:41.983499Z,1167.0,C15DM49H,10514,English,Yes,"No, I have no issues seeing colours",Man (including Trans Male/Trans Man),46,Male,White,United States,United States,United States,English,No,Full-Time
6a0c97a32e12f585b4710465,664e1a71d20f44f2ffe39360,APPROVED,Not Applicable,2026-05-19T17:02:33.997000Z,2026-05-19T17:19:26.929000Z,2026-05-19T17:19:27.457000Z,2026-05-19T17:20:27.407019Z,1013.0,C15DM49H,9878,English,Yes,"No, I have no issues seeing colours",Man (including Trans Male/Trans Man),40,Male,White,United States,United States,United States,English,No,Full-Time
6a0c992cd60fa1da66caa2d6,617323e630f3fa36361cb35b,APPROVED,Not Applicable,2026-05-19T17:09:04.242000Z,2026-05-19T17:28:00.889000Z,2026-05-19T17:28:01.408000Z,2026-05-19T17:29:01.335927Z,1137.0,C15DM49H,11719,English,Yes,"No, I have no issues seeing colours",Woman (including Trans Female/Trans Woman),55,Female,White,United States,United States,United States,English,No,Full-Time
6a0c9ae73280964bc94b51bb,66c7454fd07985772fedfac6,APPROVED,Not Applicable,2026-05-19T17:16:49.352000Z,2026-05-19T17:35:51.665000Z,2026-05-19T17:35:52.172000Z,2026-05-19T17:36:52.117957Z,1143.0,C15DM49H,1732,English,Yes,"No, I have no issues seeing colours",Man (including Trans Male/Trans Man),41,Male,White,United States,United States,United States,English,No,Full-Time
6a0c9b78ba1b4fd731585625,6988e7a1355c472d0863c6fb,APPROVED,Not Applicable,2026-05-19T17:18:57.835000Z,2026-05-19T17:32:04.440000Z,2026-05-19T17:32:04.922000Z,2026-05-19T17:33:04.853818Z,787.0,C15DM49H,698,English,Yes,"No, I have no issues seeing colours",Woman (including Trans Female/Trans Woman),26,Prefer not to say,Mixed,United States,United States,United States,English,No,Other
6a0c9b9f79ca75b3e347a391,66cc4ba25cc59f1c17f1a2b4,APPROVED,Not Applicable,2026-05-19T17:19:32.134000Z,2026-05-19T17:27:21.991000Z,2026-05-19T17:27:22.480000Z,2026-05-19T17:28:22.434796Z,470.0,C15DM49H,3359,"English, Spanish",Yes,"No, I have no issues seeing colours",Man (including Trans Male/Trans Man),31,Male,Other,United States,United States,United States,English,Yes,Full-Time
6a0c9c394d8e3b710ecf284b,6990e011a29815eaf08e7c56,APPROVED,Not Applicable,2026-05-19T17:22:05.497000Z,2026-05-19T17:31:32.026000Z,2026-05-19T17:31:32.584000Z,2026-05-19T17:32:32.510899Z,567.0,C15DM49H,1123,English,Yes,"No, I have no issues seeing colours",Woman (including Trans Female/Trans Woman),44,Female,White,United States,United States,United States,English,No,"Not in paid work (e.g. homemaker', 'retired or disabled)"
6a0c9c3eba4b4906b7591578,69f1038d6d55c4a89afa0449,APPROVED,Not Applicable,2026-05-19T17:22:09.776000Z,2026-05-19T17:37:43.185000Z,2026-05-19T17:37:43.661000Z,2026-05-19T17:38:43.625690Z,934.0,C15DM49H,319,English,Yes,"No, I have no issues seeing colours",Woman (including Trans Female/Trans Woman),58,Female,White,United States,United States,United States,English,No,"Not in paid work (e.g. homemaker', 'retired or disabled)"
6a0c9da705e78ca61676ee3c,66cff35bdee873a6ca915b84,APPROVED,Not Applicable,2026-05-19T17:28:25.402000Z,2026-05-19T17:47:03.653000Z,2026-05-19T17:47:04.146000Z,2026-05-19T17:48:04.197992Z,1119.0,C15DM49H,378,English,Yes,"No, I have no issues seeing colours",Man (including Trans Male/Trans Man),31,Prefer not to say,White,United States,United States,United States,English,No,Part-Time
6a0c9e53e53455616f9bd7ab,5b287b1a8ecf3f000161bc22,APPROVED,Not Applicable,2026-05-19T17:31:35.582000Z,2026-05-19T17:48:40.071000Z,2026-05-19T17:48:40.508000Z,2026-05-19T17:49:40.481234Z,1025.0,C15DM49H,1715,English,Yes,"No, I have no issues seeing colours",Woman (including Trans Female/Trans Woman),29,Female,White,United States,United States,United States,English,No,Part-Time
6a0c9e96f2a377574553cf00,698314cfbc5b5149e7eff3cf,APPROVED,Not Applicable,2026-05-19T17:32:10.489000Z,2026-05-19T18:00:49.642000Z,2026-05-19T18:00:50.129000Z,2026-05-19T18:01:50.109192Z,1720.0,C15DM49H,1526,English,Yes,"No, I have no issues seeing colours",Woman (including Trans Female/Trans Woman),48,Female,White,United States,United States,United States,English,No,Unemployed (and job seeking)
6a0c9ee5ec5dd8cd44053f29,6985f4fbf0d138e1b1231702,APPROVED,Not Applicable,2026-05-19T17:33:27.711000Z,2026-05-19T17:42:00.904000Z,2026-05-19T17:42:01.381000Z,2026-05-19T17:43:01.311583Z,514.0,C15DM49H,2713,English,Yes,"No, I have no issues seeing colours",Woman (including Trans Female/Trans Woman),70,Female,White,United States,United States,United States,English,No,"Not in paid work (e.g. homemaker', 'retired or disabled)"
6a0c9eea86f36a42fa59ecce,6978dbe540efad1076e12cfc,APPROVED,Not Applicable,2026-05-19T17:33:39.204000Z,2026-05-19T17:45:06.310000Z,2026-05-19T17:45:06.979000Z,2026-05-19T17:46:07.404906Z,688.0,C15DM49H,746,English,Yes,"No, I have no issues seeing colours",Man (including Trans Male/Trans Man),30,Male,White,United States,United States,United States,English,No,Full-Time
6a0c9f80ec75d80bb256c2ea,6a04b2b78043f4510945c845,APPROVED,Not Applicable,2026-05-19T17:36:03.212000Z,2026-05-19T17:50:30.179000Z,2026-05-19T17:50:30.654000Z,2026-05-19T17:51:30.617360Z,867.0,C15DM49H,46,English,Yes,"No, I have no issues seeing colours",Man (including Trans Male/Trans Man),36,Male,White,United States,United States,United States,English,No,Full-Time
6a0c9f83568cada98c749944,69e8efb0a029bce2e8d572fb,APPROVED,Not Applicable,2026-05-19T17:36:19.110000Z,2026-05-19T17:55:49.346000Z,2026-05-19T17:55:49.823000Z,2026-05-19T17:56:49.779027Z,1171.0,C15DM49H,246,English,Yes,"No, I have no issues seeing colours",Woman (including Trans Female/Trans Woman),24,Female,White,United States,United States,United States,English,Yes,Part-Time
6a0c9fdf3896a1e1affa731f,6a012d3c523e7311f4e55f61,APPROVED,Not Applicable,2026-05-19T17:37:42.354000Z,2026-05-19T17:49:07.347000Z,2026-05-19T17:49:07.828000Z,2026-05-19T17:50:07.810414Z,685.0,C15DM49H,100,English,Yes,"No, I have no issues seeing colours",Woman (including Trans Female/Trans Woman),40,Female,White,United States,United States,United States,English,No,Unemployed (and job seeking)
6a0c9ff2730c26b716361a9a,69fcb7f539006f9b0013f443,APPROVED,Not Applicable,2026-05-19T17:39:15.252000Z,2026-05-19T17:48:25.583000Z,2026-05-19T17:48:26.041000Z,2026-05-19T17:49:26.005818Z,551.0,C15DM49H,150,English,Yes,"No, I have no issues seeing colours",Woman (including Trans Female/Trans Woman),34,Female,Prefer not to say,United States,United States,United States,English,No,Full-Time
6a0ca0ee3f2163a945b28089,69eaa08ad70ec4f59e9c1c7c,APPROVED,Not Applicable,2026-05-19T17:42:10.335000Z,2026-05-19T17:50:30.542000Z,2026-05-19T17:50:31.028000Z,2026-05-19T17:51:30.973088Z,501.0,C15DM49H,378,English,Yes,"No, I have no issues seeing colours",Man (including Trans Male/Trans Man),34,Male,White,United States,United States,United States,English,No,Unemployed (and job seeking)
6a0ca1b19b060ef98a8aac18,5d7fd2a5987f70001602d95b,APPROVED,Not Applicable,2026-05-19T17:45:25.401000Z,2026-05-19T18:06:46.654000Z,2026-05-19T18:06:47.117000Z,2026-05-19T18:07:47.083862Z,1282.0,C15DM49H,10309,"English, Khmer",Yes,"No, I have no issues seeing colours",Woman (including Trans Female/Trans Woman),50,Female,Asian,Philippines,United States,Cambodia,English,DATA_EXPIRED,Full-Time
6a0ca26ec3fb6ae863f56f7c,695f9f814c128ad2468d5424,APPROVED,Not Applicable,2026-05-19T17:48:33.977000Z,2026-05-19T17:58:03.404000Z,2026-05-19T17:58:03.912000Z,2026-05-19T17:59:03.860541Z,570.0,C15DM49H,1667,English,Yes,"No, I have no issues seeing colours",Man (including Trans Male/Trans Man),30,Male,White,United States,United States,United States,English,No,Unemployed (and job seeking)
6a0ca2782c29bcdb6effa425,66d1fdd400acfdbc181f41e0,APPROVED,Not Applicable,2026-05-19T17:48:45.089000Z,2026-05-19T18:06:08.172000Z,2026-05-19T18:06:08.729000Z,2026-05-19T18:07:08.696626Z,1044.0,C15DM49H,8782,English,Yes,"No, I have no issues seeing colours",Man (including Trans Male/Trans Man),51,Male,White,Canada,United States,Canada,English,No,Full-Time
6a0ca299dd3cf97802bb22fd,69f8c67fdad98407c468a214,APPROVED,Not Applicable,2026-05-19T17:50:07.079000Z,2026-05-19T18:11:01.487000Z,2026-05-19T18:11:01.995000Z,2026-05-19T18:12:01.910175Z,1255.0,C15DM49H,243,"English, Mandarin",Yes,"No, I have no issues seeing colours",Woman (including Trans Female/Trans Woman),31,Female,Asian,United States,United States,United States,English,No,Full-Time
6a0ca2eaecc2c51d98c0a0b2,691cce11dba0246ae096e537,APPROVED,Not Applicable,2026-05-19T17:50:38.391000Z,2026-05-19T17:58:36.496000Z,2026-05-19T17:58:38.047000Z,2026-05-19T17:59:36.870177Z,479.0,C15DM49H,984,English,Yes,"No, I have no issues seeing colours",Woman (including Trans Female/Trans Woman),45,Female,White,United States,United States,United States,English,No,Other
6a0ca2eca5e7a2e4ac1daf66,69f938d4d5bd55e66f88f331,APPROVED,Not Applicable,2026-05-19T17:51:21.773000Z,2026-05-19T18:10:14.394000Z,2026-05-19T18:10:14.881000Z,2026-05-19T18:11:14.804010Z,1133.0,C15DM49H,374,English,Yes,"No, I have no issues seeing colours",Woman (including Trans Female/Trans Woman),32,Female,White,United States,United States,United States,English,No,"Not in paid work (e.g. homemaker', 'retired or disabled)"
6a0ca3a7b8050a9a444a8f28,698651b5bbcfef723824cb98,APPROVED,Not Applicable,2026-05-19T17:53:53.852000Z,2026-05-19T18:15:58.870000Z,2026-05-19T18:15:59.346000Z,2026-05-19T18:16:59.272311Z,1326.0,C15DM49H,2349,English,Yes,"No, I have no issues seeing colours",Woman (including Trans Female/Trans Woman),30,Female,Asian,United States,United States,United States,English,No,Unemployed (and job seeking)
6a0ca42d2b458757287ae782,5fe18e1c8929f0c2a41e43d8,APPROVED,Not Applicable,2026-05-19T17:56:51.725000Z,2026-05-19T18:10:12.936000Z,2026-05-19T18:10:13.511000Z,2026-05-19T18:11:13.390750Z,802.0,C15DM49H,7227,English,Yes,"No, I have no issues seeing colours",Man (including Trans Male/Trans Man),30,Female,White,United States,United States,United States,English,No,Unemployed (and job seeking)
6a0ca4e071af979e3077bea8,69864995ddacce2029a50fe2,APPROVED,Not Applicable,2026-05-19T17:59:02.760000Z,2026-05-19T18:26:17.918000Z,2026-05-19T18:26:18.456000Z,2026-05-19T18:27:18.382790Z,1636.0,C15DM49H,1385,English,Yes,"No, I have no issues seeing colours",Man (including Trans Male/Trans Man),31,Male,White,United States,United States,United States,English,No,Unemployed (and job seeking)
6a0ca51f7f77dcae2cf7ec94,69a1f4802fe246872d56bd4d,APPROVED,Not Applicable,2026-05-19T18:06:14.730000Z,2026-05-19T18:34:59.146000Z,2026-05-19T18:34:59.659000Z,2026-05-19T18:35:59.603664Z,1725.0,C15DM49H,907,"English, Portuguese, Spanish, French, Italian",Yes,"No, I have no issues seeing colours",Man (including Trans Male/Trans Man),68,Male,White,Peru,United States,Peru,Spanish,No,Other
6a0ca5ad09d2ee34b6fc5bac,69fc9bcc3672f159cd038836,APPROVED,Not Applicable,2026-05-19T18:02:25.270000Z,2026-05-19T18:14:34.767000Z,2026-05-19T18:14:35.252000Z,2026-05-19T18:15:35.218654Z,730.0,C15DM49H,18,English,Yes,"No, I have no issues seeing colours",Man (including Trans Male/Trans Man),23,Male,White,United States,United States,United States,English,No,Unemployed (and job seeking)
6a0ca5b2ef9ea40f21f30587,69ff5e3d7ecc31474ad9b30a,APPROVED,Not Applicable,2026-05-19T18:02:31.783000Z,2026-05-19T18:15:47.540000Z,2026-05-19T18:15:48.055000Z,2026-05-19T18:16:47.964443Z,796.0,C15DM49H,21,English,Yes,"No, I have no issues seeing colours",Woman (including Trans Female/Trans Woman),28,Female,White,United States,United States,United States,English,Yes,Part-Time
6a0ca6bb3aa0c6d42f526704,67151a9102f79a93582370aa,APPROVED,Not Applicable,2026-05-19T18:07:03.518000Z,2026-05-19T18:18:00.719000Z,2026-05-19T18:18:01.224000Z,2026-05-19T18:19:01.150949Z,658.0,C15DM49H,2615,English,Yes,"No, I have no issues seeing colours",Man (including Trans Male/Trans Man),36,Male,White,United States,United States,United States,English,No,Part-Time
6a0ca7903bcde8d5b02ea1a4,69ba5932443ac65a12bbde7b,APPROVED,Not Applicable,2026-05-19T18:10:27.969000Z,2026-05-19T18:43:09.571000Z,2026-05-19T18:43:10.097000Z,2026-05-19T18:44:10.049337Z,1962.0,C15DM49H,643,English,Yes,"No, I have no issues seeing colours",Woman (including Trans Female/Trans Woman),46,Female,White,United States,United States,United States,English,No,Part-Time
6a0ca790c2a694b8dbcc4ac6,67870824e02758bc16fa96f3,APPROVED,Not Applicable,2026-05-19T18:10:28.277000Z,2026-05-19T18:27:50.735000Z,2026-05-19T18:27:51.194000Z,2026-05-19T18:28:51.157190Z,1043.0,C15DM49H,2439,"English, Spanish",Yes,"No, I have no issues seeing colours",Woman (including Trans Female/Trans Woman),50,Female,White,United States,United States,United States,English,No,Full-Time
6a0ca89b8bcadbdf199f5f30,678adaaa5d10296603b4b2d6,APPROVED,Not Applicable,2026-05-19T18:23:56.715000Z,2026-05-19T18:58:17.103000Z,2026-05-19T18:58:17.609000Z,2026-05-19T18:59:17.544116Z,2061.0,C15DM49H,4380,"French, English, Portuguese, Spanish, German, Dutch",Yes,"No, I have no issues seeing colours",Man (including Trans Male/Trans Man),35,Male,Other,Brazil,United States,Brazil,English,Yes,DATA_EXPIRED
6a0ca8dbd572d130ae319f57,6a07687bad5809e8867bdffb,APPROVED,Not Applicable,2026-05-19T18:15:57.620000Z,2026-05-19T18:26:58.322000Z,2026-05-19T18:26:58.786000Z,2026-05-19T18:27:58.724117Z,661.0,C15DM49H,11,English,Yes,"No, I have no issues seeing colours",Woman (including Trans Female/Trans Woman),37,Female,White,United States,United States,United States,English,No,"Not in paid work (e.g. homemaker', 'retired or disabled)"
6a0ca8e37c06f1d82ac90724,6a00b0ea81d260c6c90655e7,APPROVED,Not Applicable,2026-05-19T18:16:08.100000Z,2026-05-19T18:34:03.273000Z,2026-05-19T18:34:03.764000Z,2026-05-19T18:35:03.708081Z,1076.0,C15DM49H,27,English,Yes,"No, I have no issues seeing colours",Man (including Trans Male/Trans Man),38,Male,White,United States,United States,United States,English,No,Full-Time
6a0caa2ba257f46bc00032b6,69fd3ebf202c5ed4c763ca33,APPROVED,Not Applicable,2026-05-19T18:21:39.682000Z,2026-05-19T18:38:39.908000Z,2026-05-19T18:38:40.450000Z,2026-05-19T18:39:40.391376Z,1021.0,C15DM49H,185,English,Yes,"No, I have no issues seeing colours",Woman (including Trans Female/Trans Woman),53,Female,White,United States,United States,United States,English,No,Full-Time
6a0caa5687df98d8bffab87a,69dfd70b8c95f8b201c065a2,APPROVED,Not Applicable,2026-05-19T18:23:02.629000Z,2026-05-19T18:42:40.945000Z,2026-05-19T18:42:41.399000Z,2026-05-19T18:43:41.370126Z,1179.0,C15DM49H,562,English,Yes,"No, I have no issues seeing colours",Man (including Trans Male/Trans Man),36,Male,Black,Jamaica,United States,United States,English,No,Full-Time
6a0caa7c6ee1f51ee7b91140,6978d78491ea9e2fdea1c5f0,APPROVED,Not Applicable,2026-05-19T18:25:10.858000Z,2026-05-19T18:45:05.282000Z,2026-05-19T18:45:05.782000Z,2026-05-19T18:46:05.729030Z,1195.0,C15DM49H,502,English,Yes,"No, I have no issues seeing colours",Non-binary (would like to give more detail),35,Female,White,United States,United States,United States,English,Yes,Part-Time
6a0cab507963273eedd87448,69432f5eec27bf29567095f7,APPROVED,Not Applicable,2026-05-19T18:32:49.742000Z,2026-05-19T18:50:02.650000Z,2026-05-19T18:50:03.136000Z,2026-05-19T18:51:03.086950Z,1033.0,C15DM49H,2213,English,Yes,"No, I have no issues seeing colours",Man (including Trans Male/Trans Man),28,Male,White,United States,United States,United States,English,No,Part-Time
6a0cab7682a5c2ff58bc34a6,69d13492b28734cb526545f0,APPROVED,Not Applicable,2026-05-19T18:27:09.946000Z,2026-05-19T18:49:14.115000Z,2026-05-19T18:49:14.653000Z,2026-05-19T18:50:14.618951Z,1325.0,C15DM49H,912,"Spanish, English",Yes,"No, I have no issues seeing colours",Woman (including Trans Female/Trans Woman),30,Female,White,United States,United States,United States,English,No,Full-Time
6a0caba7d56c181dd46875fd,67ccf5aaec16501a9fec7097,APPROVED,Not Applicable,2026-05-19T18:28:08.555000Z,2026-05-19T18:57:34.180000Z,2026-05-19T19:46:34.762000Z,2026-05-19T19:47:34.698818Z,1766.0,C15DM49H,5617,English,Yes,"No, I have no issues seeing colours",Woman (including Trans Female/Trans Woman),32,Female,Black,United States,United States,United States,English,No,Full-Time
6a0cad5af1e263e2563a8f1d,6a07d95f9cfd61a15edd651a,APPROVED,Not Applicable,2026-05-19T18:35:11.708000Z,2026-05-19T18:53:27.583000Z,2026-05-19T18:53:28.039000Z,2026-05-19T18:54:27.988624Z,1096.0,C15DM49H,22,English,Yes,"No, I have no issues seeing colours",Woman (including Trans Female/Trans Woman),22,Female,Mixed,United States,United States,United States,English,No,Full-Time
6a0cad859770b027a04cf628,6a00c716309f89c3bd73cef4,APPROVED,Not Applicable,2026-05-19T18:35:53.067000Z,2026-05-19T18:44:00.964000Z,2026-05-19T18:44:01.464000Z,2026-05-19T18:45:01.416279Z,488.0,C15DM49H,174,"English, Korean",Yes,"No, I have no issues seeing colours",Man (including Trans Male/Trans Man),28,Male,Asian,United States,United States,United States,English,Yes,Full-Time
6a0cae3771dd8f1107afd2f3,6a0aa56ca5458649e4954ac9,APPROVED,Not Applicable,2026-05-19T18:38:50.040000Z,2026-05-19T18:54:20.552000Z,2026-05-19T18:54:21.037000Z,2026-05-19T18:55:20.962368Z,931.0,C15DM49H,3,"English, Spanish",Yes,"No, I have no issues seeing colours",Woman (including Trans Female/Trans Woman),27,Female,White,Mexico,United States,United States,Spanish,No,Full-Time
6a0caf3f00e937d29985957b,67c4d6db7736e277b8582936,APPROVED,Not Applicable,2026-05-19T18:43:42.192000Z,2026-05-19T19:11:20.669000Z,2026-05-19T19:11:21.126000Z,2026-05-19T19:12:21.097190Z,1659.0,C15DM49H,3718,English,Yes,"No, I have no issues seeing colours",Woman (including Trans Female/Trans Woman),66,Female,Black,United States,United States,United States,English,DATA_EXPIRED,DATA_EXPIRED
6a0caf7e870252e1e2a7d384,698556572fce81c545c8addf,APPROVED,Not Applicable,2026-05-19T18:44:17.312000Z,2026-05-19T18:52:26.228000Z,2026-05-19T18:52:26.738000Z,2026-05-19T18:53:26.634913Z,489.0,C15DM49H,362,English,Yes,"No, I have no issues seeing colours",Man (including Trans Male/Trans Man),24,Male,Black,United States,United States,United States,English,Yes,Unemployed (and job seeking)
6a0cafb2f595d4d87f00322c,56bd7bf3d4e2180005a86846,APPROVED,Not Applicable,2026-05-19T18:45:16.256000Z,2026-05-19T18:53:01.635000Z,2026-05-19T18:53:02.186000Z,2026-05-19T18:54:02.203029Z,466.0,C15DM49H,7666,English,Yes,"No, I have no issues seeing colours",Woman (including Trans Female/Trans Woman),41,Female,Black,United States,United States,United States,English,DATA_EXPIRED,DATA_EXPIRED
6a0cb0b71cf14b5e8598d140,69c33cb5b96585439e3eb0c7,APPROVED,Not Applicable,2026-05-19T18:49:34.181000Z,2026-05-19T19:05:40.385000Z,2026-05-19T19:05:40.880000Z,2026-05-19T19:06:40.833345Z,967.0,C15DM49H,886,English,Yes,"No, I have no issues seeing colours",Woman (including Trans Female/Trans Woman),41,Female,White,United States,United States,United States,English,No,Full-Time
6a0cb1382186a12de0af4957,6101f4093ed452ae3b6d5ab9,APPROVED,Not Applicable,2026-05-19T18:51:48.818000Z,2026-05-19T19:33:53.491000Z,2026-05-19T19:33:53.994000Z,2026-05-19T19:34:53.924642Z,2525.0,C15DM49H,3190,"English, Polish, Spanish",Yes,"No, I have no issues seeing colours",Woman (including Trans Female/Trans Woman),23,Female,White,United States,United States,Poland,Polish,DATA_EXPIRED,DATA_EXPIRED
6a0cb16be08deb80783d6043,66c0f464e0ff62798027b486,APPROVED,Not Applicable,2026-05-19T19:00:31.404000Z,2026-05-19T19:22:19.865000Z,2026-05-19T19:22:20.349000Z,2026-05-19T19:23:20.309640Z,1309.0,C15DM49H,9582,English,Yes,"No, I have no issues seeing colours",Man (including Trans Male/Trans Man),25,Male,Mixed,United States,United States,United States,English,Yes,Part-Time
6a0cb1aae7d0d360e066a1c7,69e1028bb898a54c3958fa4c,APPROVED,Not Applicable,2026-05-19T18:53:33.281000Z,2026-05-19T19:13:03.691000Z,2026-05-19T19:13:04.212000Z,2026-05-19T19:14:04.130034Z,1171.0,C15DM49H,410,"English, Vietnamese",Yes,"No, I have no issues seeing colours",Man (including Trans Male/Trans Man),29,Male,Asian,United States,United States,United States,Vietnamese,No,Full-Time
6a0cb1e28299f6c3daaa8db3,69f2365175809537a471ea61,APPROVED,Not Applicable,2026-05-19T18:54:44.397000Z,2026-05-19T19:19:35.981000Z,2026-05-19T19:19:36.547000Z,2026-05-19T19:20:36.494824Z,1492.0,C15DM49H,332,"English, Urdu, Spanish",Yes,"No, I have no issues seeing colours",Man (including Trans Male/Trans Man),20,Male,Other,United States,United States,United States,English,Yes,Unemployed (and job seeking)
6a0cb216cb53cdddc18228f2,69d7b5ca00b6964e4d0d996d,APPROVED,Not Applicable,2026-05-19T18:55:22.169000Z,2026-05-19T19:07:30.949000Z,2026-05-19T19:07:31.436000Z,2026-05-19T19:08:31.457158Z,729.0,C15DM49H,455,English,Yes,"No, I have no issues seeing colours",Man (including Trans Male/Trans Man),47,Male,Mixed,United States,United States,United States,English,No,Part-Time
6a0cb2cb1fae125967c2f58c,63fa812428f289c772131458,APPROVED,Not Applicable,2026-05-19T18:58:24.024000Z,2026-05-19T19:26:26.383000Z,2026-05-19T19:26:26.839000Z,2026-05-19T19:27:26.840726Z,1683.0,C15DM49H,6246,English,Yes,"No, I have no issues seeing colours",Woman (including Trans Female/Trans Woman),58,Female,White,United States,United States,United States,English,No,Full-Time
6a0cb5e00f3de0349a24c4ef,655f8b8f7ee2491a2184b5cc,APPROVED,Not Applicable,2026-05-19T19:11:34.418000Z,2026-05-19T19:32:21.545000Z,2026-05-19T19:32:22.046000Z,2026-05-19T19:33:21.975412Z,1248.0,C15DM49H,831,English,Yes,"No, I have no issues seeing colours",Woman (including Trans Female/Trans Woman),34,Female,Black,United States,United States,United States,English,No,Full-Time
6a0cb652c0e97f9bc8458eed,63e55da197c585d2bc031bbc,APPROVED,Not Applicable,2026-05-19T19:13:27.378000Z,2026-05-19T19:37:49.525000Z,2026-05-19T19:37:49.976000Z,2026-05-19T19:38:49.927278Z,1463.0,C15DM49H,1183,English,Yes,"No, I have no issues seeing colours",Woman (including Trans Female/Trans Woman),35,Female,Black,United States,United States,United States,English,No,"Not in paid work (e.g. homemaker', 'retired or disabled)"
6a0cb6c82801265913b0cab7,6a068ea1a202c2cdaaefd14b,APPROVED,Not Applicable,2026-05-19T19:15:30.974000Z,2026-05-19T19:43:56.416000Z,2026-05-19T19:43:56.888000Z,2026-05-19T19:44:56.822686Z,1706.0,C15DM49H,51,"English, Swahili",Yes,"No, I have no issues seeing colours",Man (including Trans Male/Trans Man),38,Male,Black,Kenya,United States,United States,English,Yes,Full-Time
6a0cb79ea54e36fce3f5b706,6983ce7787eb1aae8c4a2286,APPROVED,Not Applicable,2026-05-19T19:19:04.509000Z,2026-05-19T19:39:48.401000Z,2026-05-19T19:39:48.901000Z,2026-05-19T19:40:48.852519Z,1244.0,C15DM49H,624,"Chinese, German, English",Yes,"No, I have no issues seeing colours",Man (including Trans Male/Trans Man),30,Male,White,United States,United States,United States,English,No,Full-Time
6a0cb79fd67d3e94c2ebec90,6a0b754b42ede12f41543bd1,APPROVED,Not Applicable,2026-05-19T19:19:11.290000Z,2026-05-19T19:28:58.359000Z,2026-05-19T19:28:58.788000Z,2026-05-19T19:29:58.757659Z,588.0,C15DM49H,13,English,Yes,"No, I have no issues seeing colours",Woman (including Trans Female/Trans Woman),19,Female,White,United States,United States,United States,English,Yes,Other
6a0cb9d0a6dbb1290da67860,697a3c1a468362f3fe7a244b,APPROVED,Not Applicable,2026-05-19T19:28:23.052000Z,2026-05-19T20:20:20.184000Z,2026-05-19T20:20:20.707000Z,2026-05-19T20:21:20.658745Z,3118.0,C15DM49H,370,English,Yes,"No, I have no issues seeing colours",Woman (including Trans Female/Trans Woman),43,Female,White,United States,United States,United States,English,Yes,Full-Time
6a0cb9f200d8c714ad382ce6,698158ae43afcea4f821069c,APPROVED,Not Applicable,2026-05-19T19:28:54.230000Z,2026-05-19T19:54:07.188000Z,2026-05-19T19:54:07.645000Z,2026-05-19T19:55:07.604292Z,1513.0,C15DM49H,2298,English,Yes,"No, I have no issues seeing colours",Woman (including Trans Female/Trans Woman),52,Female,White,United States,United States,United States,English,No,Unemployed (and job seeking)
6a0cb9ff3f73a5aaf0596866,69fca484237ccf6839f55328,APPROVED,Not Applicable,2026-05-19T19:29:13.948000Z,2026-05-19T19:42:21.754000Z,2026-05-19T19:42:22.270000Z,2026-05-19T19:43:22.208448Z,788.0,C15DM49H,196,English,Yes,"No, I have no issues seeing colours",Man (including Trans Male/Trans Man),36,Male,White,United States,United States,United States,English,No,Part-Time
6a0cba3916594bac4ccbbd01,674f22af21d6a0d92c657422,APPROVED,Not Applicable,2026-05-19T19:30:05.819000Z,2026-05-19T19:43:12.938000Z,2026-05-19T19:43:13.402000Z,2026-05-19T19:44:13.382793Z,788.0,C15DM49H,4896,"English, German, Polish",Yes,"No, I have no issues seeing colours",Woman (including Trans Female/Trans Woman),56,Female,White,Poland,United States,United States,Polish,No,Full-Time
6a0cbacc08462571fcc207c3,6961675fb4d321d461120073,APPROVED,Not Applicable,2026-05-19T19:32:33.726000Z,2026-05-19T20:10:03.809000Z,2026-05-19T20:10:04.308000Z,2026-05-19T20:11:04.239496Z,2251.0,C15DM49H,522,"English, Swahili",Yes,"No, I have no issues seeing colours",Woman (including Trans Female/Trans Woman),38,Female,Black,Kenya,United States,Kenya,English,No,Part-Time
6a0cbb447af302ce78fdb058,69b51d47109584de0835b702,APPROVED,Not Applicable,2026-05-19T19:34:42.236000Z,2026-05-19T19:59:28.478000Z,2026-05-19T19:59:28.994000Z,2026-05-19T20:00:28.936617Z,1487.0,C15DM49H,785,English,Yes,"No, I have no issues seeing colours",Woman (including Trans Female/Trans Woman),36,Female,White,United States,United States,United States,English,No,Part-Time
6a0cbc164ec8ba5b1ea4115e,5ec06f59c4ceb1481f225bbd,APPROVED,Not Applicable,2026-05-19T19:40:51.617000Z,2026-05-19T19:57:44.752000Z,2026-05-19T19:57:45.219000Z,2026-05-19T19:58:45.175785Z,1014.0,C15DM49H,3250,"English, Spanish",Yes,"No, I have no issues seeing colours",Woman (including Trans Female/Trans Woman),24,Female,White,United States,United States,United States,English,No,Part-Time
6a0cbc850dc76d706e4d3016,665a0857a0c87db18a268c58,APPROVED,Not Applicable,2026-05-19T19:40:19.039000Z,2026-05-19T20:06:45.260000Z,2026-05-19T20:06:45.774000Z,2026-05-19T20:07:45.710466Z,1587.0,C15DM49H,1708,English,Yes,"No, I have no issues seeing colours",Woman (including Trans Female/Trans Woman),38,Female,White,United States,United States,United States,English,No,Unemployed (and job seeking)
6a0cbd2199e0675488eda3ff,69ab9f5664a6fa203675624e,APPROVED,Not Applicable,2026-05-19T19:42:32.787000Z,2026-05-19T19:50:56.434000Z,2026-05-19T19:50:57.063000Z,2026-05-19T19:51:56.907870Z,504.0,C15DM49H,1903,English,Yes,"No, I have no issues seeing colours",Man (including Trans Male/Trans Man),26,Male,White,United States,United States,United States,English,No,Full-Time
6a0cbd2898db8c5eef85b90f,69fe10232ca760ae950af0fc,APPROVED,Not Applicable,2026-05-19T19:42:53.832000Z,2026-05-19T20:13:37.284000Z,2026-05-19T20:13:37.770000Z,2026-05-19T20:14:37.701891Z,1844.0,C15DM49H,66,English,Yes,"No, I have no issues seeing colours",Woman (including Trans Female/Trans Woman),49,Female,White,United States,United States,United States,English,No,Part-Time
6a0cbd7fcb830093627bd65f,6a09ca9baf7f775c5271bd72,APPROVED,Not Applicable,2026-05-19T19:44:02.544000Z,2026-05-19T19:55:58.067000Z,2026-05-19T19:55:58.546000Z,2026-05-19T19:56:58.879346Z,716.0,C15DM49H,12,"English, Croatian",Yes,"No, I have no issues seeing colours",Man (including Trans Male/Trans Man),35,Male,White,Croatia,United States,United States,Croatian,Yes,Unemployed (and job seeking)
6a0cbe6a7ad8ee9cbcceb94d,69d5672cd0bb2daa0cec1734,APPROVED,Not Applicable,2026-05-19T19:47:59.199000Z,2026-05-19T20:02:15.120000Z,2026-05-19T20:02:15.653000Z,2026-05-19T20:03:15.593663Z,856.0,C15DM49H,81,English,Yes,"No, I have no issues seeing colours",Woman (including Trans Female/Trans Woman),23,Female,White,United States,United States,United States,English,No,"Not in paid work (e.g. homemaker', 'retired or disabled)"
6a0cc0b34c3bc488eea6d399,69f6cd09d51421c0b25da481,APPROVED,Not Applicable,2026-05-19T19:57:50.116000Z,2026-05-19T20:16:42.843000Z,2026-05-19T20:16:43.324000Z,2026-05-19T20:17:43.265458Z,1133.0,C15DM49H,19,"English, Vietnamese",Yes,"No, I have no issues seeing colours",Woman (including Trans Female/Trans Woman),20,Female,Asian,Vietnam,United States,United States,Vietnamese,Yes,Unemployed (and job seeking)
6a0cc1007b8875682f7571a6,652c22df0be0c1af87ceaf86,APPROVED,Not Applicable,2026-05-19T19:59:01.438000Z,2026-05-19T20:28:28.210000Z,2026-05-19T20:28:28.701000Z,2026-05-19T20:29:28.668126Z,1767.0,C15DM49H,1960,"English, Spanish",Yes,"No, I have no issues seeing colours",Woman (including Trans Female/Trans Woman),35,Female,Other,Colombia,United States,United States,English,DATA_EXPIRED,DATA_EXPIRED
6a0cc130458379a881270a3e,6a048b0a618cbb0342d14625,APPROVED,Not Applicable,2026-05-19T19:59:48.405000Z,2026-05-19T20:51:35.279000Z,2026-05-19T20:51:35.761000Z,2026-05-19T20:52:35.733021Z,3107.0,C15DM49H,12,"Korean, English",Yes,"No, I have no issues seeing colours",Man (including Trans Male/Trans Man),35,Male,Asian,Korea,United States,Korea,Korean,No,Due to start a new job within the next month
6a0cc1c8fc633986edc3859d,628deac8711dee5dbda650ae,APPROVED,Not Applicable,2026-05-19T20:02:23.421000Z,2026-05-19T20:15:59.302000Z,2026-05-19T20:15:59.761000Z,2026-05-19T20:16:59.702475Z,816.0,C15DM49H,6964,English,Yes,"No, I have no issues seeing colours",Man (including Trans Male/Trans Man),34,Male,White,United States,United States,United States,English,No,Full-Time
6a0cc293fd060dbd6bb46b2f,69e83c91e2420c0266697081,APPROVED,Not Applicable,2026-05-19T20:06:14.932000Z,2026-05-19T20:25:40.266000Z,2026-05-19T20:25:40.768000Z,2026-05-19T20:26:40.708734Z,1166.0,C15DM49H,107,English,Yes,"No, I have no issues seeing colours",Woman (including Trans Female/Trans Woman),28,Female,White,United States,United States,United States,English,Yes,Part-Time
6a0cc3110db97a4267cca46a,6672bf56d51710391ce2164d,APPROVED,Not Applicable,2026-05-19T20:07:45.658000Z,2026-05-19T20:28:11.897000Z,2026-05-19T20:28:12.405000Z,2026-05-19T20:29:12.344574Z,1227.0,C15DM49H,4283,"English, Hebrew",Yes,"No, I have no issues seeing colours",Man (including Trans Male/Trans Man),53,Male,White,United States,United States,United States,English,No,Other
6a0cc3c19b45246325a74f24,67e70a61f963fecfc78db7ab,APPROVED,Not Applicable,2026-05-19T20:11:31.885000Z,2026-05-19T20:41:34.824000Z,2026-05-19T20:41:35.330000Z,2026-05-19T20:42:35.316793Z,1803.0,C15DM49H,4844,English,Yes,"No, I have no issues seeing colours",Man (including Trans Male/Trans Man),55,Male,Asian,China,United States,United States,English,DATA_EXPIRED,DATA_EXPIRED
6a0cc4796b4435689cf9f16a,678c7dbb5dc35d491d791bce,APPROVED,Not Applicable,2026-05-19T20:13:48.592000Z,2026-05-19T20:24:27.927000Z,2026-05-19T20:24:28.421000Z,2026-05-19T20:25:28.343970Z,640.0,C15DM49H,2402,English,Yes,"No, I have no issues seeing colours",Man (including Trans Male/Trans Man),42,Male,White,United States,United States,United States,English,No,Full-Time
6a0cc5084cd31916c3cf30e5,62bb42e2f21cfdb280cc975f,APPROVED,Not Applicable,2026-05-19T20:16:20.456000Z,2026-05-19T20:30:26.735000Z,2026-05-19T20:30:27.198000Z,2026-05-19T20:31:27.165795Z,847.0,C15DM49H,9497,"English, Spanish",Yes,"No, I have no issues seeing colours",Woman (including Trans Female/Trans Woman),30,Female,Other,United States,United States,United States,English,Yes,Full-Time
6a0cc64199de37682b8b723d,6997ace35f7613bf9c48fa5d,APPROVED,Not Applicable,2026-05-19T20:21:26.155000Z,2026-05-19T20:53:40.522000Z,2026-05-19T20:53:41.043000Z,2026-05-19T20:54:41.007853Z,1935.0,C15DM49H,2351,English,Yes,"No, I have no issues seeing colours",Woman (including Trans Female/Trans Woman),32,Female,White,United States,United States,United States,English,No,Unemployed (and job seeking)
6a0cc71fbade83182188fc45,6997d6320e190bc9dbe9cdee,APPROVED,Not Applicable,2026-05-19T20:25:25.896000Z,2026-05-19T20:54:56.173000Z,2026-05-19T20:54:56.653000Z,2026-05-19T20:55:56.581162Z,1771.0,C15DM49H,842,English,Yes,"No, I have no issues seeing colours",Man (including Trans Male/Trans Man),63,Male,White,United States,United States,United States,English,No,"Not in paid work (e.g. homemaker', 'retired or disabled)"
6a0cc7f08d6199e1a24db7f2,66ab42bef7dd185ce15464eb,APPROVED,Not Applicable,2026-05-19T20:28:39.480000Z,2026-05-19T20:43:15.362000Z,2026-05-19T20:43:15.854000Z,2026-05-19T20:44:15.815233Z,876.0,C15DM49H,6587,"English, Chinese",Yes,"Yes, I'm colourblind",Man (including Trans Male/Trans Man),46,Male,Asian,Taiwan,United States,United States,Chinese,No,DATA_EXPIRED
6a0cc8769c5476cc5e17019e,665f5744f064b435b440a803,APPROVED,Not Applicable,2026-05-19T20:30:51.018000Z,2026-05-19T20:44:49.152000Z,2026-05-19T20:44:49.616000Z,2026-05-19T20:45:49.559746Z,839.0,C15DM49H,1100,English,Yes,"No, I have no issues seeing colours",Woman (including Trans Female/Trans Woman),22,Female,White,United States,United States,United States,English,Yes,Full-Time
6a0cc8ce9f234c6ba96a59e1,6a0910707b57c547ae145a77,APPROVED,Not Applicable,2026-05-19T20:33:09.639000Z,2026-05-19T20:54:12.473000Z,2026-05-19T20:54:13.042000Z,2026-05-19T20:55:12.996561Z,1263.0,C15DM49H,25,"Spanish, English",Yes,"No, I have no issues seeing colours",Woman (including Trans Female/Trans Woman),24,Female,White,United States,United States,United States,English,Yes,Part-Time
6a0ccbc29bac80cf896810f7,69fe17913afcbf224f7f1600,APPROVED,Not Applicable,2026-05-19T20:45:08.398000Z,2026-05-19T21:37:15.805000Z,2026-05-19T21:37:16.291000Z,2026-05-19T21:38:16.234250Z,3128.0,C15DM49H,91,English,Yes,"No, I have no issues seeing colours",Man (including Trans Male/Trans Man),47,Male,Asian,United States,United States,United States,English,No,Full-Time
6a0ccbdbdc44eb6129bc58ce,69e3d97f631f2d671134a3a7,APPROVED,Not Applicable,2026-05-19T20:47:45.386000Z,2026-05-19T20:58:08.390000Z,2026-05-19T20:58:08.852000Z,2026-05-19T20:59:08.814554Z,624.0,C15DM49H,606,"English, Hindi, Urdu, Spanish, Russian",Yes,"No, I have no issues seeing colours",Man (including Trans Male/Trans Man),48,Male,Asian,India,United States,United States,English,No,Full-Time
6a0ccbe89289ff3a3c4db7be,69c88b442f5656d52679abfa,APPROVED,Not Applicable,2026-05-19T20:45:34.473000Z,2026-05-19T21:11:06.801000Z,2026-05-19T21:11:07.336000Z,2026-05-19T21:12:07.234772Z,1533.0,C15DM49H,151,English,Yes,"No, I have no issues seeing colours",Man (including Trans Male/Trans Man),46,Male,White,United States,United States,United States,English,No,Full-Time
6a0ccc0f90e0ab3d16aaf5a1,6a03364e2d778ac888e1d18a,APPROVED,Not Applicable,2026-05-19T20:46:19.466000Z,2026-05-19T21:12:12.612000Z,2026-05-19T21:12:13.128000Z,2026-05-19T21:13:13.043928Z,1554.0,C15DM49H,25,English,Yes,"No, I have no issues seeing colours",Woman (including Trans Female/Trans Woman),33,Female,White,United States,United States,United States,English,No,Full-Time
6a0ccc2300d35b7ce936d842,66a02d45a7db35d93c9f6a81,APPROVED,Not Applicable,2026-05-19T20:46:43.037000Z,2026-05-19T21:01:38.721000Z,2026-05-19T21:01:39.217000Z,2026-05-19T21:02:39.181138Z,896.0,C15DM49H,8064,English,Yes,"No, I have no issues seeing colours",Man (including Trans Male/Trans Man),27,Male,White,United States,United States,United States,English,Yes,Full-Time
6a0ccc2ea1df63acf498d14d,69edb5b9c3b82c709c528040,APPROVED,Not Applicable,2026-05-19T20:46:41.968000Z,2026-05-19T21:35:57.385000Z,2026-05-19T21:35:58.039000Z,2026-05-19T21:36:57.981419Z,2956.0,C15DM49H,259,English,Yes,"No, I have no issues seeing colours",Woman (including Trans Female/Trans Woman),47,Female,White,United States,United States,United States,English,Yes,Part-Time
6a0cccca1201341a5a3afb8d,69f840cc6437d5102f72cf45,APPROVED,Not Applicable,2026-05-19T20:49:20.561000Z,2026-05-19T21:09:06.818000Z,2026-05-19T21:09:07.279000Z,2026-05-19T21:10:07.247861Z,1187.0,C15DM49H,17,English,Yes,"No, I have no issues seeing colours",Woman (including Trans Female/Trans Woman),43,Female,White,United States,United States,United States,English,No,Unemployed (and job seeking)
6a0ccdd9c16477b4935ccb0d,69ca683b57e346da149ea380,APPROVED,Not Applicable,2026-05-19T20:54:03.405000Z,2026-05-19T21:18:23.714000Z,2026-05-19T21:18:24.209000Z,2026-05-19T21:19:24.133004Z,1461.0,C15DM49H,251,"English, Swahili",Yes,"No, I have no issues seeing colours",Woman (including Trans Female/Trans Woman),38,Female,Black,Tanzania,United States,Tanzania,English,No,Part-Time
6a0ccdfd645ad99684297dd5,6a0c05f3354d70102d672095,APPROVED,Not Applicable,2026-05-19T20:54:24.362000Z,2026-05-19T21:10:12.742000Z,2026-05-19T21:10:13.226000Z,2026-05-19T21:11:13.173298Z,949.0,C15DM49H,6,English,Yes,"No, I have no issues seeing colours",Man (including Trans Male/Trans Man),28,Male,White,United States,United States,United States,English,No,Unemployed (and job seeking)
6a0cce239f8ef9d9b8a9eacf,69c55b66d8ade7f9bd6109d6,APPROVED,Not Applicable,2026-05-19T20:55:09.354000Z,2026-05-19T21:09:55.420000Z,2026-05-19T21:09:55.925000Z,2026-05-19T21:10:55.882894Z,887.0,C15DM49H,1627,English,Yes,"Yes, I'm colourblind",Man (including Trans Male/Trans Man),30,Male,Black,United States,United States,United States,English,No,Full-Time
6a0cd1af3cef4f11cc6ba3e5,6a049dd5db9fd0bf8a46eb06,APPROVED,Not Applicable,2026-05-19T21:10:20.851000Z,2026-05-19T21:31:36.305000Z,2026-05-19T21:31:36.759000Z,2026-05-19T21:32:36.698221Z,1276.0,C15DM49H,40,English,Yes,"No, I have no issues seeing colours",Man (including Trans Male/Trans Man),37,Male,White,United States,United States,United States,English,No,Unemployed (and job seeking)
6a0cd1ec15c7f2a28ad8e077,69864a705614c15728117b35,APPROVED,Not Applicable,2026-05-19T21:11:37.954000Z,2026-05-19T21:37:52.464000Z,2026-05-19T21:37:57.956000Z,2026-05-19T21:38:52.869186Z,1575.0,C15DM49H,255,English,Yes,"No, I have no issues seeing colours",Woman (including Trans Female/Trans Woman),30,Female,Black,United States,United States,United States,English,Yes,Part-Time
6a0cd2317cdea502935d9991,677c358117d1ac70048fd3c6,APPROVED,Not Applicable,2026-05-19T21:12:20.961000Z,2026-05-19T21:42:55.042000Z,2026-05-19T21:42:55.571000Z,2026-05-19T21:43:55.519816Z,1835.0,C15DM49H,6230,English,Yes,"No, I have no issues seeing colours",Man (including Trans Male/Trans Man),61,Male,White,Korea,United States,United States,English,No,Full-Time
6a0cd37393cf085aa6c6383d,699baa937df1c60f51a20ed8,APPROVED,Not Applicable,2026-05-19T21:17:46.581000Z,2026-05-19T21:40:13.050000Z,2026-05-19T21:40:13.524000Z,2026-05-19T21:41:13.480960Z,1347.0,C15DM49H,27,English,Yes,"No, I have no issues seeing colours",Man (including Trans Male/Trans Man),31,Male,White,United States,United States,United States,English,No,Part-Time
6a0cd4869b9128c37794f2ca,60fda57e0916dfe2157c9b00,APPROVED,Not Applicable,2026-05-19T21:22:17.703000Z,2026-05-19T21:37:22.346000Z,2026-05-19T21:37:22.853000Z,2026-05-19T21:38:22.784487Z,905.0,C15DM49H,13079,"English, Spanish, Russian",Yes,"No, I have no issues seeing colours",Woman (including Trans Female/Trans Woman),26,Female,White,United States,United States,United States,English,Yes,Full-Time
6a0cd4a68930dfd7aacf968f,6a0b6bb403f3271d126fa561,APPROVED,Not Applicable,2026-05-19T21:22:48.796000Z,2026-05-19T21:32:01.754000Z,2026-05-19T21:32:02.227000Z,2026-05-19T21:33:02.191717Z,553.0,C15DM49H,13,English,Yes,"No, I have no issues seeing colours",Woman (including Trans Female/Trans Woman),24,Female,White,United States,United States,United States,English,No,Full-Time
6a0cd4f0396d2524105a50f0,6a04a5a7e230bb73b88bd6e6,APPROVED,Not Applicable,2026-05-19T21:24:06.639000Z,2026-05-19T21:36:27.221000Z,2026-05-19T21:36:27.707000Z,2026-05-19T21:37:27.660811Z,741.0,C15DM49H,111,"English, Swahili",Yes,"No, I have no issues seeing colours",Woman (including Trans Female/Trans Woman),32,Female,Black,Kenya,United States,United States,English,No,Unemployed (and job seeking)
6a0cd574f5347b2cfdb9f28c,6a065fe664d80b7cbd2ac1d0,APPROVED,Not Applicable,2026-05-19T21:26:12.251000Z,2026-05-19T21:37:52.358000Z,2026-05-19T21:37:52.872000Z,2026-05-19T21:38:52.796725Z,701.0,C15DM49H,18,English,Yes,"No, I have no issues seeing colours",Woman (including Trans Female/Trans Woman),18,Female,Black,United States,United States,United States,English,Yes,Unemployed (and job seeking)
6a0cd647654a6e0f45a7ae76,6760eb1bd8f2c26a870800b6,APPROVED,Not Applicable,2026-05-19T21:30:13.158000Z,2026-05-19T21:54:55.614000Z,2026-05-19T21:54:56.072000Z,2026-05-19T21:55:56.025071Z,1483.0,C15DM49H,1067,English,Yes,"No, I have no issues seeing colours",Man (including Trans Male/Trans Man),51,Male,Black,United States,United States,United States,English,No,Full-Time
6a0cd6d37493704f5d2fd49b,69dabb1f973f13dad9f97f99,APPROVED,Not Applicable,2026-05-19T21:32:07.322000Z,2026-05-19T21:45:16.100000Z,2026-05-19T21:45:16.604000Z,2026-05-19T21:46:16.539350Z,789.0,C15DM49H,501,English,Yes,"No, I have no issues seeing colours",Woman (including Trans Female/Trans Woman),51,Female,White,United States,United States,United States,English,No,Other
6a0cd7d84eda65084a54c155,69d682214d848b2b51675b6d,APPROVED,Not Applicable,2026-05-19T21:36:27.182000Z,2026-05-19T21:44:20.890000Z,2026-05-19T21:44:21.381000Z,2026-05-19T21:45:21.288163Z,474.0,C15DM49H,412,"English, Punjabi",Yes,"No, I have no issues seeing colours",Man (including Trans Male/Trans Man),48,Male,Asian,United States,United States,India,English,No,Full-Time
6a0cd8130dbb98132b8d0adf,6a00a2e4a88496ca7335b00a,APPROVED,Not Applicable,2026-05-19T21:37:27.199000Z,2026-05-19T21:55:54.362000Z,2026-05-19T21:55:57.858000Z,2026-05-19T21:56:54.804329Z,1108.0,C15DM49H,20,English,Yes,"No, I have no issues seeing colours",Woman (including Trans Female/Trans Woman),27,Female,Mixed,United States,United States,United States,English,No,Full-Time
6a0cd82ea7b9a28ce4b4f32f,6a0b1f123021bc4847dd40ca,APPROVED,Not Applicable,2026-05-19T21:38:39.584000Z,2026-05-19T21:54:50.487000Z,2026-05-19T21:54:51Z,2026-05-19T21:55:50.926028Z,971.0,C15DM49H,17,English,Yes,"No, I have no issues seeing colours",Woman (including Trans Female/Trans Woman),25,Female,White,United States,United States,United States,English,Yes,Full-Time
6a0cd8329e1ddd3ab3eb18eb,69f632fea114f74fb9297d26,APPROVED,Not Applicable,2026-05-19T21:37:57.105000Z,2026-05-19T21:52:10.147000Z,2026-05-19T21:52:10.624000Z,2026-05-19T21:53:10.557287Z,854.0,C15DM49H,74,English,Yes,"No, I have no issues seeing colours",Woman (including Trans Female/Trans Woman),21,Female,White,United States,United States,United States,English,Yes,Unemployed (and job seeking)
6a0cd8c6fe7ef5965116f602,69d84b3a44cb243306f103e5,APPROVED,Not Applicable,2026-05-19T21:40:32.062000Z,2026-05-19T22:03:14.367000Z,2026-05-19T22:03:14.854000Z,2026-05-19T22:04:14.811194Z,1363.0,C15DM49H,145,"Spanish, English",Yes,"No, I have no issues seeing colours",Woman (including Trans Female/Trans Woman),45,Female,White,United States,United States,United States,English,No,Full-Time
6a0cd9640fa24166c3a69d3f,666a38c402882e9c592cafb0,APPROVED,Not Applicable,2026-05-19T21:43:00.932000Z,2026-05-19T22:07:05.543000Z,2026-05-19T22:07:06.040000Z,2026-05-19T22:08:05.957914Z,1445.0,C15DM49H,249,English,Yes,"No, I have no issues seeing colours",Woman (including Trans Female/Trans Woman),26,Female,Mixed,Philippines,United States,Philippines,English,No,Unemployed (and job seeking)
6a0cd9bbaffda120559aa5ba,69a820e8972e1518b6024151,APPROVED,Not Applicable,2026-05-19T21:44:37.134000Z,2026-05-19T22:00:30.821000Z,2026-05-19T22:00:31.298000Z,2026-05-19T22:01:31.307057Z,954.0,C15DM49H,1067,English,Yes,"No, I have no issues seeing colours",Man (including Trans Male/Trans Man),42,Male,White,United States,United States,United States,English,No,Unemployed (and job seeking)
6a0cda9b6d540785b3ff7828,69d5edd6bf50920ff5e86076,APPROVED,Not Applicable,2026-05-19T21:48:15.463000Z,2026-05-19T22:16:14.974000Z,2026-05-19T22:16:15.449000Z,2026-05-19T22:17:15.391381Z,1680.0,C15DM49H,210,English,Yes,"No, I have no issues seeing colours",Woman (including Trans Female/Trans Woman),23,Female,White,United States,United States,United States,English,Yes,Other
6a0cdb8f4df53629811c3be8,697cbcc9f858be8bc4ac7352,APPROVED,Not Applicable,2026-05-19T21:52:19.601000Z,2026-05-19T22:09:07.810000Z,2026-05-19T22:09:08.284000Z,2026-05-19T22:10:08.236175Z,1009.0,C15DM49H,64,English,Yes,"No, I have no issues seeing colours",Woman (including Trans Female/Trans Woman),28,Female,White,United States,United States,United States,English,No,Full-Time
6a0cdc8eede493801b4f555a,69cbebf9f29ebd850c6f8007,APPROVED,Not Applicable,2026-05-19T21:56:46.291000Z,2026-05-19T22:15:13.670000Z,2026-05-19T22:15:14.155000Z,2026-05-19T22:16:14.117901Z,1108.0,C15DM49H,618,"Italian, English",Yes,"No, I have no issues seeing colours",Woman (including Trans Female/Trans Woman),56,Female,White,Italy,United States,United States,Italian,No,Full-Time
6a0cdcba88a2fb60c9185f1e,69f266f971c235bb105ed277,APPROVED,Not Applicable,2026-05-19T21:57:22.541000Z,2026-05-19T22:17:45.475000Z,2026-05-19T22:17:45.951000Z,2026-05-19T22:18:45.886356Z,1223.0,C15DM49H,150,English,Yes,"Yes, I'm colourblind",Man (including Trans Male/Trans Man),34,Male,White,United States,United States,United States,English,No,Part-Time
6a0cdd2237c3ece0baebc51d,5dd1f583946f7c24ccfae358,APPROVED,Not Applicable,2026-05-19T21:59:04.527000Z,2026-05-19T22:26:41.877000Z,2026-05-19T22:26:42.400000Z,2026-05-19T22:27:42.323692Z,1658.0,C15DM49H,3300,English,Yes,"No, I have no issues seeing colours",Woman (including Trans Female/Trans Woman),33,Female,Black,United States,United States,United States,English,No,"Not in paid work (e.g. homemaker', 'retired or disabled)"
6a0cdd8667e221447981cbaf,69f01146c14819166bd0ebe8,APPROVED,Not Applicable,2026-05-19T22:00:41.857000Z,2026-05-19T22:11:33.997000Z,2026-05-19T22:11:34.486000Z,2026-05-19T22:12:34.436756Z,653.0,C15DM49H,166,English,Yes,"No, I have no issues seeing colours",Woman (including Trans Female/Trans Woman),32,Female,White,United States,United States,United States,English,No,Full-Time
6a0cde23e4bbc8b642765ec8,69fe59a2cc05aacf5c5fcba6,APPROVED,Not Applicable,2026-05-19T22:03:19.868000Z,2026-05-19T22:34:55.886000Z,2026-05-19T22:34:56.351000Z,2026-05-19T22:35:56.301317Z,1897.0,C15DM49H,125,English,Yes,"No, I have no issues seeing colours",Man (including Trans Male/Trans Man),36,Male,White,United States,United States,United States,English,No,Full-Time
6a0cdf8a86069321f9c63801,6a0494651129b830f3455094,APPROVED,Not Applicable,2026-05-19T22:09:19.017000Z,2026-05-19T22:44:32.191000Z,2026-05-19T22:44:32.669000Z,2026-05-19T22:45:32.627120Z,2114.0,C15DM49H,90,English,Yes,"No, I have no issues seeing colours",Non-binary (would like to give more detail),36,Male,White,United States,United States,United States,English,No,"Not in paid work (e.g. homemaker', 'retired or disabled)"
6a0ce0e6d73d5601f260361e,69b72d785c20e3f3bfcae82f,APPROVED,Not Applicable,2026-05-19T22:21:19.766000Z,2026-05-19T22:50:14.230000Z,2026-05-19T22:50:14.663000Z,2026-05-19T22:51:14.623717Z,1735.0,C15DM49H,248,English,Yes,"No, I have no issues seeing colours",Man (including Trans Male/Trans Man),35,Male,Asian,United States,United States,United States,English,Yes,Full-Time
6a0ce1024d5436f1d8f5b6da,6704aaad38d6cca3e2221270,APPROVED,Not Applicable,2026-05-19T22:15:33.740000Z,2026-05-19T22:34:38.038000Z,2026-05-19T22:34:38.523000Z,2026-05-19T22:35:38.453884Z,1145.0,C15DM49H,2093,English,Yes,"No, I have no issues seeing colours",Woman (including Trans Female/Trans Woman),25,Female,Black,United States,United States,United States,English,No,Unemployed (and job seeking)
6a0ce13038565a3e5107c801,69f5f249e367743b60390700,APPROVED,Not Applicable,2026-05-19T22:16:22.944000Z,2026-05-19T22:32:58.988000Z,2026-05-19T22:32:59.467000Z,2026-05-19T22:33:59.437398Z,997.0,C15DM49H,257,English,Yes,"No, I have no issues seeing colours",Man (including Trans Male/Trans Man),22,Male,Black,United States,United States,United States,English,Yes,Full-Time
6a0ce18c585cb1e1be88e971,664e835c732628231a08fff5,APPROVED,Not Applicable,2026-05-19T22:25:15.605000Z,2026-05-19T23:09:25.579000Z,2026-05-19T23:09:26.663000Z,2026-05-19T23:10:26.613400Z,2650.0,C15DM49H,2134,English,Yes,"No, I have no issues seeing colours",Woman (including Trans Female/Trans Woman),31,Female,White,United States,United States,United States,English,No,Full-Time
6a0ce1aea006a053bc2d7eec,69a9bdaf2a946f1de7c6eca1,AWAITING REVIEW,Not Applicable,2026-05-19T22:18:28.586000Z,2026-05-19T22:34:21.519000Z,,2026-05-19T22:34:21.863245Z,953.0,NOCODE,45,English,Yes,"No, I have no issues seeing colours",Man (including Trans Male/Trans Man),68,Male,White,United States,United States,United States,English,No,Unemployed (and job seeking)
6a0ce2c13ed49d93f8ec0549,69fe9e67a20599144f688b50,APPROVED,Not Applicable,2026-05-19T22:23:05.921000Z,2026-05-19T22:36:37.925000Z,2026-05-19T22:36:38.377000Z,2026-05-19T22:37:38.322169Z,813.0,C15DM49H,209,English,Yes,"No, I have no issues seeing colours",Woman (including Trans Female/Trans Woman),34,Female,White,United States,United States,United States,English,No,Full-Time
6a0ce3af3c00e73335253a5a,5b735a4c3503c60001a891b7,APPROVED,Not Applicable,2026-05-19T22:29:46.644000Z,2026-05-19T22:56:29.733000Z,2026-05-19T22:56:30.187000Z,2026-05-19T22:57:30.144102Z,1604.0,C15DM49H,6375,English,Yes,"No, I have no issues seeing colours",Woman (including Trans Female/Trans Woman),31,Female,White,United States,United States,United States,English,No,Part-Time
6a0ce575dc1f6be42211e290,695f92bad900ff02f001fd06,APPROVED,Not Applicable,2026-05-19T22:34:39.659000Z,2026-05-19T22:49:30.603000Z,2026-05-19T22:49:31.037000Z,2026-05-19T22:50:30.991376Z,891.0,C15DM49H,126,English,Yes,"No, I have no issues seeing colours",Man (including Trans Male/Trans Man),33,Male,Other,United States,United States,United States,English,No,Full-Time
6a0ce5bf1a181b169deb1927,6941ad1c7e8b932ff5e7e7ee,APPROVED,Not Applicable,2026-05-19T22:36:02.137000Z,2026-05-19T22:59:09.291000Z,2026-05-19T22:59:09.756000Z,2026-05-19T23:00:09.718635Z,1388.0,C15DM49H,1740,English,Yes,"No, I have no issues seeing colours",Woman (including Trans Female/Trans Woman),48,Female,White,United States,United States,United States,English,No,Full-Time
6a0ce5fa18ccd04d9a31e06e,69b1ecdf7a7b83546dff9a7d,AWAITING REVIEW,Not Applicable,2026-05-19T22:36:51.141000Z,2026-05-19T23:02:14.257000Z,,2026-05-19T23:02:14.605176Z,1524.0,C13V26VD,96,English,Yes,"No, I have no issues seeing colours",Woman (including Trans Female/Trans Woman),36,Female,White,United States,United States,United States,English,No,Other
6a0ce7353d03f824bcd1063e,69fe89c667d2daf3d480d753,APPROVED,Not Applicable,2026-05-19T22:42:15.829000Z,2026-05-19T23:13:06.722000Z,2026-05-19T23:13:07.210000Z,2026-05-19T23:14:07.158591Z,1851.0,C15DM49H,351,English,Yes,"Yes, I'm colourblind",Man (including Trans Male/Trans Man),36,Male,Asian,Korea,United States,United States,English,No,Full-Time
6a0ce8fd2bea2855ef56016a,6781163e42dd9b1176a29412,APPROVED,Not Applicable,2026-05-19T22:49:47.970000Z,2026-05-19T23:08:18.263000Z,2026-05-19T23:08:18.764000Z,2026-05-19T23:09:18.692280Z,1111.0,C15DM49H,3643,"English, Spanish, Vietnamese",Yes,"No, I have no issues seeing colours",Man (including Trans Male/Trans Man),20,Male,Asian,Vietnam,United States,United States,English,DATA_EXPIRED,DATA_EXPIRED
6a0ce93a3238d0105bafd2fb,627a65a2439f59544115d476,APPROVED,Not Applicable,2026-05-19T22:50:40.274000Z,2026-05-19T23:04:37.722000Z,2026-05-19T23:04:38.206000Z,2026-05-19T23:05:38.167812Z,838.0,C15DM49H,12530,English,Yes,"No, I have no issues seeing colours",Woman (including Trans Female/Trans Woman),31,Female,White,United States,United States,United States,English,No,Full-Time
6a0ce93e79b560179449e6c1,58d165dff7a08b000176c54c,APPROVED,Not Applicable,2026-05-19T22:50:44.687000Z,2026-05-19T23:09:40.761000Z,2026-05-19T23:09:41.202000Z,2026-05-19T23:10:41.158967Z,1137.0,C15DM49H,2902,English,Yes,"No, I have no issues seeing colours",Woman (including Trans Female/Trans Woman),30,Female,Black,United States,United States,United States,English,DATA_EXPIRED,DATA_EXPIRED
6a0ceb45e645867f4fec49b0,5f1cfb978d05fc1a2baf7b58,APPROVED,Not Applicable,2026-05-19T22:59:20.248000Z,2026-05-19T23:09:42.093000Z,2026-05-19T23:09:42.545000Z,2026-05-19T23:10:42.514312Z,622.0,C15DM49H,3273,English,Yes,"No, I have no issues seeing colours",Man (including Trans Male/Trans Man),24,Male,Other,Puerto Rico,United States,United States,Spanish,Yes,Part-Time
6a0ceb9f2b85acc27bee8bf3,5e556536e1cbcd56c3a50342,APPROVED,Not Applicable,2026-05-19T23:00:52.455000Z,2026-05-19T23:14:01.595000Z,2026-05-19T23:14:02.057000Z,2026-05-19T23:15:02.019405Z,790.0,C15DM49H,3637,English,Yes,"No, I have no issues seeing colours",Woman (including Trans Female/Trans Woman),45,Female,White,United States,United States,United States,English,No,Part-Time
6a0cebf7de5d87dd74eda400,67bdede0d97a75bbf02362eb,APPROVED,Not Applicable,2026-05-19T23:02:18.746000Z,2026-05-19T23:31:34.718000Z,2026-05-19T23:31:35.168000Z,2026-05-19T23:32:35.177771Z,1756.0,C15DM49H,1203,English,Yes,"No, I have no issues seeing colours",Woman (including Trans Female/Trans Woman),56,Female,White,United States,United States,United States,English,No,Unemployed (and job seeking)
6a0cec5fa8436bf9646966c7,6615aed03fed011950173323,APPROVED,Not Applicable,2026-05-19T23:04:02.912000Z,2026-05-19T23:28:26.711000Z,2026-05-19T23:28:27.175000Z,2026-05-19T23:29:27.141576Z,1464.0,C15DM49H,2119,English,Yes,"No, I have no issues seeing colours",Man (including Trans Male/Trans Man),47,Male,Black,United States,United States,United States,English,No,Unemployed (and job seeking)
6a0cec873e4191709211e9b7,69d204d9dc582122c1aa495c,APPROVED,Not Applicable,2026-05-19T23:04:45.720000Z,2026-05-19T23:19:34.979000Z,2026-05-19T23:19:38.218000Z,2026-05-19T23:20:35.434788Z,890.0,C15DM49H,996,"Amharic, English",Yes,"No, I have no issues seeing colours",Man (including Trans Male/Trans Man),39,Male,Black,Eritrea,United States,United States,Tigrinya,No,Full-Time
6a0cedcf656120aeb819d637,6724e0678e7657376f6789c7,APPROVED,Not Applicable,2026-05-19T23:11:08.271000Z,2026-05-19T23:25:34.834000Z,2026-05-19T23:25:35.341000Z,2026-05-19T23:26:35.276091Z,867.0,C15DM49H,1044,English,Yes,"No, I have no issues seeing colours",Man (including Trans Male/Trans Man),39,Male,White,United States,United States,United States,English,No,Full-Time
6a0cee8ae5274568d31d728a,663d34a55f2f0ef2df6475d8,APPROVED,Not Applicable,2026-05-19T23:13:18.081000Z,2026-05-19T23:37:34.947000Z,2026-05-19T23:37:35.391000Z,2026-05-19T23:38:35.345815Z,1457.0,C15DM49H,1825,"English, Spanish",Yes,"No, I have no issues seeing colours",Woman (including Trans Female/Trans Woman),41,Female,Mixed,United States,United States,United States,English,No,Full-Time
6a0cee8d4a96c8f7f6d16540,671d553e0d035028da7d29a1,APPROVED,Not Applicable,2026-05-19T23:17:45.722000Z,2026-05-19T23:58:00.097000Z,2026-05-19T23:58:00.567000Z,2026-05-19T23:59:00.532022Z,2415.0,C15DM49H,6361,English,Yes,"No, I have no issues seeing colours",Woman (including Trans Female/Trans Woman),35,Female,Mixed,United States,United States,United States,English,No,Full-Time
6a0ceeba312b75b39a2c51b0,6a0ac1c469f78cb7324e2587,APPROVED,Not Applicable,2026-05-19T23:14:12.079000Z,2026-05-19T23:40:45.965000Z,2026-05-19T23:40:46.435000Z,2026-05-19T23:41:46.392111Z,1594.0,C15DM49H,3,"English, Japanese",Yes,"No, I have no issues seeing colours",Man (including Trans Male/Trans Man),32,Male,White,United States,United States,United States,English,No,Full-Time
6a0cefac3a0bf6d5c8901852,6a0a786c91bcc0c586f461b8,APPROVED,Not Applicable,2026-05-19T23:18:08.061000Z,2026-05-19T23:39:37.463000Z,2026-05-19T23:39:37.895000Z,2026-05-19T23:40:37.877780Z,1290.0,C15DM49H,8,English,Yes,"No, I have no issues seeing colours",Woman (including Trans Female/Trans Woman),29,Female,White,United States,United States,United States,English,Yes,Part-Time
6a0cf089f28574a94b2e28c6,6a075c97f74183d5db618583,APPROVED,Not Applicable,2026-05-19T23:21:48.413000Z,2026-05-19T23:58:02.216000Z,2026-05-19T23:58:02.657000Z,2026-05-19T23:59:02.650272Z,2174.0,C15DM49H,57,"Spanish, English",Yes,"No, I have no issues seeing colours",Woman (including Trans Female/Trans Woman),28,Female,Other,United States,United States,United States,Spanish,No,Full-Time
6a0cf107687ebf13def5b708,69d5268ebb337f58e3988493,APPROVED,Not Applicable,2026-05-19T23:23:57.358000Z,2026-05-19T23:38:48.719000Z,2026-05-19T23:38:49.191000Z,2026-05-19T23:39:49.145695Z,892.0,C15DM49H,267,"English, Spanish",Yes,"No, I have no issues seeing colours",Woman (including Trans Female/Trans Woman),33,Female,White,Mexico,United States,Mexico,Spanish,Yes,Unemployed (and job seeking)
6a0cf1d680bc0be8fbb33524,67508fdb923229a00abf2aa7,APPROVED,Not Applicable,2026-05-19T23:27:25.855000Z,2026-05-19T23:40:36.712000Z,2026-05-19T23:40:37.168000Z,2026-05-19T23:41:37.137764Z,791.0,C15DM49H,7609,English,Yes,"No, I have no issues seeing colours",Man (including Trans Male/Trans Man),59,Male,White,United States,United States,United States,English,No,Full-Time
6a0cf23ed6905b034a6b3da0,6a0b755a88b3aa117275120b,APPROVED,Not Applicable,2026-05-19T23:29:35.077000Z,2026-05-20T00:12:06.081000Z,2026-05-20T00:12:06.597000Z,2026-05-20T00:13:06.548517Z,2552.0,C15DM49H,12,English,Yes,"No, I have no issues seeing colours",Man (including Trans Male/Trans Man),36,Male,Black,United States,United States,United States,English,No,Due to start a new job within the next month
6a0cf44aaf3a1992e646848e,69e647c7080a3a3f5c87ca21,APPROVED,Not Applicable,2026-05-19T23:37:55.487000Z,2026-05-19T23:51:06.822000Z,2026-05-19T23:51:07.276000Z,2026-05-19T23:52:07.248850Z,792.0,C15DM49H,551,English,Yes,"No, I have no issues seeing colours",Woman (including Trans Female/Trans Woman),29,Female,White,United States,United States,United States,English,No,"Not in paid work (e.g. homemaker', 'retired or disabled)"
6a0cf4726b038fc64c41343f,69da791d468dc1fef00dac00,APPROVED,Not Applicable,2026-05-19T23:38:36.367000Z,2026-05-20T00:21:59.876000Z,2026-05-20T00:22:00.488000Z,2026-05-20T00:23:00.421344Z,2604.0,C15DM49H,323,English,Yes,"No, I have no issues seeing colours",Woman (including Trans Female/Trans Woman),49,Female,White,United States,United States,United States,English,No,Full-Time
6a0cf4919b32f342eee83cf5,664a7e1665f30b00d2685ba3,APPROVED,Not Applicable,2026-05-19T23:39:07.332000Z,2026-05-20T00:03:07.548000Z,2026-05-20T00:03:08.049000Z,2026-05-20T00:04:08.003260Z,1441.0,C15DM49H,794,English,Yes,"No, I have no issues seeing colours",Woman (including Trans Female/Trans Woman),59,Female,White,United States,United States,United States,English,No,"Not in paid work (e.g. homemaker', 'retired or disabled)"
6a0cf5c1c4ecf732fb6221a6,69f141fa88e27e29d4677eda,APPROVED,Not Applicable,2026-05-19T23:44:05.821000Z,2026-05-19T23:52:31.598000Z,2026-05-19T23:52:32.100000Z,2026-05-19T23:53:32.016367Z,506.0,C15DM49H,81,English,Yes,"No, I have no issues seeing colours",Man (including Trans Male/Trans Man),32,Male,Asian,United States,United States,United States,English,No,Full-Time
6a0cf66bd8cf67398c08c738,6a09ed28e46b23c32ad77c20,APPROVED,Not Applicable,2026-05-19T23:47:45.772000Z,2026-05-20T00:00:38.479000Z,2026-05-20T00:00:38.925000Z,2026-05-20T00:01:39.052038Z,773.0,C15DM49H,26,English,Yes,"No, I have no issues seeing colours",Woman (including Trans Female/Trans Woman),24,Female,White,United States,United States,United States,English,No,"Not in paid work (e.g. homemaker', 'retired or disabled)"
6a0cf6bc827ca9ed0c601b32,5d54683b3e80200018bbf5ec,APPROVED,Not Applicable,2026-05-19T23:48:19.418000Z,2026-05-20T00:00:31.763000Z,2026-05-20T00:00:32.304000Z,2026-05-20T00:01:32.663481Z,733.0,C15DM49H,1147,English,Yes,"No, I have no issues seeing colours",Man (including Trans Male/Trans Man),33,Male,Asian,United States,United States,United States,Vietnamese,No,"Not in paid work (e.g. homemaker', 'retired or disabled)"
6a0cf776e6f9582d0152671d,69e81c78fc516b45c69fd217,APPROVED,Not Applicable,2026-05-19T23:52:01.980000Z,2026-05-20T00:24:26.681000Z,2026-05-20T00:24:27.138000Z,2026-05-20T00:25:27.099996Z,1945.0,C15DM49H,398,English,Yes,"No, I have no issues seeing colours",Woman (including Trans Female/Trans Woman),37,Female,Black,United States,United States,United States,English,No,Part-Time
6a0cf7c62b5e4a1ec81a2b98,69a0e29f0bef8a6fcdc99094,APPROVED,Not Applicable,2026-05-19T23:52:47.849000Z,2026-05-20T00:07:24.091000Z,2026-05-20T00:07:24.563000Z,2026-05-20T00:08:24.494095Z,877.0,C15DM49H,1044,English,Yes,"No, I have no issues seeing colours",Woman (including Trans Female/Trans Woman),57,Female,White,United States,United States,United States,English,No,Other
6a0cf7dc4aad1cc4e626dee9,5acc2d21436f550001003111,APPROVED,Not Applicable,2026-05-19T23:53:12.799000Z,2026-05-20T00:13:19.553000Z,2026-05-20T00:13:20.044000Z,2026-05-20T00:14:19.995911Z,1207.0,C15DM49H,4787,English,Yes,"No, I have no issues seeing colours",Man (including Trans Male/Trans Man),35,Male,Black,United States,United States,United States,English,No,Full-Time
6a0cf848868b8ae66858a700,69cda385d1b88e624f0a031e,APPROVED,Not Applicable,2026-05-19T23:55:05.879000Z,2026-05-20T00:36:31.351000Z,2026-05-20T00:36:31.832000Z,2026-05-20T00:37:31.817711Z,2486.0,C15DM49H,94,"English, Mandarin, Cantonese",Yes,"No, I have no issues seeing colours",Woman (including Trans Female/Trans Woman),58,Female,Asian,China,United States,China,Chinese,No,Part-Time
6a0dbd1b71520eae212febdd,66463e4efb99fba5a67a010a,APPROVED,Not Applicable,2026-05-20T13:54:39.515000Z,2026-05-20T14:05:42.452000Z,2026-05-20T14:05:43.053000Z,2026-05-20T14:06:43.057711Z,663.0,C15DM49H,9599,English,Yes,"No, I have no issues seeing colours",Man (including Trans Male/Trans Man),32,Male,Black,United States,United States,United States,English,Yes,Full-Time
6a0dbd1e0fda0c15acb31737,5f3d6975ef131710ed519c7a,APPROVED,Not Applicable,2026-05-20T13:54:43.463000Z,2026-05-20T14:04:21.650000Z,2026-05-20T14:04:22.125000Z,2026-05-20T14:05:22.052162Z,579.0,C15DM49H,10878,English,Yes,"No, I have no issues seeing colours",Man (including Trans Male/Trans Man),37,Male,Mixed,United States,United States,United States,English,No,Full-Time
6a0dbde3af54587082478585,5f2042752276432e3a7ef104,APPROVED,Not Applicable,2026-05-20T13:57:59.526000Z,2026-05-20T14:16:19.116000Z,2026-05-20T14:16:19.564000Z,2026-05-20T14:17:19.503745Z,1100.0,C15DM49H,8412,English,Yes,"No, I have no issues seeing colours",Woman (including Trans Female/Trans Woman),44,Female,White,United States,United States,United States,English,DATA_EXPIRED,DATA_EXPIRED
6a0dbdecc3432b412dbb1422,6a0263cfb9fa22917a46f9c9,APPROVED,Not Applicable,2026-05-20T13:58:09.409000Z,2026-05-20T14:15:12.429000Z,2026-05-20T14:15:12.888000Z,2026-05-20T14:16:12.845911Z,1024.0,C15DM49H,38,English,Yes,"No, I have no issues seeing colours",Woman (including Trans Female/Trans Woman),28,Female,White,United States,United States,United States,English,No,Full-Time
6a0dc1a4da6732fa131ecedc,63f0e61bbeb61d5ced623832,APPROVED,Not Applicable,2026-05-20T14:14:11.925000Z,2026-05-20T14:25:26.408000Z,2026-05-20T14:25:26.877000Z,2026-05-20T14:26:26.819624Z,675.0,C15DM49H,7135,English,Yes,"No, I have no issues seeing colours",Woman (including Trans Female/Trans Woman),53,Female,White,United States,United States,United States,English,No,Full-Time
6a0dc26ef25296b97f43e482,612b86da38f96808af7bb1da,APPROVED,Not Applicable,2026-05-20T14:17:23.510000Z,2026-05-20T14:26:22.456000Z,2026-05-20T14:26:22.933000Z,2026-05-20T14:27:22.909092Z,539.0,C15DM49H,10833,English,Yes,"No, I have no issues seeing colours",Woman (including Trans Female/Trans Woman),62,Female,White,United States,United States,United States,English,DATA_EXPIRED,DATA_EXPIRED
69fca373c6426bbecd5ba261,5cde02d000d670000184ea3b,RETURNED,Not Applicable,2026-05-07T14:36:41.821000Z,,,,,,1963,CONSENT_REVOKED,CONSENT_REVOKED,CONSENT_REVOKED,CONSENT_REVOKED,CONSENT_REVOKED,CONSENT_REVOKED,CONSENT_REVOKED,CONSENT_REVOKED,CONSENT_REVOKED,CONSENT_REVOKED,CONSENT_REVOKED,CONSENT_REVOKED,CONSENT_REVOKED
69fca376f2c39795f1a5919f,69c058878cf06a39b7e34b0a,RETURNED,Not Applicable,2026-05-07T14:36:43.895000Z,,,,,,1467,CONSENT_REVOKED,CONSENT_REVOKED,CONSENT_REVOKED,CONSENT_REVOKED,CONSENT_REVOKED,CONSENT_REVOKED,CONSENT_REVOKED,CONSENT_REVOKED,CONSENT_REVOKED,CONSENT_REVOKED,CONSENT_REVOKED,CONSENT_REVOKED,CONSENT_REVOKED
69fca41727772a387637578d,654a62f953451c822affeb29,RETURNED,Not Applicable,2026-05-07T14:41:56.774000Z,,,,,,1720,CONSENT_REVOKED,CONSENT_REVOKED,CONSENT_REVOKED,CONSENT_REVOKED,CONSENT_REVOKED,CONSENT_REVOKED,CONSENT_REVOKED,CONSENT_REVOKED,CONSENT_REVOKED,CONSENT_REVOKED,CONSENT_REVOKED,CONSENT_REVOKED,CONSENT_REVOKED
69fca46c9b4964927d7fbeca,69b95621ce80037170e7aad2,RETURNED,Not Applicable,2026-05-07T14:40:53.885000Z,,,,,,750,CONSENT_REVOKED,CONSENT_REVOKED,CONSENT_REVOKED,CONSENT_REVOKED,CONSENT_REVOKED,CONSENT_REVOKED,CONSENT_REVOKED,CONSENT_REVOKED,CONSENT_REVOKED,CONSENT_REVOKED,CONSENT_REVOKED,CONSENT_REVOKED,CONSENT_REVOKED
69fca629aba543d5ce66171e,612fd3208d3decaf3ec80bcc,RETURNED,Not Applicable,2026-05-07T14:48:16.540000Z,,,,,,8672,CONSENT_REVOKED,CONSENT_REVOKED,CONSENT_REVOKED,CONSENT_REVOKED,CONSENT_REVOKED,CONSENT_REVOKED,CONSENT_REVOKED,CONSENT_REVOKED,CONSENT_REVOKED,CONSENT_REVOKED,CONSENT_REVOKED,CONSENT_REVOKED,CONSENT_REVOKED
69fca6a74160ee4d7ed43ca7,5ea4c1cb7a313648ab349f3d,RETURNED,Not Applicable,2026-05-07T14:50:19.178000Z,,,,,,2829,CONSENT_REVOKED,CONSENT_REVOKED,CONSENT_REVOKED,CONSENT_REVOKED,CONSENT_REVOKED,CONSENT_REVOKED,CONSENT_REVOKED,CONSENT_REVOKED,CONSENT_REVOKED,CONSENT_REVOKED,CONSENT_REVOKED,CONSENT_REVOKED,CONSENT_REVOKED
69fcbba4fad0bc8e420fefa2,69a7ad2b544eaa1ed566ae20,RETURNED,Not Applicable,2026-05-07T16:25:39.055000Z,,,,,,291,CONSENT_REVOKED,CONSENT_REVOKED,CONSENT_REVOKED,CONSENT_REVOKED,CONSENT_REVOKED,CONSENT_REVOKED,CONSENT_REVOKED,CONSENT_REVOKED,CONSENT_REVOKED,CONSENT_REVOKED,CONSENT_REVOKED,CONSENT_REVOKED,CONSENT_REVOKED
69fcbd0efcf133e9e3fec8be,617452347986aeaf4d2e5278,RETURNED,Not Applicable,2026-05-07T16:27:19.161000Z,,,,,,1851,CONSENT_REVOKED,CONSENT_REVOKED,CONSENT_REVOKED,CONSENT_REVOKED,CONSENT_REVOKED,CONSENT_REVOKED,CONSENT_REVOKED,CONSENT_REVOKED,CONSENT_REVOKED,CONSENT_REVOKED,CONSENT_REVOKED,CONSENT_REVOKED,CONSENT_REVOKED
69fcbd15f2ce132e03f687d9,69dd40a2bb793fe31e0529e9,RETURNED,Not Applicable,2026-05-07T16:26:05.061000Z,,,,,,632,CONSENT_REVOKED,CONSENT_REVOKED,CONSENT_REVOKED,CONSENT_REVOKED,CONSENT_REVOKED,CONSENT_REVOKED,CONSENT_REVOKED,CONSENT_REVOKED,CONSENT_REVOKED,CONSENT_REVOKED,CONSENT_REVOKED,CONSENT_REVOKED,CONSENT_REVOKED
69fcbd79b5a147cbbbaf8a69,69e438946fecd82c455950d5,RETURNED,Not Applicable,2026-05-07T16:27:41.542000Z,,,,,,220,CONSENT_REVOKED,CONSENT_REVOKED,CONSENT_REVOKED,CONSENT_REVOKED,CONSENT_REVOKED,CONSENT_REVOKED,CONSENT_REVOKED,CONSENT_REVOKED,CONSENT_REVOKED,CONSENT_REVOKED,CONSENT_REVOKED,CONSENT_REVOKED,CONSENT_REVOKED
69fcbe8486d25e07c99a5a25,5a285307df86d80001455de5,RETURNED,Not Applicable,2026-05-07T16:40:31.462000Z,,,,,,5164,CONSENT_REVOKED,CONSENT_REVOKED,CONSENT_REVOKED,CONSENT_REVOKED,CONSENT_REVOKED,CONSENT_REVOKED,CONSENT_REVOKED,CONSENT_REVOKED,CONSENT_REVOKED,CONSENT_REVOKED,CONSENT_REVOKED,CONSENT_REVOKED,CONSENT_REVOKED
69fcbe99d5993f612c9c4282,67c869872204b85d6c4c0749,RETURNED,Not Applicable,2026-05-07T16:32:32.642000Z,,,,,,2944,CONSENT_REVOKED,CONSENT_REVOKED,CONSENT_REVOKED,CONSENT_REVOKED,CONSENT_REVOKED,CONSENT_REVOKED,CONSENT_REVOKED,CONSENT_REVOKED,CONSENT_REVOKED,CONSENT_REVOKED,CONSENT_REVOKED,CONSENT_REVOKED,CONSENT_REVOKED
69fcbfed3a9b83959b9c78d0,606a3cf263a18869ac8ee0ed,RETURNED,Not Applicable,2026-05-07T16:38:05.874000Z,,,,,,12205,CONSENT_REVOKED,CONSENT_REVOKED,CONSENT_REVOKED,CONSENT_REVOKED,CONSENT_REVOKED,CONSENT_REVOKED,CONSENT_REVOKED,CONSENT_REVOKED,CONSENT_REVOKED,CONSENT_REVOKED,CONSENT_REVOKED,CONSENT_REVOKED,CONSENT_REVOKED
69fcc1707293ec44998408eb,69baad8d3dcf97ce81dae5c2,RETURNED,Not Applicable,2026-05-07T16:44:38.876000Z,,,,,,550,CONSENT_REVOKED,CONSENT_REVOKED,CONSENT_REVOKED,CONSENT_REVOKED,CONSENT_REVOKED,CONSENT_REVOKED,CONSENT_REVOKED,CONSENT_REVOKED,CONSENT_REVOKED,CONSENT_REVOKED,CONSENT_REVOKED,CONSENT_REVOKED,CONSENT_REVOKED
69fcc19594c22f38a60e2d18,66465c850d9a3e177f2649fa,RETURNED,Not Applicable,2026-05-07T16:45:09.648000Z,,,,,,2796,CONSENT_REVOKED,CONSENT_REVOKED,CONSENT_REVOKED,CONSENT_REVOKED,CONSENT_REVOKED,CONSENT_REVOKED,CONSENT_REVOKED,CONSENT_REVOKED,CONSENT_REVOKED,CONSENT_REVOKED,CONSENT_REVOKED,CONSENT_REVOKED,CONSENT_REVOKED
69fcc390dbce4b218dbeee99,69b4bcdc1be2cdbae67487ee,RETURNED,Not Applicable,2026-05-07T16:53:43.885000Z,,,,,,672,CONSENT_REVOKED,CONSENT_REVOKED,CONSENT_REVOKED,CONSENT_REVOKED,CONSENT_REVOKED,CONSENT_REVOKED,CONSENT_REVOKED,CONSENT_REVOKED,CONSENT_REVOKED,CONSENT_REVOKED,CONSENT_REVOKED,CONSENT_REVOKED,CONSENT_REVOKED
69fcc417fb58b6f23142aaf9,69df70c90a77463cbcc1c833,RETURNED,Not Applicable,2026-05-07T16:56:03.145000Z,,,,,,1019,CONSENT_REVOKED,CONSENT_REVOKED,CONSENT_REVOKED,CONSENT_REVOKED,CONSENT_REVOKED,CONSENT_REVOKED,CONSENT_REVOKED,CONSENT_REVOKED,CONSENT_REVOKED,CONSENT_REVOKED,CONSENT_REVOKED,CONSENT_REVOKED,CONSENT_REVOKED
69fcc48e384ec384a6796181,5d23460ad4c57900192b129c,RETURNED,Not Applicable,,,,,,,8971,CONSENT_REVOKED,CONSENT_REVOKED,CONSENT_REVOKED,CONSENT_REVOKED,CONSENT_REVOKED,CONSENT_REVOKED,CONSENT_REVOKED,CONSENT_REVOKED,CONSENT_REVOKED,CONSENT_REVOKED,CONSENT_REVOKED,CONSENT_REVOKED,CONSENT_REVOKED
69fcc66bfbb9ed7317e24a08,63d6873b65a6170d64a652f6,RETURNED,Not Applicable,2026-05-07T17:06:15.508000Z,,,,,,11611,CONSENT_REVOKED,CONSENT_REVOKED,CONSENT_REVOKED,CONSENT_REVOKED,CONSENT_REVOKED,CONSENT_REVOKED,CONSENT_REVOKED,CONSENT_REVOKED,CONSENT_REVOKED,CONSENT_REVOKED,CONSENT_REVOKED,CONSENT_REVOKED,CONSENT_REVOKED
69fcc70fae7e7813aaf8674f,663a940c35558da3747afed4,RETURNED,Not Applicable,2026-05-07T17:08:35.263000Z,,,,,,1252,CONSENT_REVOKED,CONSENT_REVOKED,CONSENT_REVOKED,CONSENT_REVOKED,CONSENT_REVOKED,CONSENT_REVOKED,CONSENT_REVOKED,CONSENT_REVOKED,CONSENT_REVOKED,CONSENT_REVOKED,CONSENT_REVOKED,CONSENT_REVOKED,CONSENT_REVOKED
69fcc79fff5f9db446273e6d,65cb86a7e667e637599a3af3,RETURNED,Not Applicable,2026-05-07T17:11:54.664000Z,,,,,,5247,CONSENT_REVOKED,CONSENT_REVOKED,CONSENT_REVOKED,CONSENT_REVOKED,CONSENT_REVOKED,CONSENT_REVOKED,CONSENT_REVOKED,CONSENT_REVOKED,CONSENT_REVOKED,CONSENT_REVOKED,CONSENT_REVOKED,CONSENT_REVOKED,CONSENT_REVOKED
69fccaeb429220e8953dda86,69c57ed5adaa4a52c1d2220c,RETURNED,Not Applicable,2026-05-07T17:25:04.630000Z,,,,,,842,CONSENT_REVOKED,CONSENT_REVOKED,CONSENT_REVOKED,CONSENT_REVOKED,CONSENT_REVOKED,CONSENT_REVOKED,CONSENT_REVOKED,CONSENT_REVOKED,CONSENT_REVOKED,CONSENT_REVOKED,CONSENT_REVOKED,CONSENT_REVOKED,CONSENT_REVOKED
69fccc227b28b713d7e0d8d7,671ce7ade7a5cd2edc847b94,RETURNED,Not Applicable,2026-05-07T17:30:27.266000Z,,,,,,2796,CONSENT_REVOKED,CONSENT_REVOKED,CONSENT_REVOKED,CONSENT_REVOKED,CONSENT_REVOKED,CONSENT_REVOKED,CONSENT_REVOKED,CONSENT_REVOKED,CONSENT_REVOKED,CONSENT_REVOKED,CONSENT_REVOKED,CONSENT_REVOKED,CONSENT_REVOKED
69fccda644328d989b2cbc66,64d5323f567c88a7df95b47a,RETURNED,Not Applicable,2026-05-07T17:36:42.576000Z,,,,,,5117,CONSENT_REVOKED,CONSENT_REVOKED,CONSENT_REVOKED,CONSENT_REVOKED,CONSENT_REVOKED,CONSENT_REVOKED,CONSENT_REVOKED,CONSENT_REVOKED,CONSENT_REVOKED,CONSENT_REVOKED,CONSENT_REVOKED,CONSENT_REVOKED,CONSENT_REVOKED
69fccfa268cc1165d930d94d,69da5c665b5e0665d27ebb27,RETURNED,Not Applicable,2026-05-07T17:45:45.983000Z,,,,,,724,CONSENT_REVOKED,CONSENT_REVOKED,CONSENT_REVOKED,CONSENT_REVOKED,CONSENT_REVOKED,CONSENT_REVOKED,CONSENT_REVOKED,CONSENT_REVOKED,CONSENT_REVOKED,CONSENT_REVOKED,CONSENT_REVOKED,CONSENT_REVOKED,CONSENT_REVOKED
69fcd06710b68b8cf16eb040,69cabaa158e0a94e7a167bf8,RETURNED,Not Applicable,2026-05-07T17:48:27.888000Z,,,,,,379,CONSENT_REVOKED,CONSENT_REVOKED,CONSENT_REVOKED,CONSENT_REVOKED,CONSENT_REVOKED,CONSENT_REVOKED,CONSENT_REVOKED,CONSENT_REVOKED,CONSENT_REVOKED,CONSENT_REVOKED,CONSENT_REVOKED,CONSENT_REVOKED,CONSENT_REVOKED
69fcd0f58835dbc1e3c7dfb0,5bc9f8b677740000016a08b5,RETURNED,Not Applicable,2026-05-07T17:50:45.899000Z,,,,,,13948,CONSENT_REVOKED,CONSENT_REVOKED,CONSENT_REVOKED,CONSENT_REVOKED,CONSENT_REVOKED,CONSENT_REVOKED,CONSENT_REVOKED,CONSENT_REVOKED,CONSENT_REVOKED,CONSENT_REVOKED,CONSENT_REVOKED,CONSENT_REVOKED,CONSENT_REVOKED
69fcd1de4b2fd23a7cd8fb05,69cd6dcab3ca40a15e9281c3,RETURNED,Not Applicable,2026-05-07T17:54:49.959000Z,,,,,,104,CONSENT_REVOKED,CONSENT_REVOKED,CONSENT_REVOKED,CONSENT_REVOKED,CONSENT_REVOKED,CONSENT_REVOKED,CONSENT_REVOKED,CONSENT_REVOKED,CONSENT_REVOKED,CONSENT_REVOKED,CONSENT_REVOKED,CONSENT_REVOKED,CONSENT_REVOKED
69fcd368690775ee1c7ba196,6998959c68928b0ed3e02d49,RETURNED,Not Applicable,2026-05-07T18:01:24.001000Z,,,,,,1702,CONSENT_REVOKED,CONSENT_REVOKED,CONSENT_REVOKED,CONSENT_REVOKED,CONSENT_REVOKED,CONSENT_REVOKED,CONSENT_REVOKED,CONSENT_REVOKED,CONSENT_REVOKED,CONSENT_REVOKED,CONSENT_REVOKED,CONSENT_REVOKED,CONSENT_REVOKED
69fcd3bf6c725123e058872f,69f2cf36aa5978fdc9fa706c,RETURNED,Not Applicable,,,,,,,143,CONSENT_REVOKED,CONSENT_REVOKED,CONSENT_REVOKED,CONSENT_REVOKED,CONSENT_REVOKED,CONSENT_REVOKED,CONSENT_REVOKED,CONSENT_REVOKED,CONSENT_REVOKED,CONSENT_REVOKED,CONSENT_REVOKED,CONSENT_REVOKED,CONSENT_REVOKED
69fcd3d377479466e95fc8d0,5fefaa63238d4be5c34c0d51,RETURNED,Not Applicable,2026-05-07T18:03:03.770000Z,,,,,,4816,CONSENT_REVOKED,CONSENT_REVOKED,CONSENT_REVOKED,CONSENT_REVOKED,CONSENT_REVOKED,CONSENT_REVOKED,CONSENT_REVOKED,CONSENT_REVOKED,CONSENT_REVOKED,CONSENT_REVOKED,CONSENT_REVOKED,CONSENT_REVOKED,CONSENT_REVOKED
69fcd6284c4d4cdda3d4da6b,673feeafa80a279f5cc63e33,RETURNED,Not Applicable,2026-05-07T18:20:57.226000Z,,,,,,8724,CONSENT_REVOKED,CONSENT_REVOKED,CONSENT_REVOKED,CONSENT_REVOKED,CONSENT_REVOKED,CONSENT_REVOKED,CONSENT_REVOKED,CONSENT_REVOKED,CONSENT_REVOKED,CONSENT_REVOKED,CONSENT_REVOKED,CONSENT_REVOKED,CONSENT_REVOKED
69fcd6729a9e8b97fe96907b,5e9a2f95fe11450cc4a6b2be,RETURNED,Not Applicable,2026-05-07T18:25:00.005000Z,,,,,,12246,CONSENT_REVOKED,CONSENT_REVOKED,CONSENT_REVOKED,CONSENT_REVOKED,CONSENT_REVOKED,CONSENT_REVOKED,CONSENT_REVOKED,CONSENT_REVOKED,CONSENT_REVOKED,CONSENT_REVOKED,CONSENT_REVOKED,CONSENT_REVOKED,CONSENT_REVOKED
69fcd6f66fcba27184d6a86a,56849d528f456f000c45e1dd,RETURNED,Not Applicable,,,,,,,7871,CONSENT_REVOKED,CONSENT_REVOKED,CONSENT_REVOKED,CONSENT_REVOKED,CONSENT_REVOKED,CONSENT_REVOKED,CONSENT_REVOKED,CONSENT_REVOKED,CONSENT_REVOKED,CONSENT_REVOKED,CONSENT_REVOKED,CONSENT_REVOKED,CONSENT_REVOKED
69fcd70861980d8ab304dd9d,69f8efeeb3152a5e550bf057,RETURNED,Not Applicable,2026-05-07T18:27:20.808000Z,,,,,,252,CONSENT_REVOKED,CONSENT_REVOKED,CONSENT_REVOKED,CONSENT_REVOKED,CONSENT_REVOKED,CONSENT_REVOKED,CONSENT_REVOKED,CONSENT_REVOKED,CONSENT_REVOKED,CONSENT_REVOKED,CONSENT_REVOKED,CONSENT_REVOKED,CONSENT_REVOKED
69fcd7ff5546b47585c2b213,69cd469dea48b420efa3c26b,RETURNED,Not Applicable,2026-05-07T18:20:51.295000Z,,,,,,508,CONSENT_REVOKED,CONSENT_REVOKED,CONSENT_REVOKED,CONSENT_REVOKED,CONSENT_REVOKED,CONSENT_REVOKED,CONSENT_REVOKED,CONSENT_REVOKED,CONSENT_REVOKED,CONSENT_REVOKED,CONSENT_REVOKED,CONSENT_REVOKED,CONSENT_REVOKED
69fcd80e36d3a2298c6efa71,69d674ffe1b69e81eb00dee2,RETURNED,Not Applicable,2026-05-07T18:21:06.041000Z,,,,,,738,CONSENT_REVOKED,CONSENT_REVOKED,CONSENT_REVOKED,CONSENT_REVOKED,CONSENT_REVOKED,CONSENT_REVOKED,CONSENT_REVOKED,CONSENT_REVOKED,CONSENT_REVOKED,CONSENT_REVOKED,CONSENT_REVOKED,CONSENT_REVOKED,CONSENT_REVOKED
69fcd83734105ba00c72c74d,6996027674578d3680c6cf09,RETURNED,Not Applicable,2026-05-07T18:32:00.012000Z,,,,,,828,CONSENT_REVOKED,CONSENT_REVOKED,CONSENT_REVOKED,CONSENT_REVOKED,CONSENT_REVOKED,CONSENT_REVOKED,CONSENT_REVOKED,CONSENT_REVOKED,CONSENT_REVOKED,CONSENT_REVOKED,CONSENT_REVOKED,CONSENT_REVOKED,CONSENT_REVOKED
69fcdabb1c4a845241b623e2,69bdd9c01353d737b5014313,RETURNED,Not Applicable,2026-05-07T18:34:04.708000Z,,,,,,1849,CONSENT_REVOKED,CONSENT_REVOKED,CONSENT_REVOKED,CONSENT_REVOKED,CONSENT_REVOKED,CONSENT_REVOKED,CONSENT_REVOKED,CONSENT_REVOKED,CONSENT_REVOKED,CONSENT_REVOKED,CONSENT_REVOKED,CONSENT_REVOKED,CONSENT_REVOKED
69fcde71ba09f27520098215,69f140935dc089bf8e145ba8,RETURNED,Not Applicable,2026-05-07T18:59:00.007000Z,,,,,,574,CONSENT_REVOKED,CONSENT_REVOKED,CONSENT_REVOKED,CONSENT_REVOKED,CONSENT_REVOKED,CONSENT_REVOKED,CONSENT_REVOKED,CONSENT_REVOKED,CONSENT_REVOKED,CONSENT_REVOKED,CONSENT_REVOKED,CONSENT_REVOKED,CONSENT_REVOKED
69fcdeb281661ca479602905,69d551e99feafe87823be76e,RETURNED,Not Applicable,2026-05-07T19:00:00.032000Z,,,,,,607,CONSENT_REVOKED,CONSENT_REVOKED,CONSENT_REVOKED,CONSENT_REVOKED,CONSENT_REVOKED,CONSENT_REVOKED,CONSENT_REVOKED,CONSENT_REVOKED,CONSENT_REVOKED,CONSENT_REVOKED,CONSENT_REVOKED,CONSENT_REVOKED,CONSENT_REVOKED
69fce7dfd8b2a17c5f114828,69e4289039d1622d8510d291,RETURNED,Not Applicable,2026-05-07T19:28:37.497000Z,,,,,,456,CONSENT_REVOKED,CONSENT_REVOKED,CONSENT_REVOKED,CONSENT_REVOKED,CONSENT_REVOKED,CONSENT_REVOKED,CONSENT_REVOKED,CONSENT_REVOKED,CONSENT_REVOKED,CONSENT_REVOKED,CONSENT_REVOKED,CONSENT_REVOKED,CONSENT_REVOKED
69fcede2ea982e956c788da9,698a2204e891755d09370202,RETURNED,Not Applicable,2026-05-07T19:54:24.226000Z,,,,,,221,CONSENT_REVOKED,CONSENT_REVOKED,CONSENT_REVOKED,CONSENT_REVOKED,CONSENT_REVOKED,CONSENT_REVOKED,CONSENT_REVOKED,CONSENT_REVOKED,CONSENT_REVOKED,CONSENT_REVOKED,CONSENT_REVOKED,CONSENT_REVOKED,CONSENT_REVOKED
69fcf235c8d3d0a2aba7b845,69f8f44ee6bf15c5d2f9e595,RETURNED,Not Applicable,2026-05-07T20:12:58.344000Z,,,,,,134,CONSENT_REVOKED,CONSENT_REVOKED,CONSENT_REVOKED,CONSENT_REVOKED,CONSENT_REVOKED,CONSENT_REVOKED,CONSENT_REVOKED,CONSENT_REVOKED,CONSENT_REVOKED,CONSENT_REVOKED,CONSENT_REVOKED,CONSENT_REVOKED,CONSENT_REVOKED
69fcf2d81ba4ddc756a7b7ee,6789c94eb84a9d08b0c11ee2,RETURNED,Not Applicable,,,,,,,211,CONSENT_REVOKED,CONSENT_REVOKED,CONSENT_REVOKED,CONSENT_REVOKED,CONSENT_REVOKED,CONSENT_REVOKED,CONSENT_REVOKED,CONSENT_REVOKED,CONSENT_REVOKED,CONSENT_REVOKED,CONSENT_REVOKED,CONSENT_REVOKED,CONSENT_REVOKED
69fcf2ea5a85ed86b1aa0f80,69f4ef0de52fb52b45355c14,RETURNED,Not Applicable,2026-05-07T20:16:06.183000Z,,,,,,233,CONSENT_REVOKED,CONSENT_REVOKED,CONSENT_REVOKED,CONSENT_REVOKED,CONSENT_REVOKED,CONSENT_REVOKED,CONSENT_REVOKED,CONSENT_REVOKED,CONSENT_REVOKED,CONSENT_REVOKED,CONSENT_REVOKED,CONSENT_REVOKED,CONSENT_REVOKED
69fcf2ecb25d65ae6bd90026,69a61cdd4375f0d87dc7171c,RETURNED,Not Applicable,2026-05-07T20:15:45.868000Z,,,,,,960,CONSENT_REVOKED,CONSENT_REVOKED,CONSENT_REVOKED,CONSENT_REVOKED,CONSENT_REVOKED,CONSENT_REVOKED,CONSENT_REVOKED,CONSENT_REVOKED,CONSENT_REVOKED,CONSENT_REVOKED,CONSENT_REVOKED,CONSENT_REVOKED,CONSENT_REVOKED
69fcf2ee8d1a6d648a2cd024,69f0ef2a58d846e3bbe5a68f,RETURNED,Not Applicable,,,,,,,458,CONSENT_REVOKED,CONSENT_REVOKED,CONSENT_REVOKED,CONSENT_REVOKED,CONSENT_REVOKED,CONSENT_REVOKED,CONSENT_REVOKED,CONSENT_REVOKED,CONSENT_REVOKED,CONSENT_REVOKED,CONSENT_REVOKED,CONSENT_REVOKED,CONSENT_REVOKED
69fcf30088844038e882a715,6787b336ed2c716e392a6bbf,TIMED-OUT,Not Applicable,2026-05-07T20:16:04.139000Z,,,,1102489.0,,715,English,Yes,"No, I have no issues seeing colours",Woman (including Trans Female/Trans Woman),33,Female,White,United States,United States,United States,English,DATA_EXPIRED,DATA_EXPIRED
69fcf30570904cd9233ac77a,65fd19896d58d64c0d8cbc3c,RETURNED,Not Applicable,2026-05-07T20:16:19.045000Z,,,,,,3405,CONSENT_REVOKED,CONSENT_REVOKED,CONSENT_REVOKED,CONSENT_REVOKED,CONSENT_REVOKED,CONSENT_REVOKED,CONSENT_REVOKED,CONSENT_REVOKED,CONSENT_REVOKED,CONSENT_REVOKED,CONSENT_REVOKED,CONSENT_REVOKED,CONSENT_REVOKED
69fcf30b2c2d6be5257ca5bb,69b21ee4042e17468e61ebc8,RETURNED,Not Applicable,2026-05-07T20:18:32.664000Z,,,,,,785,CONSENT_REVOKED,CONSENT_REVOKED,CONSENT_REVOKED,CONSENT_REVOKED,CONSENT_REVOKED,CONSENT_REVOKED,CONSENT_REVOKED,CONSENT_REVOKED,CONSENT_REVOKED,CONSENT_REVOKED,CONSENT_REVOKED,CONSENT_REVOKED,CONSENT_REVOKED
69fcf310f25293668d020fd0,69d98e3b34fb8e9e0b899c3e,RETURNED,Not Applicable,2026-05-07T20:16:39.721000Z,,,,,,90,CONSENT_REVOKED,CONSENT_REVOKED,CONSENT_REVOKED,CONSENT_REVOKED,CONSENT_REVOKED,CONSENT_REVOKED,CONSENT_REVOKED,CONSENT_REVOKED,CONSENT_REVOKED,CONSENT_REVOKED,CONSENT_REVOKED,CONSENT_REVOKED,CONSENT_REVOKED
69fcf3116790dc1c3ce3503a,5c01d3c509e9c70001500b10,RETURNED,Not Applicable,,,,,,,7042,CONSENT_REVOKED,CONSENT_REVOKED,CONSENT_REVOKED,CONSENT_REVOKED,CONSENT_REVOKED,CONSENT_REVOKED,CONSENT_REVOKED,CONSENT_REVOKED,CONSENT_REVOKED,CONSENT_REVOKED,CONSENT_REVOKED,CONSENT_REVOKED,CONSENT_REVOKED
69fcf31f35c8252135fc7bfd,678fc7994e8da312f0d6ebec,RETURNED,Not Applicable,2026-05-07T20:16:39.155000Z,,,,,,449,CONSENT_REVOKED,CONSENT_REVOKED,CONSENT_REVOKED,CONSENT_REVOKED,CONSENT_REVOKED,CONSENT_REVOKED,CONSENT_REVOKED,CONSENT_REVOKED,CONSENT_REVOKED,CONSENT_REVOKED,CONSENT_REVOKED,CONSENT_REVOKED,CONSENT_REVOKED
69fcf330a49f8ef100775510,62a885d5b6af18b3d4579e1b,RETURNED,Not Applicable,2026-05-07T20:16:48.829000Z,,,,,,16880,CONSENT_REVOKED,CONSENT_REVOKED,CONSENT_REVOKED,CONSENT_REVOKED,CONSENT_REVOKED,CONSENT_REVOKED,CONSENT_REVOKED,CONSENT_REVOKED,CONSENT_REVOKED,CONSENT_REVOKED,CONSENT_REVOKED,CONSENT_REVOKED,CONSENT_REVOKED
69fcf36c9214001db4b80582,60fd6618f9a377f54dcdf318,RETURNED,Not Applicable,2026-05-07T20:19:28.009000Z,,,,,,24974,CONSENT_REVOKED,CONSENT_REVOKED,CONSENT_REVOKED,CONSENT_REVOKED,CONSENT_REVOKED,CONSENT_REVOKED,CONSENT_REVOKED,CONSENT_REVOKED,CONSENT_REVOKED,CONSENT_REVOKED,CONSENT_REVOKED,CONSENT_REVOKED,CONSENT_REVOKED
69fcf3bfb2f1d08605c4ca90,66789a1e138a59bb4ad16fa5,RETURNED,Not Applicable,2026-05-07T20:20:37.730000Z,,,,,,4063,CONSENT_REVOKED,CONSENT_REVOKED,CONSENT_REVOKED,CONSENT_REVOKED,CONSENT_REVOKED,CONSENT_REVOKED,CONSENT_REVOKED,CONSENT_REVOKED,CONSENT_REVOKED,CONSENT_REVOKED,CONSENT_REVOKED,CONSENT_REVOKED,CONSENT_REVOKED
6a0c8137f5a6a190cc8d41c5,67f9613e658e3cf579bf5c25,RETURNED,Not Applicable,2026-05-19T15:26:59.414000Z,,,,,,2782,CONSENT_REVOKED,CONSENT_REVOKED,CONSENT_REVOKED,CONSENT_REVOKED,CONSENT_REVOKED,CONSENT_REVOKED,CONSENT_REVOKED,CONSENT_REVOKED,CONSENT_REVOKED,CONSENT_REVOKED,CONSENT_REVOKED,CONSENT_REVOKED,CONSENT_REVOKED
6a0c813c62eb8fa89160f3cf,65b92135e296f28cb1a093c3,RETURNED,Not Applicable,2026-05-19T15:26:56.779000Z,,,,,,5182,CONSENT_REVOKED,CONSENT_REVOKED,CONSENT_REVOKED,CONSENT_REVOKED,CONSENT_REVOKED,CONSENT_REVOKED,CONSENT_REVOKED,CONSENT_REVOKED,CONSENT_REVOKED,CONSENT_REVOKED,CONSENT_REVOKED,CONSENT_REVOKED,CONSENT_REVOKED
6a0c814552005af5ef2e6ac9,6627022aef53030b919b43c2,RETURNED,Not Applicable,2026-05-19T15:27:06.488000Z,,,,,,1884,CONSENT_REVOKED,CONSENT_REVOKED,CONSENT_REVOKED,CONSENT_REVOKED,CONSENT_REVOKED,CONSENT_REVOKED,CONSENT_REVOKED,CONSENT_REVOKED,CONSENT_REVOKED,CONSENT_REVOKED,CONSENT_REVOKED,CONSENT_REVOKED,CONSENT_REVOKED
6a0c814780576602bc5dea02,69e17b4489b488c473d5c608,RETURNED,Not Applicable,2026-05-19T15:29:41.033000Z,,,,,,344,CONSENT_REVOKED,CONSENT_REVOKED,CONSENT_REVOKED,CONSENT_REVOKED,CONSENT_REVOKED,CONSENT_REVOKED,CONSENT_REVOKED,CONSENT_REVOKED,CONSENT_REVOKED,CONSENT_REVOKED,CONSENT_REVOKED,CONSENT_REVOKED,CONSENT_REVOKED
6a0c8147adadefc8a8f89d69,5753046ba6deb50006d64b0f,RETURNED,Not Applicable,,,,,,,7708,CONSENT_REVOKED,CONSENT_REVOKED,CONSENT_REVOKED,CONSENT_REVOKED,CONSENT_REVOKED,CONSENT_REVOKED,CONSENT_REVOKED,CONSENT_REVOKED,CONSENT_REVOKED,CONSENT_REVOKED,CONSENT_REVOKED,CONSENT_REVOKED,CONSENT_REVOKED
6a0c8164419a9f948a6f97fd,6985f3182b4543e83e42dd7a,RETURNED,Not Applicable,2026-05-19T15:27:32.218000Z,,,,,,406,CONSENT_REVOKED,CONSENT_REVOKED,CONSENT_REVOKED,CONSENT_REVOKED,CONSENT_REVOKED,CONSENT_REVOKED,CONSENT_REVOKED,CONSENT_REVOKED,CONSENT_REVOKED,CONSENT_REVOKED,CONSENT_REVOKED,CONSENT_REVOKED,CONSENT_REVOKED
6a0c81e13b748d754d4b4eb6,6a022dec6cf202afb8ff0bcc,RETURNED,Not Applicable,2026-05-19T15:29:37.127000Z,,,,,,75,CONSENT_REVOKED,CONSENT_REVOKED,CONSENT_REVOKED,CONSENT_REVOKED,CONSENT_REVOKED,CONSENT_REVOKED,CONSENT_REVOKED,CONSENT_REVOKED,CONSENT_REVOKED,CONSENT_REVOKED,CONSENT_REVOKED,CONSENT_REVOKED,CONSENT_REVOKED
6a0c82e1a2a01aee1a3a8fca,69608a9a607889a2e116c1dc,RETURNED,Not Applicable,2026-05-19T15:33:58.985000Z,,,,,,713,CONSENT_REVOKED,CONSENT_REVOKED,CONSENT_REVOKED,CONSENT_REVOKED,CONSENT_REVOKED,CONSENT_REVOKED,CONSENT_REVOKED,CONSENT_REVOKED,CONSENT_REVOKED,CONSENT_REVOKED,CONSENT_REVOKED,CONSENT_REVOKED,CONSENT_REVOKED
6a0c83801d58bd11da971798,6a025946998342349a32be35,RETURNED,Not Applicable,2026-05-19T15:36:32.243000Z,,,,,,61,CONSENT_REVOKED,CONSENT_REVOKED,CONSENT_REVOKED,CONSENT_REVOKED,CONSENT_REVOKED,CONSENT_REVOKED,CONSENT_REVOKED,CONSENT_REVOKED,CONSENT_REVOKED,CONSENT_REVOKED,CONSENT_REVOKED,CONSENT_REVOKED,CONSENT_REVOKED
6a0c83fd3b5dec6577f2cce7,664003b962a847c71db3ebb0,RETURNED,Not Applicable,2026-05-19T15:40:01.384000Z,,,,,,5733,CONSENT_REVOKED,CONSENT_REVOKED,CONSENT_REVOKED,CONSENT_REVOKED,CONSENT_REVOKED,CONSENT_REVOKED,CONSENT_REVOKED,CONSENT_REVOKED,CONSENT_REVOKED,CONSENT_REVOKED,CONSENT_REVOKED,CONSENT_REVOKED,CONSENT_REVOKED
6a0c85b8d95d5a848a84f5be,6684497541f835bd67a199b2,RETURNED,Not Applicable,2026-05-19T15:46:02.559000Z,,,,,,4437,CONSENT_REVOKED,CONSENT_REVOKED,CONSENT_REVOKED,CONSENT_REVOKED,CONSENT_REVOKED,CONSENT_REVOKED,CONSENT_REVOKED,CONSENT_REVOKED,CONSENT_REVOKED,CONSENT_REVOKED,CONSENT_REVOKED,CONSENT_REVOKED,CONSENT_REVOKED
6a0c8749d52af11bde2adced,6a0b3a806f85d71e94a1b204,RETURNED,Not Applicable,2026-05-19T15:52:45.664000Z,,,,,,57,CONSENT_REVOKED,CONSENT_REVOKED,CONSENT_REVOKED,CONSENT_REVOKED,CONSENT_REVOKED,CONSENT_REVOKED,CONSENT_REVOKED,CONSENT_REVOKED,CONSENT_REVOKED,CONSENT_REVOKED,CONSENT_REVOKED,CONSENT_REVOKED,CONSENT_REVOKED
6a0c8771591da5505301cfdf,665493ed33ed1be3faff17b4,RETURNED,Not Applicable,2026-05-19T15:53:25.503000Z,,,,,,545,CONSENT_REVOKED,CONSENT_REVOKED,CONSENT_REVOKED,CONSENT_REVOKED,CONSENT_REVOKED,CONSENT_REVOKED,CONSENT_REVOKED,CONSENT_REVOKED,CONSENT_REVOKED,CONSENT_REVOKED,CONSENT_REVOKED,CONSENT_REVOKED,CONSENT_REVOKED
6a0c890c811faecb1bddfe18,695f903412b37224f3a9b541,RETURNED,Not Applicable,2026-05-19T16:00:15.752000Z,,,,,,566,CONSENT_REVOKED,CONSENT_REVOKED,CONSENT_REVOKED,CONSENT_REVOKED,CONSENT_REVOKED,CONSENT_REVOKED,CONSENT_REVOKED,CONSENT_REVOKED,CONSENT_REVOKED,CONSENT_REVOKED,CONSENT_REVOKED,CONSENT_REVOKED,CONSENT_REVOKED
6a0c89591fc054d466f7deea,6a03e49a2b083f8fa115a457,RETURNED,Not Applicable,2026-05-19T16:07:26.523000Z,,,,,,47,CONSENT_REVOKED,CONSENT_REVOKED,CONSENT_REVOKED,CONSENT_REVOKED,CONSENT_REVOKED,CONSENT_REVOKED,CONSENT_REVOKED,CONSENT_REVOKED,CONSENT_REVOKED,CONSENT_REVOKED,CONSENT_REVOKED,CONSENT_REVOKED,CONSENT_REVOKED
6a0c8aef6441044fdf32f0b5,63b0953847122ffebd8a5991,RETURNED,Not Applicable,,,,,,,7743,CONSENT_REVOKED,CONSENT_REVOKED,CONSENT_REVOKED,CONSENT_REVOKED,CONSENT_REVOKED,CONSENT_REVOKED,CONSENT_REVOKED,CONSENT_REVOKED,CONSENT_REVOKED,CONSENT_REVOKED,CONSENT_REVOKED,CONSENT_REVOKED,CONSENT_REVOKED
6a0c8b01f8c4d2c3881806d3,69bab684e441d11d74a4a801,RETURNED,Not Applicable,,,,,,,256,CONSENT_REVOKED,CONSENT_REVOKED,CONSENT_REVOKED,CONSENT_REVOKED,CONSENT_REVOKED,CONSENT_REVOKED,CONSENT_REVOKED,CONSENT_REVOKED,CONSENT_REVOKED,CONSENT_REVOKED,CONSENT_REVOKED,CONSENT_REVOKED,CONSENT_REVOKED
6a0c8b2627b25eb00e59ecce,649d809191fa2e4b6e84c69e,RETURNED,Not Applicable,2026-05-19T16:09:14.882000Z,,,,,,5281,CONSENT_REVOKED,CONSENT_REVOKED,CONSENT_REVOKED,CONSENT_REVOKED,CONSENT_REVOKED,CONSENT_REVOKED,CONSENT_REVOKED,CONSENT_REVOKED,CONSENT_REVOKED,CONSENT_REVOKED,CONSENT_REVOKED,CONSENT_REVOKED,CONSENT_REVOKED
6a0c8b48b6cf80884deab836,67f80601e44359732a7f2af4,TIMED-OUT,Not Applicable,2026-05-19T16:09:51.952000Z,,,,80462.0,,1887,"English, Swahili",Yes,"No, I have no issues seeing colours",Woman (including Trans Female/Trans Woman),64,Female,Black,United States,United States,United States,English,No,Full-Time
6a0c8b5d80baa88aaabcd363,6998d4d5fa7f96c4bcf784e0,RETURNED,Not Applicable,2026-05-19T16:10:29.223000Z,,,,,,298,CONSENT_REVOKED,CONSENT_REVOKED,CONSENT_REVOKED,CONSENT_REVOKED,CONSENT_REVOKED,CONSENT_REVOKED,CONSENT_REVOKED,CONSENT_REVOKED,CONSENT_REVOKED,CONSENT_REVOKED,CONSENT_REVOKED,CONSENT_REVOKED,CONSENT_REVOKED
6a0c8c2e08629821dedf6258,6942d96507ca4dc6182472ed,RETURNED,Not Applicable,,,,,,,2523,CONSENT_REVOKED,CONSENT_REVOKED,CONSENT_REVOKED,CONSENT_REVOKED,CONSENT_REVOKED,CONSENT_REVOKED,CONSENT_REVOKED,CONSENT_REVOKED,CONSENT_REVOKED,CONSENT_REVOKED,CONSENT_REVOKED,CONSENT_REVOKED,CONSENT_REVOKED
6a0c8c46e76f1529565ef866,641359b5040c453203e2c088,TIMED-OUT,Not Applicable,2026-05-19T16:14:01.289000Z,,,,80213.0,,7038,English,Yes,"No, I have no issues seeing colours",Man (including Trans Male/Trans Man),25,Male,Mixed,United States,United States,United States,English,DATA_EXPIRED,DATA_EXPIRED
6a0c8cf3fba93d06aea95b7a,59e7a66e62637600014a7d69,RETURNED,Not Applicable,2026-05-19T16:17:03.659000Z,,,,,,3339,CONSENT_REVOKED,CONSENT_REVOKED,CONSENT_REVOKED,CONSENT_REVOKED,CONSENT_REVOKED,CONSENT_REVOKED,CONSENT_REVOKED,CONSENT_REVOKED,CONSENT_REVOKED,CONSENT_REVOKED,CONSENT_REVOKED,CONSENT_REVOKED,CONSENT_REVOKED
6a0c8d477a4a252ce2340e6a,6629396278644f7ca5e5d017,RETURNED,Not Applicable,2026-05-19T16:18:21.426000Z,,,,,,1834,CONSENT_REVOKED,CONSENT_REVOKED,CONSENT_REVOKED,CONSENT_REVOKED,CONSENT_REVOKED,CONSENT_REVOKED,CONSENT_REVOKED,CONSENT_REVOKED,CONSENT_REVOKED,CONSENT_REVOKED,CONSENT_REVOKED,CONSENT_REVOKED,CONSENT_REVOKED
6a0c8de3bcae613ad2d35ce7,69a6f5f930a06e13c4593d9d,RETURNED,Not Applicable,,,,,,,1511,CONSENT_REVOKED,CONSENT_REVOKED,CONSENT_REVOKED,CONSENT_REVOKED,CONSENT_REVOKED,CONSENT_REVOKED,CONSENT_REVOKED,CONSENT_REVOKED,CONSENT_REVOKED,CONSENT_REVOKED,CONSENT_REVOKED,CONSENT_REVOKED,CONSENT_REVOKED
6a0c8de64e3cf387303c1d42,69f5fb816ee6fd8d94876700,RETURNED,Not Applicable,,,,,,,84,CONSENT_REVOKED,CONSENT_REVOKED,CONSENT_REVOKED,CONSENT_REVOKED,CONSENT_REVOKED,CONSENT_REVOKED,CONSENT_REVOKED,CONSENT_REVOKED,CONSENT_REVOKED,CONSENT_REVOKED,CONSENT_REVOKED,CONSENT_REVOKED,CONSENT_REVOKED
6a0c8dea1b0c9366ed1efe9e,5b7aefd06c1ccb000178b710,RETURNED,Not Applicable,2026-05-19T16:21:47.252000Z,,,,,,4208,CONSENT_REVOKED,CONSENT_REVOKED,CONSENT_REVOKED,CONSENT_REVOKED,CONSENT_REVOKED,CONSENT_REVOKED,CONSENT_REVOKED,CONSENT_REVOKED,CONSENT_REVOKED,CONSENT_REVOKED,CONSENT_REVOKED,CONSENT_REVOKED,CONSENT_REVOKED
6a0c8df8b2aa1cb8e407070f,69954acf893f619446ff6a74,RETURNED,Not Applicable,2026-05-19T16:26:50.044000Z,,,,,,1893,CONSENT_REVOKED,CONSENT_REVOKED,CONSENT_REVOKED,CONSENT_REVOKED,CONSENT_REVOKED,CONSENT_REVOKED,CONSENT_REVOKED,CONSENT_REVOKED,CONSENT_REVOKED,CONSENT_REVOKED,CONSENT_REVOKED,CONSENT_REVOKED,CONSENT_REVOKED
6a0c9037dcb693e6a6a9b22c,5685850c333cbd000d4e042f,RETURNED,Not Applicable,2026-05-19T16:30:57.085000Z,,,,,,11184,CONSENT_REVOKED,CONSENT_REVOKED,CONSENT_REVOKED,CONSENT_REVOKED,CONSENT_REVOKED,CONSENT_REVOKED,CONSENT_REVOKED,CONSENT_REVOKED,CONSENT_REVOKED,CONSENT_REVOKED,CONSENT_REVOKED,CONSENT_REVOKED,CONSENT_REVOKED
6a0c9086c905147988f2dc7d,69fd3605435216c2d93bc72f,RETURNED,Not Applicable,2026-05-19T16:32:24.736000Z,,,,,,222,CONSENT_REVOKED,CONSENT_REVOKED,CONSENT_REVOKED,CONSENT_REVOKED,CONSENT_REVOKED,CONSENT_REVOKED,CONSENT_REVOKED,CONSENT_REVOKED,CONSENT_REVOKED,CONSENT_REVOKED,CONSENT_REVOKED,CONSENT_REVOKED,CONSENT_REVOKED
6a0c92e2956fcc00310a7e68,668dc66f629802c9570027e6,RETURNED,Not Applicable,2026-05-19T16:44:34.108000Z,,,,,,1428,CONSENT_REVOKED,CONSENT_REVOKED,CONSENT_REVOKED,CONSENT_REVOKED,CONSENT_REVOKED,CONSENT_REVOKED,CONSENT_REVOKED,CONSENT_REVOKED,CONSENT_REVOKED,CONSENT_REVOKED,CONSENT_REVOKED,CONSENT_REVOKED,CONSENT_REVOKED
6a0c932aadd384058f37ccf6,66f55772a7312a23f27b3196,RETURNED,Not Applicable,2026-05-19T16:43:43.124000Z,,,,,,2170,CONSENT_REVOKED,CONSENT_REVOKED,CONSENT_REVOKED,CONSENT_REVOKED,CONSENT_REVOKED,CONSENT_REVOKED,CONSENT_REVOKED,CONSENT_REVOKED,CONSENT_REVOKED,CONSENT_REVOKED,CONSENT_REVOKED,CONSENT_REVOKED,CONSENT_REVOKED
6a0c93ff2f77d84eccb223d4,67215ddb4fe41f208fba792b,RETURNED,Not Applicable,2026-05-19T16:46:59.087000Z,,,,,,2149,CONSENT_REVOKED,CONSENT_REVOKED,CONSENT_REVOKED,CONSENT_REVOKED,CONSENT_REVOKED,CONSENT_REVOKED,CONSENT_REVOKED,CONSENT_REVOKED,CONSENT_REVOKED,CONSENT_REVOKED,CONSENT_REVOKED,CONSENT_REVOKED,CONSENT_REVOKED
6a0c9401aa68642675e93000,5dda993086c886a06ce9108d,RETURNED,Not Applicable,2026-05-19T16:47:13.389000Z,,,,,,13736,CONSENT_REVOKED,CONSENT_REVOKED,CONSENT_REVOKED,CONSENT_REVOKED,CONSENT_REVOKED,CONSENT_REVOKED,CONSENT_REVOKED,CONSENT_REVOKED,CONSENT_REVOKED,CONSENT_REVOKED,CONSENT_REVOKED,CONSENT_REVOKED,CONSENT_REVOKED
6a0c94fda46b5ddb70925889,69a76b65fc3e884c3276b4ad,RETURNED,Not Applicable,2026-05-19T16:51:17.363000Z,,,,,,70,CONSENT_REVOKED,CONSENT_REVOKED,CONSENT_REVOKED,CONSENT_REVOKED,CONSENT_REVOKED,CONSENT_REVOKED,CONSENT_REVOKED,CONSENT_REVOKED,CONSENT_REVOKED,CONSENT_REVOKED,CONSENT_REVOKED,CONSENT_REVOKED,CONSENT_REVOKED
6a0c96ad722d1755d9530084,695f9c1b1257661028e09d73,RETURNED,Not Applicable,2026-05-19T16:58:25.668000Z,,,,,,1419,CONSENT_REVOKED,CONSENT_REVOKED,CONSENT_REVOKED,CONSENT_REVOKED,CONSENT_REVOKED,CONSENT_REVOKED,CONSENT_REVOKED,CONSENT_REVOKED,CONSENT_REVOKED,CONSENT_REVOKED,CONSENT_REVOKED,CONSENT_REVOKED,CONSENT_REVOKED
6a0c9859bb83463d34494589,5c04872c55614800012b7cf0,RETURNED,Not Applicable,2026-05-19T17:16:00.007000Z,,,,,,4078,CONSENT_REVOKED,CONSENT_REVOKED,CONSENT_REVOKED,CONSENT_REVOKED,CONSENT_REVOKED,CONSENT_REVOKED,CONSENT_REVOKED,CONSENT_REVOKED,CONSENT_REVOKED,CONSENT_REVOKED,CONSENT_REVOKED,CONSENT_REVOKED,CONSENT_REVOKED
6a0c9ad369f57e0aa29e8154,62e02b1ed5b0fbc1b1dc09e7,RETURNED,Not Applicable,2026-05-19T17:16:03.280000Z,,,,,,3360,CONSENT_REVOKED,CONSENT_REVOKED,CONSENT_REVOKED,CONSENT_REVOKED,CONSENT_REVOKED,CONSENT_REVOKED,CONSENT_REVOKED,CONSENT_REVOKED,CONSENT_REVOKED,CONSENT_REVOKED,CONSENT_REVOKED,CONSENT_REVOKED,CONSENT_REVOKED
6a0c9ba1dba8a420a25300a4,698d1883d88854958befcb20,RETURNED,Not Applicable,2026-05-19T17:19:35.249000Z,,,,,,889,CONSENT_REVOKED,CONSENT_REVOKED,CONSENT_REVOKED,CONSENT_REVOKED,CONSENT_REVOKED,CONSENT_REVOKED,CONSENT_REVOKED,CONSENT_REVOKED,CONSENT_REVOKED,CONSENT_REVOKED,CONSENT_REVOKED,CONSENT_REVOKED,CONSENT_REVOKED
6a0c9c2663e4118c7bad1102,60d66ec4a3c13ac0f607e7d9,RETURNED,Not Applicable,2026-05-19T17:21:47.190000Z,,,,,,3677,CONSENT_REVOKED,CONSENT_REVOKED,CONSENT_REVOKED,CONSENT_REVOKED,CONSENT_REVOKED,CONSENT_REVOKED,CONSENT_REVOKED,CONSENT_REVOKED,CONSENT_REVOKED,CONSENT_REVOKED,CONSENT_REVOKED,CONSENT_REVOKED,CONSENT_REVOKED
6a0c9c35a2607e32d3ac79e6,697a3eb0d8986ccab826d293,RETURNED,Not Applicable,2026-05-19T17:22:03.602000Z,,,,,,926,CONSENT_REVOKED,CONSENT_REVOKED,CONSENT_REVOKED,CONSENT_REVOKED,CONSENT_REVOKED,CONSENT_REVOKED,CONSENT_REVOKED,CONSENT_REVOKED,CONSENT_REVOKED,CONSENT_REVOKED,CONSENT_REVOKED,CONSENT_REVOKED,CONSENT_REVOKED
6a0c9d8159326dbd1822ad58,672bbb444ab4546a33718004,RETURNED,Not Applicable,2026-05-19T17:31:18.270000Z,,,,,,5693,CONSENT_REVOKED,CONSENT_REVOKED,CONSENT_REVOKED,CONSENT_REVOKED,CONSENT_REVOKED,CONSENT_REVOKED,CONSENT_REVOKED,CONSENT_REVOKED,CONSENT_REVOKED,CONSENT_REVOKED,CONSENT_REVOKED,CONSENT_REVOKED,CONSENT_REVOKED
6a0c9e47e7e6dcda29591539,66d8e14e71c04a7d23ff43c9,RETURNED,Not Applicable,2026-05-19T17:30:47.718000Z,,,,,,1747,CONSENT_REVOKED,CONSENT_REVOKED,CONSENT_REVOKED,CONSENT_REVOKED,CONSENT_REVOKED,CONSENT_REVOKED,CONSENT_REVOKED,CONSENT_REVOKED,CONSENT_REVOKED,CONSENT_REVOKED,CONSENT_REVOKED,CONSENT_REVOKED,CONSENT_REVOKED
6a0c9e785d1e383b2f0286fb,67a6b3afa7ded99142842424,RETURNED,Not Applicable,2026-05-19T17:31:36.983000Z,,,,,,4112,CONSENT_REVOKED,CONSENT_REVOKED,CONSENT_REVOKED,CONSENT_REVOKED,CONSENT_REVOKED,CONSENT_REVOKED,CONSENT_REVOKED,CONSENT_REVOKED,CONSENT_REVOKED,CONSENT_REVOKED,CONSENT_REVOKED,CONSENT_REVOKED,CONSENT_REVOKED
6a0ca1fb72ecc76d40c88f90,69c1a342cc602f8c5679f10e,RETURNED,Not Applicable,2026-05-19T17:47:14.872000Z,,,,,,1254,CONSENT_REVOKED,CONSENT_REVOKED,CONSENT_REVOKED,CONSENT_REVOKED,CONSENT_REVOKED,CONSENT_REVOKED,CONSENT_REVOKED,CONSENT_REVOKED,CONSENT_REVOKED,CONSENT_REVOKED,CONSENT_REVOKED,CONSENT_REVOKED,CONSENT_REVOKED
6a0ca21cc92894d02ca4e8e6,6978b16217b05571dd3dd0fd,RETURNED,Not Applicable,2026-05-19T17:47:12.460000Z,,,,,,1820,CONSENT_REVOKED,CONSENT_REVOKED,CONSENT_REVOKED,CONSENT_REVOKED,CONSENT_REVOKED,CONSENT_REVOKED,CONSENT_REVOKED,CONSENT_REVOKED,CONSENT_REVOKED,CONSENT_REVOKED,CONSENT_REVOKED,CONSENT_REVOKED,CONSENT_REVOKED
6a0ca4b164d4391ccbdef86b,6a093fe448969e17be809803,RETURNED,Not Applicable,2026-05-19T17:58:12.126000Z,,,,,,34,CONSENT_REVOKED,CONSENT_REVOKED,CONSENT_REVOKED,CONSENT_REVOKED,CONSENT_REVOKED,CONSENT_REVOKED,CONSENT_REVOKED,CONSENT_REVOKED,CONSENT_REVOKED,CONSENT_REVOKED,CONSENT_REVOKED,CONSENT_REVOKED,CONSENT_REVOKED
6a0ca4cc0c5d5f0897c041fb,5df861926aab7c5f659dfd85,RETURNED,Not Applicable,,,,,,,7224,CONSENT_REVOKED,CONSENT_REVOKED,CONSENT_REVOKED,CONSENT_REVOKED,CONSENT_REVOKED,CONSENT_REVOKED,CONSENT_REVOKED,CONSENT_REVOKED,CONSENT_REVOKED,CONSENT_REVOKED,CONSENT_REVOKED,CONSENT_REVOKED,CONSENT_REVOKED
6a0ca556d9dd89c175ee1f79,69e0d36932fc04a90f59964a,RETURNED,Not Applicable,2026-05-19T18:00:58.343000Z,,,,,,629,CONSENT_REVOKED,CONSENT_REVOKED,CONSENT_REVOKED,CONSENT_REVOKED,CONSENT_REVOKED,CONSENT_REVOKED,CONSENT_REVOKED,CONSENT_REVOKED,CONSENT_REVOKED,CONSENT_REVOKED,CONSENT_REVOKED,CONSENT_REVOKED,CONSENT_REVOKED
6a0ca6914d913b56a0dce59c,6a04b76d9bbaf4af16d57088,RETURNED,Not Applicable,2026-05-19T18:07:51.943000Z,,,,,,93,CONSENT_REVOKED,CONSENT_REVOKED,CONSENT_REVOKED,CONSENT_REVOKED,CONSENT_REVOKED,CONSENT_REVOKED,CONSENT_REVOKED,CONSENT_REVOKED,CONSENT_REVOKED,CONSENT_REVOKED,CONSENT_REVOKED,CONSENT_REVOKED,CONSENT_REVOKED
6a0ca7b84bb1c4a0fc44bb91,67854ba4bab6fc4b80eba268,RETURNED,Not Applicable,2026-05-19T18:11:04.490000Z,,,,,,3668,CONSENT_REVOKED,CONSENT_REVOKED,CONSENT_REVOKED,CONSENT_REVOKED,CONSENT_REVOKED,CONSENT_REVOKED,CONSENT_REVOKED,CONSENT_REVOKED,CONSENT_REVOKED,CONSENT_REVOKED,CONSENT_REVOKED,CONSENT_REVOKED,CONSENT_REVOKED
6a0ca892307008c6b04d2ff5,69fe143fe0fc2630be12c1a4,RETURNED,Not Applicable,,,,,,,70,CONSENT_REVOKED,CONSENT_REVOKED,CONSENT_REVOKED,CONSENT_REVOKED,CONSENT_REVOKED,CONSENT_REVOKED,CONSENT_REVOKED,CONSENT_REVOKED,CONSENT_REVOKED,CONSENT_REVOKED,CONSENT_REVOKED,CONSENT_REVOKED,CONSENT_REVOKED
6a0ca91b9b1fc82d60259248,69e43c120060c346d6aaaae8,RETURNED,Not Applicable,2026-05-19T18:17:02.304000Z,,,,,,152,CONSENT_REVOKED,CONSENT_REVOKED,CONSENT_REVOKED,CONSENT_REVOKED,CONSENT_REVOKED,CONSENT_REVOKED,CONSENT_REVOKED,CONSENT_REVOKED,CONSENT_REVOKED,CONSENT_REVOKED,CONSENT_REVOKED,CONSENT_REVOKED,CONSENT_REVOKED
6a0ca9655653ea5cc6d6df6f,5c8fa44e045ff10012b60821,RETURNED,Not Applicable,2026-05-19T18:19:22.701000Z,,,,,,1352,CONSENT_REVOKED,CONSENT_REVOKED,CONSENT_REVOKED,CONSENT_REVOKED,CONSENT_REVOKED,CONSENT_REVOKED,CONSENT_REVOKED,CONSENT_REVOKED,CONSENT_REVOKED,CONSENT_REVOKED,CONSENT_REVOKED,CONSENT_REVOKED,CONSENT_REVOKED
6a0cad25ed8f510d9878b78d,69d3a8135dad4152d874f8ec,RETURNED,Not Applicable,2026-05-19T18:34:20.111000Z,,,,,,719,CONSENT_REVOKED,CONSENT_REVOKED,CONSENT_REVOKED,CONSENT_REVOKED,CONSENT_REVOKED,CONSENT_REVOKED,CONSENT_REVOKED,CONSENT_REVOKED,CONSENT_REVOKED,CONSENT_REVOKED,CONSENT_REVOKED,CONSENT_REVOKED,CONSENT_REVOKED
6a0caf2d58004efaa57ac627,675b73a2f8ca714cdf307be7,RETURNED,Not Applicable,2026-05-19T18:43:00.858000Z,,,,,,776,CONSENT_REVOKED,CONSENT_REVOKED,CONSENT_REVOKED,CONSENT_REVOKED,CONSENT_REVOKED,CONSENT_REVOKED,CONSENT_REVOKED,CONSENT_REVOKED,CONSENT_REVOKED,CONSENT_REVOKED,CONSENT_REVOKED,CONSENT_REVOKED,CONSENT_REVOKED
6a0cafaff7aae8ff1c98d185,67acff5fc3860389b0c4dc25,RETURNED,Not Applicable,2026-05-19T18:45:07.760000Z,,,,,,5789,CONSENT_REVOKED,CONSENT_REVOKED,CONSENT_REVOKED,CONSENT_REVOKED,CONSENT_REVOKED,CONSENT_REVOKED,CONSENT_REVOKED,CONSENT_REVOKED,CONSENT_REVOKED,CONSENT_REVOKED,CONSENT_REVOKED,CONSENT_REVOKED,CONSENT_REVOKED
6a0cb0db2c33a3091514317f,6792b6471c254ba88bc8db34,RETURNED,Not Applicable,2026-05-19T18:50:27.041000Z,,,,,,1054,CONSENT_REVOKED,CONSENT_REVOKED,CONSENT_REVOKED,CONSENT_REVOKED,CONSENT_REVOKED,CONSENT_REVOKED,CONSENT_REVOKED,CONSENT_REVOKED,CONSENT_REVOKED,CONSENT_REVOKED,CONSENT_REVOKED,CONSENT_REVOKED,CONSENT_REVOKED
6a0cb18f13df18cc71d67e1b,6a0357e01d730b5fef1d19d3,RETURNED,Not Applicable,2026-05-19T18:53:22.471000Z,,,,,,164,CONSENT_REVOKED,CONSENT_REVOKED,CONSENT_REVOKED,CONSENT_REVOKED,CONSENT_REVOKED,CONSENT_REVOKED,CONSENT_REVOKED,CONSENT_REVOKED,CONSENT_REVOKED,CONSENT_REVOKED,CONSENT_REVOKED,CONSENT_REVOKED,CONSENT_REVOKED
6a0cb2743034417a06f7e41e,69e1083ce086585f892e4daf,REJECTED,Not Applicable,2026-05-19T18:56:59.473000Z,2026-05-19T19:03:54.234000Z,2026-05-20T14:29:59.484000Z,2026-05-19T19:04:54.665000Z,415.0,C15DM49H,180,CONSENT_REVOKED,CONSENT_REVOKED,CONSENT_REVOKED,CONSENT_REVOKED,CONSENT_REVOKED,CONSENT_REVOKED,CONSENT_REVOKED,CONSENT_REVOKED,CONSENT_REVOKED,CONSENT_REVOKED,CONSENT_REVOKED,CONSENT_REVOKED,CONSENT_REVOKED
6a0cb29f1971fb46f1d4176c,69a278726053af4defebc79e,RETURNED,Not Applicable,2026-05-19T18:57:41.895000Z,,,,,,63,CONSENT_REVOKED,CONSENT_REVOKED,CONSENT_REVOKED,CONSENT_REVOKED,CONSENT_REVOKED,CONSENT_REVOKED,CONSENT_REVOKED,CONSENT_REVOKED,CONSENT_REVOKED,CONSENT_REVOKED,CONSENT_REVOKED,CONSENT_REVOKED,CONSENT_REVOKED
6a0cb42805c53d804c5ccb04,643ead9be9be7fa2c20e1a53,RETURNED,Not Applicable,2026-05-19T19:09:06.401000Z,,,,,,9425,CONSENT_REVOKED,CONSENT_REVOKED,CONSENT_REVOKED,CONSENT_REVOKED,CONSENT_REVOKED,CONSENT_REVOKED,CONSENT_REVOKED,CONSENT_REVOKED,CONSENT_REVOKED,CONSENT_REVOKED,CONSENT_REVOKED,CONSENT_REVOKED,CONSENT_REVOKED
6a0cb48a3f82fde47511fa86,668d32274206c26e679bf65f,RETURNED,Not Applicable,2026-05-19T19:07:01.515000Z,,,,,,1496,CONSENT_REVOKED,CONSENT_REVOKED,CONSENT_REVOKED,CONSENT_REVOKED,CONSENT_REVOKED,CONSENT_REVOKED,CONSENT_REVOKED,CONSENT_REVOKED,CONSENT_REVOKED,CONSENT_REVOKED,CONSENT_REVOKED,CONSENT_REVOKED,CONSENT_REVOKED
6a0cb502919a0bf65eabf7ad,662c292a1796a8709941e1b7,RETURNED,Not Applicable,2026-05-19T19:07:50.470000Z,,,,,,1977,CONSENT_REVOKED,CONSENT_REVOKED,CONSENT_REVOKED,CONSENT_REVOKED,CONSENT_REVOKED,CONSENT_REVOKED,CONSENT_REVOKED,CONSENT_REVOKED,CONSENT_REVOKED,CONSENT_REVOKED,CONSENT_REVOKED,CONSENT_REVOKED,CONSENT_REVOKED
6a0cb58025b4ef668224c4e8,697a8631cb24ee7e91e5744e,RETURNED,Not Applicable,2026-05-19T19:10:02.448000Z,,,,,,1674,CONSENT_REVOKED,CONSENT_REVOKED,CONSENT_REVOKED,CONSENT_REVOKED,CONSENT_REVOKED,CONSENT_REVOKED,CONSENT_REVOKED,CONSENT_REVOKED,CONSENT_REVOKED,CONSENT_REVOKED,CONSENT_REVOKED,CONSENT_REVOKED,CONSENT_REVOKED
6a0cb598e15d29c2d5ebeced,662aa1095c1c5061a0121a13,RETURNED,Not Applicable,2026-05-19T19:10:18.578000Z,,,,,,5433,CONSENT_REVOKED,CONSENT_REVOKED,CONSENT_REVOKED,CONSENT_REVOKED,CONSENT_REVOKED,CONSENT_REVOKED,CONSENT_REVOKED,CONSENT_REVOKED,CONSENT_REVOKED,CONSENT_REVOKED,CONSENT_REVOKED,CONSENT_REVOKED,CONSENT_REVOKED
6a0cb5f42efa5fadd6b46b1f,64e36d981d00e7d7c45addc2,RETURNED,Not Applicable,2026-05-19T19:11:51.295000Z,,,,,,7640,CONSENT_REVOKED,CONSENT_REVOKED,CONSENT_REVOKED,CONSENT_REVOKED,CONSENT_REVOKED,CONSENT_REVOKED,CONSENT_REVOKED,CONSENT_REVOKED,CONSENT_REVOKED,CONSENT_REVOKED,CONSENT_REVOKED,CONSENT_REVOKED,CONSENT_REVOKED
6a0cb64085f15285052a7436,5b4ec32e995d4e00010944ce,RETURNED,Not Applicable,2026-05-19T19:14:46.572000Z,,,,,,1783,CONSENT_REVOKED,CONSENT_REVOKED,CONSENT_REVOKED,CONSENT_REVOKED,CONSENT_REVOKED,CONSENT_REVOKED,CONSENT_REVOKED,CONSENT_REVOKED,CONSENT_REVOKED,CONSENT_REVOKED,CONSENT_REVOKED,CONSENT_REVOKED,CONSENT_REVOKED
6a0cb7c9d25340ea7e185eef,69c20c32f5b33dc470473758,RETURNED,Not Applicable,2026-05-19T19:19:40.129000Z,,,,,,810,CONSENT_REVOKED,CONSENT_REVOKED,CONSENT_REVOKED,CONSENT_REVOKED,CONSENT_REVOKED,CONSENT_REVOKED,CONSENT_REVOKED,CONSENT_REVOKED,CONSENT_REVOKED,CONSENT_REVOKED,CONSENT_REVOKED,CONSENT_REVOKED,CONSENT_REVOKED
6a0cb872e51cbf05ab07c815,6a08cd699b922a496ade5118,RETURNED,Not Applicable,2026-05-19T19:22:50.227000Z,,,,,,29,CONSENT_REVOKED,CONSENT_REVOKED,CONSENT_REVOKED,CONSENT_REVOKED,CONSENT_REVOKED,CONSENT_REVOKED,CONSENT_REVOKED,CONSENT_REVOKED,CONSENT_REVOKED,CONSENT_REVOKED,CONSENT_REVOKED,CONSENT_REVOKED,CONSENT_REVOKED
6a0cb96e076e87d26e54c159,6a0644802abcd523105f8273,RETURNED,Not Applicable,2026-05-19T19:26:44.910000Z,,,,,,34,CONSENT_REVOKED,CONSENT_REVOKED,CONSENT_REVOKED,CONSENT_REVOKED,CONSENT_REVOKED,CONSENT_REVOKED,CONSENT_REVOKED,CONSENT_REVOKED,CONSENT_REVOKED,CONSENT_REVOKED,CONSENT_REVOKED,CONSENT_REVOKED,CONSENT_REVOKED
6a0cb98357d6c3a138583871,69fcf7b8d17d8719027b8b7f,RETURNED,Not Applicable,2026-05-19T19:27:03.327000Z,,,,,,40,CONSENT_REVOKED,CONSENT_REVOKED,CONSENT_REVOKED,CONSENT_REVOKED,CONSENT_REVOKED,CONSENT_REVOKED,CONSENT_REVOKED,CONSENT_REVOKED,CONSENT_REVOKED,CONSENT_REVOKED,CONSENT_REVOKED,CONSENT_REVOKED,CONSENT_REVOKED
6a0cba02847abf4f8d8c57aa,69fed5e3b5d7fb4bf03a35cc,RETURNED,Not Applicable,2026-05-19T19:34:27.131000Z,,,,,,330,CONSENT_REVOKED,CONSENT_REVOKED,CONSENT_REVOKED,CONSENT_REVOKED,CONSENT_REVOKED,CONSENT_REVOKED,CONSENT_REVOKED,CONSENT_REVOKED,CONSENT_REVOKED,CONSENT_REVOKED,CONSENT_REVOKED,CONSENT_REVOKED,CONSENT_REVOKED
6a0cbc37f2eb35be7ec5c830,69eb800832758d43f529f9af,RETURNED,Not Applicable,2026-05-19T19:39:16.394000Z,,,,,,343,CONSENT_REVOKED,CONSENT_REVOKED,CONSENT_REVOKED,CONSENT_REVOKED,CONSENT_REVOKED,CONSENT_REVOKED,CONSENT_REVOKED,CONSENT_REVOKED,CONSENT_REVOKED,CONSENT_REVOKED,CONSENT_REVOKED,CONSENT_REVOKED,CONSENT_REVOKED
6a0cbd5787d53e160ffab82f,66a1f05831c042974d7bf04b,RETURNED,Not Applicable,2026-05-19T19:43:26.053000Z,,,,,,1104,CONSENT_REVOKED,CONSENT_REVOKED,CONSENT_REVOKED,CONSENT_REVOKED,CONSENT_REVOKED,CONSENT_REVOKED,CONSENT_REVOKED,CONSENT_REVOKED,CONSENT_REVOKED,CONSENT_REVOKED,CONSENT_REVOKED,CONSENT_REVOKED,CONSENT_REVOKED
6a0cbf264e687cadc769994d,69440f7e80a4386d25e90198,REJECTED,Not Applicable,2026-05-19T19:51:12.562000Z,2026-05-19T19:57:32.027000Z,2026-05-20T14:30:06.626000Z,2026-05-19T19:58:33.271000Z,380.0,C15DM49H,1960,CONSENT_REVOKED,CONSENT_REVOKED,CONSENT_REVOKED,CONSENT_REVOKED,CONSENT_REVOKED,CONSENT_REVOKED,CONSENT_REVOKED,CONSENT_REVOKED,CONSENT_REVOKED,CONSENT_REVOKED,CONSENT_REVOKED,CONSENT_REVOKED,CONSENT_REVOKED
6a0cbfec0a5906dc8a42eadd,616eee064fa84629904802ab,RETURNED,Not Applicable,2026-05-19T19:54:47.512000Z,,,,,,1706,CONSENT_REVOKED,CONSENT_REVOKED,CONSENT_REVOKED,CONSENT_REVOKED,CONSENT_REVOKED,CONSENT_REVOKED,CONSENT_REVOKED,CONSENT_REVOKED,CONSENT_REVOKED,CONSENT_REVOKED,CONSENT_REVOKED,CONSENT_REVOKED,CONSENT_REVOKED
6a0cc054ba55685448837ae2,69ff32192d365672ccab813b,RETURNED,Not Applicable,2026-05-19T19:56:29.906000Z,,,,,,61,CONSENT_REVOKED,CONSENT_REVOKED,CONSENT_REVOKED,CONSENT_REVOKED,CONSENT_REVOKED,CONSENT_REVOKED,CONSENT_REVOKED,CONSENT_REVOKED,CONSENT_REVOKED,CONSENT_REVOKED,CONSENT_REVOKED,CONSENT_REVOKED,CONSENT_REVOKED
6a0cc0ba1183a2c957aaa048,670c06bb7926d2525a7a7755,RETURNED,Not Applicable,2026-05-19T19:57:56.537000Z,,,,,,7252,CONSENT_REVOKED,CONSENT_REVOKED,CONSENT_REVOKED,CONSENT_REVOKED,CONSENT_REVOKED,CONSENT_REVOKED,CONSENT_REVOKED,CONSENT_REVOKED,CONSENT_REVOKED,CONSENT_REVOKED,CONSENT_REVOKED,CONSENT_REVOKED,CONSENT_REVOKED
6a0cc1174a549534f004da46,5c1ebf5f658e9200017ae7e9,RETURNED,Not Applicable,2026-05-19T19:59:23.537000Z,,,,,,12150,CONSENT_REVOKED,CONSENT_REVOKED,CONSENT_REVOKED,CONSENT_REVOKED,CONSENT_REVOKED,CONSENT_REVOKED,CONSENT_REVOKED,CONSENT_REVOKED,CONSENT_REVOKED,CONSENT_REVOKED,CONSENT_REVOKED,CONSENT_REVOKED,CONSENT_REVOKED
6a0cc1218b3009efc56875e6,69f5668a396ccedc6e71a304,RETURNED,Not Applicable,2026-05-19T19:59:43.497000Z,,,,,,131,CONSENT_REVOKED,CONSENT_REVOKED,CONSENT_REVOKED,CONSENT_REVOKED,CONSENT_REVOKED,CONSENT_REVOKED,CONSENT_REVOKED,CONSENT_REVOKED,CONSENT_REVOKED,CONSENT_REVOKED,CONSENT_REVOKED,CONSENT_REVOKED,CONSENT_REVOKED
6a0cc2d57302f953295fc361,62c35e9517e15b36b957a678,RETURNED,Not Applicable,2026-05-19T20:06:45.442000Z,,,,,,9859,CONSENT_REVOKED,CONSENT_REVOKED,CONSENT_REVOKED,CONSENT_REVOKED,CONSENT_REVOKED,CONSENT_REVOKED,CONSENT_REVOKED,CONSENT_REVOKED,CONSENT_REVOKED,CONSENT_REVOKED,CONSENT_REVOKED,CONSENT_REVOKED,CONSENT_REVOKED
6a0cc3823bd45fad507a6f5e,697a3f6596a1e447d1808b92,RETURNED,Not Applicable,2026-05-19T20:11:33.342000Z,,,,,,811,CONSENT_REVOKED,CONSENT_REVOKED,CONSENT_REVOKED,CONSENT_REVOKED,CONSENT_REVOKED,CONSENT_REVOKED,CONSENT_REVOKED,CONSENT_REVOKED,CONSENT_REVOKED,CONSENT_REVOKED,CONSENT_REVOKED,CONSENT_REVOKED,CONSENT_REVOKED
6a0cc51961ada67b62835549,640107354d2e4e321724fe27,RETURNED,Not Applicable,2026-05-19T20:17:15.448000Z,,,,,,2233,CONSENT_REVOKED,CONSENT_REVOKED,CONSENT_REVOKED,CONSENT_REVOKED,CONSENT_REVOKED,CONSENT_REVOKED,CONSENT_REVOKED,CONSENT_REVOKED,CONSENT_REVOKED,CONSENT_REVOKED,CONSENT_REVOKED,CONSENT_REVOKED,CONSENT_REVOKED
6a0cc52c2118b3436193afbf,6a04cdc3c66f79399c8bee79,RETURNED,Not Applicable,2026-05-19T20:16:48.613000Z,,,,,,90,CONSENT_REVOKED,CONSENT_REVOKED,CONSENT_REVOKED,CONSENT_REVOKED,CONSENT_REVOKED,CONSENT_REVOKED,CONSENT_REVOKED,CONSENT_REVOKED,CONSENT_REVOKED,CONSENT_REVOKED,CONSENT_REVOKED,CONSENT_REVOKED,CONSENT_REVOKED
6a0cc70828b36c4f01af3054,698f9675b0a2c0885344c225,RETURNED,Not Applicable,,,,,,,1462,CONSENT_REVOKED,CONSENT_REVOKED,CONSENT_REVOKED,CONSENT_REVOKED,CONSENT_REVOKED,CONSENT_REVOKED,CONSENT_REVOKED,CONSENT_REVOKED,CONSENT_REVOKED,CONSENT_REVOKED,CONSENT_REVOKED,CONSENT_REVOKED,CONSENT_REVOKED
6a0cc7450ac998f262431cb4,69ca21e8059ce6bee25c12ef,RETURNED,Not Applicable,,,,,,,1224,CONSENT_REVOKED,CONSENT_REVOKED,CONSENT_REVOKED,CONSENT_REVOKED,CONSENT_REVOKED,CONSENT_REVOKED,CONSENT_REVOKED,CONSENT_REVOKED,CONSENT_REVOKED,CONSENT_REVOKED,CONSENT_REVOKED,CONSENT_REVOKED,CONSENT_REVOKED
6a0cc7500eb79238874ee53b,69fba1d76bc977f982998a3a,RETURNED,Not Applicable,2026-05-19T20:25:58.577000Z,,,,,,309,CONSENT_REVOKED,CONSENT_REVOKED,CONSENT_REVOKED,CONSENT_REVOKED,CONSENT_REVOKED,CONSENT_REVOKED,CONSENT_REVOKED,CONSENT_REVOKED,CONSENT_REVOKED,CONSENT_REVOKED,CONSENT_REVOKED,CONSENT_REVOKED,CONSENT_REVOKED
6a0cc7dc5f71a71ddc7554b4,699ad342af78e1d33af5c374,RETURNED,Not Applicable,2026-05-19T20:28:16.524000Z,,,,,,236,CONSENT_REVOKED,CONSENT_REVOKED,CONSENT_REVOKED,CONSENT_REVOKED,CONSENT_REVOKED,CONSENT_REVOKED,CONSENT_REVOKED,CONSENT_REVOKED,CONSENT_REVOKED,CONSENT_REVOKED,CONSENT_REVOKED,CONSENT_REVOKED,CONSENT_REVOKED
6a0cc8428ed203f8732e1af3,69838c967c78c6ef18426fba,RETURNED,Not Applicable,2026-05-19T20:30:54.959000Z,,,,,,4249,CONSENT_REVOKED,CONSENT_REVOKED,CONSENT_REVOKED,CONSENT_REVOKED,CONSENT_REVOKED,CONSENT_REVOKED,CONSENT_REVOKED,CONSENT_REVOKED,CONSENT_REVOKED,CONSENT_REVOKED,CONSENT_REVOKED,CONSENT_REVOKED,CONSENT_REVOKED
6a0cc86624a73f44242be03a,65ee154afdaf7eac7d0144c0,RETURNED,Not Applicable,2026-05-19T20:30:35.036000Z,,,,,,4889,CONSENT_REVOKED,CONSENT_REVOKED,CONSENT_REVOKED,CONSENT_REVOKED,CONSENT_REVOKED,CONSENT_REVOKED,CONSENT_REVOKED,CONSENT_REVOKED,CONSENT_REVOKED,CONSENT_REVOKED,CONSENT_REVOKED,CONSENT_REVOKED,CONSENT_REVOKED
6a0cc9e6add6bc647fe0b980,62e641e757a7c8640079fbd9,RETURNED,Not Applicable,2026-05-19T20:41:29.847000Z,,,,,,4094,CONSENT_REVOKED,CONSENT_REVOKED,CONSENT_REVOKED,CONSENT_REVOKED,CONSENT_REVOKED,CONSENT_REVOKED,CONSENT_REVOKED,CONSENT_REVOKED,CONSENT_REVOKED,CONSENT_REVOKED,CONSENT_REVOKED,CONSENT_REVOKED,CONSENT_REVOKED
6a0cca812523f1cd479d7cb7,69dc0bb705c5528e019815eb,RETURNED,Not Applicable,2026-05-19T20:40:01.654000Z,,,,,,208,CONSENT_REVOKED,CONSENT_REVOKED,CONSENT_REVOKED,CONSENT_REVOKED,CONSENT_REVOKED,CONSENT_REVOKED,CONSENT_REVOKED,CONSENT_REVOKED,CONSENT_REVOKED,CONSENT_REVOKED,CONSENT_REVOKED,CONSENT_REVOKED,CONSENT_REVOKED
6a0ccb0e7617179a3b872df5,652d8a4cd08c6435db58fd9b,RETURNED,Not Applicable,2026-05-19T20:43:07.612000Z,,,,,,4202,CONSENT_REVOKED,CONSENT_REVOKED,CONSENT_REVOKED,CONSENT_REVOKED,CONSENT_REVOKED,CONSENT_REVOKED,CONSENT_REVOKED,CONSENT_REVOKED,CONSENT_REVOKED,CONSENT_REVOKED,CONSENT_REVOKED,CONSENT_REVOKED,CONSENT_REVOKED
6a0ccb6cd1b2f4453b466b5d,69ff92fbc83ad6c756a830ab,RETURNED,Not Applicable,2026-05-19T20:43:27.888000Z,,,,,,224,CONSENT_REVOKED,CONSENT_REVOKED,CONSENT_REVOKED,CONSENT_REVOKED,CONSENT_REVOKED,CONSENT_REVOKED,CONSENT_REVOKED,CONSENT_REVOKED,CONSENT_REVOKED,CONSENT_REVOKED,CONSENT_REVOKED,CONSENT_REVOKED,CONSENT_REVOKED
6a0ccb70ca0af0ff7d7a1f38,69c0ae59e7e1aabc3d03cc78,RETURNED,Not Applicable,2026-05-19T20:43:54.077000Z,,,,,,323,CONSENT_REVOKED,CONSENT_REVOKED,CONSENT_REVOKED,CONSENT_REVOKED,CONSENT_REVOKED,CONSENT_REVOKED,CONSENT_REVOKED,CONSENT_REVOKED,CONSENT_REVOKED,CONSENT_REVOKED,CONSENT_REVOKED,CONSENT_REVOKED,CONSENT_REVOKED
6a0ccc19d48275570882ca0e,69efc8ef66636c8328eea40b,RETURNED,Not Applicable,,,,,,,40,CONSENT_REVOKED,CONSENT_REVOKED,CONSENT_REVOKED,CONSENT_REVOKED,CONSENT_REVOKED,CONSENT_REVOKED,CONSENT_REVOKED,CONSENT_REVOKED,CONSENT_REVOKED,CONSENT_REVOKED,CONSENT_REVOKED,CONSENT_REVOKED,CONSENT_REVOKED
6a0cceef981b954c4d130ea0,66541006a1dd56700858320a,RETURNED,Not Applicable,2026-05-19T20:58:41.456000Z,,,,,,5539,CONSENT_REVOKED,CONSENT_REVOKED,CONSENT_REVOKED,CONSENT_REVOKED,CONSENT_REVOKED,CONSENT_REVOKED,CONSENT_REVOKED,CONSENT_REVOKED,CONSENT_REVOKED,CONSENT_REVOKED,CONSENT_REVOKED,CONSENT_REVOKED,CONSENT_REVOKED
6a0ccfc1cd9e42946d11e29f,64135f3a5f83c8b43e569213,RETURNED,Not Applicable,2026-05-19T21:12:00.025000Z,,,,,,1956,CONSENT_REVOKED,CONSENT_REVOKED,CONSENT_REVOKED,CONSENT_REVOKED,CONSENT_REVOKED,CONSENT_REVOKED,CONSENT_REVOKED,CONSENT_REVOKED,CONSENT_REVOKED,CONSENT_REVOKED,CONSENT_REVOKED,CONSENT_REVOKED,CONSENT_REVOKED
6a0cd00333d92237dbc90beb,69eb9aa32511bd79b8d72580,RETURNED,Not Applicable,2026-05-19T21:04:49.142000Z,,,,,,367,CONSENT_REVOKED,CONSENT_REVOKED,CONSENT_REVOKED,CONSENT_REVOKED,CONSENT_REVOKED,CONSENT_REVOKED,CONSENT_REVOKED,CONSENT_REVOKED,CONSENT_REVOKED,CONSENT_REVOKED,CONSENT_REVOKED,CONSENT_REVOKED,CONSENT_REVOKED
6a0cd1794d93f7c310d4f98c,69e192c0923be458cafc9289,RETURNED,Not Applicable,,,,,,,526,CONSENT_REVOKED,CONSENT_REVOKED,CONSENT_REVOKED,CONSENT_REVOKED,CONSENT_REVOKED,CONSENT_REVOKED,CONSENT_REVOKED,CONSENT_REVOKED,CONSENT_REVOKED,CONSENT_REVOKED,CONSENT_REVOKED,CONSENT_REVOKED,CONSENT_REVOKED
6a0cd18de07cc132a0897893,69c13c0ad9ea03501703d527,RETURNED,Not Applicable,2026-05-19T21:09:36.314000Z,,,,,,1284,CONSENT_REVOKED,CONSENT_REVOKED,CONSENT_REVOKED,CONSENT_REVOKED,CONSENT_REVOKED,CONSENT_REVOKED,CONSENT_REVOKED,CONSENT_REVOKED,CONSENT_REVOKED,CONSENT_REVOKED,CONSENT_REVOKED,CONSENT_REVOKED,CONSENT_REVOKED
6a0cd1b707eea3569647d1e0,5c8d1bee1bb19f00019d519e,RETURNED,Not Applicable,2026-05-19T21:10:19.544000Z,,,,,,3252,CONSENT_REVOKED,CONSENT_REVOKED,CONSENT_REVOKED,CONSENT_REVOKED,CONSENT_REVOKED,CONSENT_REVOKED,CONSENT_REVOKED,CONSENT_REVOKED,CONSENT_REVOKED,CONSENT_REVOKED,CONSENT_REVOKED,CONSENT_REVOKED,CONSENT_REVOKED
6a0cd23000e3efc2d7e76c44,69ec8c0f83414539ee5e37e1,RETURNED,Not Applicable,,,,,,,694,CONSENT_REVOKED,CONSENT_REVOKED,CONSENT_REVOKED,CONSENT_REVOKED,CONSENT_REVOKED,CONSENT_REVOKED,CONSENT_REVOKED,CONSENT_REVOKED,CONSENT_REVOKED,CONSENT_REVOKED,CONSENT_REVOKED,CONSENT_REVOKED,CONSENT_REVOKED
6a0cd2433cc4e71e6a795e3e,69f0fecabc022355f9a7b13e,RETURNED,Not Applicable,2026-05-19T21:14:10.407000Z,,,,,,142,CONSENT_REVOKED,CONSENT_REVOKED,CONSENT_REVOKED,CONSENT_REVOKED,CONSENT_REVOKED,CONSENT_REVOKED,CONSENT_REVOKED,CONSENT_REVOKED,CONSENT_REVOKED,CONSENT_REVOKED,CONSENT_REVOKED,CONSENT_REVOKED,CONSENT_REVOKED
6a0cd2621abfd771c7ffa43d,69daaab3449a7e94fc046b59,RETURNED,Not Applicable,2026-05-19T21:24:00.010000Z,,,,,,271,CONSENT_REVOKED,CONSENT_REVOKED,CONSENT_REVOKED,CONSENT_REVOKED,CONSENT_REVOKED,CONSENT_REVOKED,CONSENT_REVOKED,CONSENT_REVOKED,CONSENT_REVOKED,CONSENT_REVOKED,CONSENT_REVOKED,CONSENT_REVOKED,CONSENT_REVOKED
6a0cd27f61378fd0b0c46c90,66ce77e3d21bb5b5d6a83d37,RETURNED,Not Applicable,2026-05-19T21:13:45.194000Z,,,,,,5522,CONSENT_REVOKED,CONSENT_REVOKED,CONSENT_REVOKED,CONSENT_REVOKED,CONSENT_REVOKED,CONSENT_REVOKED,CONSENT_REVOKED,CONSENT_REVOKED,CONSENT_REVOKED,CONSENT_REVOKED,CONSENT_REVOKED,CONSENT_REVOKED,CONSENT_REVOKED
6a0cd3348fe069716b8b0f2e,69c59b8a6b1f26fc40d5eefd,RETURNED,Not Applicable,2026-05-19T21:16:40.276000Z,,,,,,517,CONSENT_REVOKED,CONSENT_REVOKED,CONSENT_REVOKED,CONSENT_REVOKED,CONSENT_REVOKED,CONSENT_REVOKED,CONSENT_REVOKED,CONSENT_REVOKED,CONSENT_REVOKED,CONSENT_REVOKED,CONSENT_REVOKED,CONSENT_REVOKED,CONSENT_REVOKED
6a0cd3ad2aff11bae91d60c0,698cf4f5bd1771d44bacdc21,RETURNED,Not Applicable,2026-05-19T21:18:46.797000Z,,,,,,140,CONSENT_REVOKED,CONSENT_REVOKED,CONSENT_REVOKED,CONSENT_REVOKED,CONSENT_REVOKED,CONSENT_REVOKED,CONSENT_REVOKED,CONSENT_REVOKED,CONSENT_REVOKED,CONSENT_REVOKED,CONSENT_REVOKED,CONSENT_REVOKED,CONSENT_REVOKED
6a0cd3b4e901270ccb1e93b3,69ec47797558517100c34b99,RETURNED,Not Applicable,,,,,,,129,CONSENT_REVOKED,CONSENT_REVOKED,CONSENT_REVOKED,CONSENT_REVOKED,CONSENT_REVOKED,CONSENT_REVOKED,CONSENT_REVOKED,CONSENT_REVOKED,CONSENT_REVOKED,CONSENT_REVOKED,CONSENT_REVOKED,CONSENT_REVOKED,CONSENT_REVOKED
6a0cd3bce83e6d4de06825fc,66e784f4fbbea5080adb18df,RETURNED,Not Applicable,2026-05-19T21:19:59.277000Z,,,,,,1597,CONSENT_REVOKED,CONSENT_REVOKED,CONSENT_REVOKED,CONSENT_REVOKED,CONSENT_REVOKED,CONSENT_REVOKED,CONSENT_REVOKED,CONSENT_REVOKED,CONSENT_REVOKED,CONSENT_REVOKED,CONSENT_REVOKED,CONSENT_REVOKED,CONSENT_REVOKED
6a0cd49e252acd43611f81c8,668edefdca0cc6932d244203,RETURNED,Not Applicable,2026-05-19T21:22:53.564000Z,,,,,,47,CONSENT_REVOKED,CONSENT_REVOKED,CONSENT_REVOKED,CONSENT_REVOKED,CONSENT_REVOKED,CONSENT_REVOKED,CONSENT_REVOKED,CONSENT_REVOKED,CONSENT_REVOKED,CONSENT_REVOKED,CONSENT_REVOKED,CONSENT_REVOKED,CONSENT_REVOKED
6a0cd4e7d1c224eb628a20cc,69f923c5393031a021a63e6d,RETURNED,Not Applicable,2026-05-19T21:23:54.986000Z,,,,,,263,CONSENT_REVOKED,CONSENT_REVOKED,CONSENT_REVOKED,CONSENT_REVOKED,CONSENT_REVOKED,CONSENT_REVOKED,CONSENT_REVOKED,CONSENT_REVOKED,CONSENT_REVOKED,CONSENT_REVOKED,CONSENT_REVOKED,CONSENT_REVOKED,CONSENT_REVOKED
6a0cd507a2edb9f2fb45accc,5c6709ab926a5b0001eb29c1,RETURNED,Not Applicable,2026-05-19T21:24:27.209000Z,,,,,,9231,CONSENT_REVOKED,CONSENT_REVOKED,CONSENT_REVOKED,CONSENT_REVOKED,CONSENT_REVOKED,CONSENT_REVOKED,CONSENT_REVOKED,CONSENT_REVOKED,CONSENT_REVOKED,CONSENT_REVOKED,CONSENT_REVOKED,CONSENT_REVOKED,CONSENT_REVOKED
6a0cd6c6d330442268c1f005,67fd8520a5dcf6eaa319fc52,RETURNED,Not Applicable,2026-05-19T21:31:54.052000Z,,,,,,4394,CONSENT_REVOKED,CONSENT_REVOKED,CONSENT_REVOKED,CONSENT_REVOKED,CONSENT_REVOKED,CONSENT_REVOKED,CONSENT_REVOKED,CONSENT_REVOKED,CONSENT_REVOKED,CONSENT_REVOKED,CONSENT_REVOKED,CONSENT_REVOKED,CONSENT_REVOKED
6a0cd7dc9becf6a035df49b0,69a5e7cdd7d1786977103e14,RETURNED,Not Applicable,2026-05-19T21:36:33.128000Z,,,,,,546,CONSENT_REVOKED,CONSENT_REVOKED,CONSENT_REVOKED,CONSENT_REVOKED,CONSENT_REVOKED,CONSENT_REVOKED,CONSENT_REVOKED,CONSENT_REVOKED,CONSENT_REVOKED,CONSENT_REVOKED,CONSENT_REVOKED,CONSENT_REVOKED,CONSENT_REVOKED
6a0cd8332cf5b139095e45a5,69f8c36c372161ede5acc499,RETURNED,Not Applicable,2026-05-19T21:37:59.220000Z,,,,,,158,CONSENT_REVOKED,CONSENT_REVOKED,CONSENT_REVOKED,CONSENT_REVOKED,CONSENT_REVOKED,CONSENT_REVOKED,CONSENT_REVOKED,CONSENT_REVOKED,CONSENT_REVOKED,CONSENT_REVOKED,CONSENT_REVOKED,CONSENT_REVOKED,CONSENT_REVOKED
6a0cd88983b0421d29204431,6a0545cdb77186ebff5a28ec,RETURNED,Not Applicable,2026-05-19T21:39:28.970000Z,,,,,,29,CONSENT_REVOKED,CONSENT_REVOKED,CONSENT_REVOKED,CONSENT_REVOKED,CONSENT_REVOKED,CONSENT_REVOKED,CONSENT_REVOKED,CONSENT_REVOKED,CONSENT_REVOKED,CONSENT_REVOKED,CONSENT_REVOKED,CONSENT_REVOKED,CONSENT_REVOKED
6a0cd8a98bddfb344983f344,6718e196003d5cc872f1e3bc,RETURNED,Not Applicable,2026-05-19T21:39:59.936000Z,,,,,,3069,CONSENT_REVOKED,CONSENT_REVOKED,CONSENT_REVOKED,CONSENT_REVOKED,CONSENT_REVOKED,CONSENT_REVOKED,CONSENT_REVOKED,CONSENT_REVOKED,CONSENT_REVOKED,CONSENT_REVOKED,CONSENT_REVOKED,CONSENT_REVOKED,CONSENT_REVOKED
6a0cd9472cf5b139095e45d1,69e6a58125397cb2600966e2,RETURNED,Not Applicable,2026-05-19T21:42:45.216000Z,,,,,,265,CONSENT_REVOKED,CONSENT_REVOKED,CONSENT_REVOKED,CONSENT_REVOKED,CONSENT_REVOKED,CONSENT_REVOKED,CONSENT_REVOKED,CONSENT_REVOKED,CONSENT_REVOKED,CONSENT_REVOKED,CONSENT_REVOKED,CONSENT_REVOKED,CONSENT_REVOKED
6a0cd9ecf2fc9f61d5453d1f,659daa1ed4e13d6428103c1f,RETURNED,Not Applicable,2026-05-19T21:45:24.040000Z,,,,,,10352,CONSENT_REVOKED,CONSENT_REVOKED,CONSENT_REVOKED,CONSENT_REVOKED,CONSENT_REVOKED,CONSENT_REVOKED,CONSENT_REVOKED,CONSENT_REVOKED,CONSENT_REVOKED,CONSENT_REVOKED,CONSENT_REVOKED,CONSENT_REVOKED,CONSENT_REVOKED
6a0cdb910a52bc3d47ebc557,6a0546ca8a33cb0add6e913e,RETURNED,Not Applicable,2026-05-19T21:52:23.122000Z,,,,,,35,CONSENT_REVOKED,CONSENT_REVOKED,CONSENT_REVOKED,CONSENT_REVOKED,CONSENT_REVOKED,CONSENT_REVOKED,CONSENT_REVOKED,CONSENT_REVOKED,CONSENT_REVOKED,CONSENT_REVOKED,CONSENT_REVOKED,CONSENT_REVOKED,CONSENT_REVOKED
6a0cdc3baa215618751c6d78,69838d991c59483eb13a761b,RETURNED,Not Applicable,2026-05-19T21:55:36.872000Z,,,,,,1153,CONSENT_REVOKED,CONSENT_REVOKED,CONSENT_REVOKED,CONSENT_REVOKED,CONSENT_REVOKED,CONSENT_REVOKED,CONSENT_REVOKED,CONSENT_REVOKED,CONSENT_REVOKED,CONSENT_REVOKED,CONSENT_REVOKED,CONSENT_REVOKED,CONSENT_REVOKED
6a0cdc3cc31d44959c9a70e0,662ee93d2b8c4a2443c1934a,RETURNED,Not Applicable,,,,,,,1173,CONSENT_REVOKED,CONSENT_REVOKED,CONSENT_REVOKED,CONSENT_REVOKED,CONSENT_REVOKED,CONSENT_REVOKED,CONSENT_REVOKED,CONSENT_REVOKED,CONSENT_REVOKED,CONSENT_REVOKED,CONSENT_REVOKED,CONSENT_REVOKED,CONSENT_REVOKED
6a0cdc51b4db5426f2f8bc3e,69ae12d80506881fd73a0a78,RETURNED,Not Applicable,2026-05-19T21:55:37.822000Z,,,,,,634,CONSENT_REVOKED,CONSENT_REVOKED,CONSENT_REVOKED,CONSENT_REVOKED,CONSENT_REVOKED,CONSENT_REVOKED,CONSENT_REVOKED,CONSENT_REVOKED,CONSENT_REVOKED,CONSENT_REVOKED,CONSENT_REVOKED,CONSENT_REVOKED,CONSENT_REVOKED
6a0cdc6adab044b1d9ffaaa9,6695541a6e0d986b02c25dd9,RETURNED,Not Applicable,2026-05-19T21:58:17.086000Z,,,,,,2245,CONSENT_REVOKED,CONSENT_REVOKED,CONSENT_REVOKED,CONSENT_REVOKED,CONSENT_REVOKED,CONSENT_REVOKED,CONSENT_REVOKED,CONSENT_REVOKED,CONSENT_REVOKED,CONSENT_REVOKED,CONSENT_REVOKED,CONSENT_REVOKED,CONSENT_REVOKED
6a0cdd16e86f35f79ca90f9f,69ec3060e55151aa2c8e9a0f,RETURNED,Not Applicable,2026-05-19T21:58:48.884000Z,,,,,,310,CONSENT_REVOKED,CONSENT_REVOKED,CONSENT_REVOKED,CONSENT_REVOKED,CONSENT_REVOKED,CONSENT_REVOKED,CONSENT_REVOKED,CONSENT_REVOKED,CONSENT_REVOKED,CONSENT_REVOKED,CONSENT_REVOKED,CONSENT_REVOKED,CONSENT_REVOKED
6a0cdd665f79d056adaf457a,69a9281ccac0c9b7a39d1f87,RETURNED,Not Applicable,2026-05-19T22:00:10.880000Z,,,,,,422,CONSENT_REVOKED,CONSENT_REVOKED,CONSENT_REVOKED,CONSENT_REVOKED,CONSENT_REVOKED,CONSENT_REVOKED,CONSENT_REVOKED,CONSENT_REVOKED,CONSENT_REVOKED,CONSENT_REVOKED,CONSENT_REVOKED,CONSENT_REVOKED,CONSENT_REVOKED
6a0cddcc4a7008978bebeccd,69befa2e133968bfac9921bb,RETURNED,Not Applicable,2026-05-19T22:01:54.389000Z,,,,,,628,CONSENT_REVOKED,CONSENT_REVOKED,CONSENT_REVOKED,CONSENT_REVOKED,CONSENT_REVOKED,CONSENT_REVOKED,CONSENT_REVOKED,CONSENT_REVOKED,CONSENT_REVOKED,CONSENT_REVOKED,CONSENT_REVOKED,CONSENT_REVOKED,CONSENT_REVOKED
6a0cdf1d078ff4c6d0f8bc3d,69cd5dcb8a87891b72f6ebf1,RETURNED,Not Applicable,2026-05-19T22:07:28.671000Z,,,,,,465,CONSENT_REVOKED,CONSENT_REVOKED,CONSENT_REVOKED,CONSENT_REVOKED,CONSENT_REVOKED,CONSENT_REVOKED,CONSENT_REVOKED,CONSENT_REVOKED,CONSENT_REVOKED,CONSENT_REVOKED,CONSENT_REVOKED,CONSENT_REVOKED,CONSENT_REVOKED
6a0ce01f397f6090523e5cba,69d3e8bd51487f95e5c18e9f,REJECTED,Not Applicable,2026-05-19T22:11:48.643000Z,2026-05-19T22:18:21.025000Z,2026-05-20T14:30:12.551000Z,2026-05-19T22:19:21.398000Z,393.0,C15DM49H,20,CONSENT_REVOKED,CONSENT_REVOKED,CONSENT_REVOKED,CONSENT_REVOKED,CONSENT_REVOKED,CONSENT_REVOKED,CONSENT_REVOKED,CONSENT_REVOKED,CONSENT_REVOKED,CONSENT_REVOKED,CONSENT_REVOKED,CONSENT_REVOKED,CONSENT_REVOKED
6a0ce0caed8ffb73fa613958,660b8a64848fe5d8cc2c5444,RETURNED,Not Applicable,,,,,,,2239,CONSENT_REVOKED,CONSENT_REVOKED,CONSENT_REVOKED,CONSENT_REVOKED,CONSENT_REVOKED,CONSENT_REVOKED,CONSENT_REVOKED,CONSENT_REVOKED,CONSENT_REVOKED,CONSENT_REVOKED,CONSENT_REVOKED,CONSENT_REVOKED,CONSENT_REVOKED
6a0ce0f5e4073d0244ee1f74,67adfd79c179f9be2ab96114,RETURNED,Not Applicable,2026-05-19T22:15:21.960000Z,,,,,,757,CONSENT_REVOKED,CONSENT_REVOKED,CONSENT_REVOKED,CONSENT_REVOKED,CONSENT_REVOKED,CONSENT_REVOKED,CONSENT_REVOKED,CONSENT_REVOKED,CONSENT_REVOKED,CONSENT_REVOKED,CONSENT_REVOKED,CONSENT_REVOKED,CONSENT_REVOKED
6a0ce0fbf0726b21f18cf233,6a0746483ccc1f74b14ef9e0,RETURNED,Not Applicable,,,,,,,39,CONSENT_REVOKED,CONSENT_REVOKED,CONSENT_REVOKED,CONSENT_REVOKED,CONSENT_REVOKED,CONSENT_REVOKED,CONSENT_REVOKED,CONSENT_REVOKED,CONSENT_REVOKED,CONSENT_REVOKED,CONSENT_REVOKED,CONSENT_REVOKED,CONSENT_REVOKED
6a0ce14215bb58e213c207b3,6a04cfd5f238e290a0746a15,RETURNED,Not Applicable,2026-05-19T22:16:49.871000Z,,,,,,35,CONSENT_REVOKED,CONSENT_REVOKED,CONSENT_REVOKED,CONSENT_REVOKED,CONSENT_REVOKED,CONSENT_REVOKED,CONSENT_REVOKED,CONSENT_REVOKED,CONSENT_REVOKED,CONSENT_REVOKED,CONSENT_REVOKED,CONSENT_REVOKED,CONSENT_REVOKED
6a0ce3af151de601e0cf30d8,69d8f8c872f148b282eed3cc,RETURNED,Not Applicable,2026-05-19T22:27:06.932000Z,,,,,,55,CONSENT_REVOKED,CONSENT_REVOKED,CONSENT_REVOKED,CONSENT_REVOKED,CONSENT_REVOKED,CONSENT_REVOKED,CONSENT_REVOKED,CONSENT_REVOKED,CONSENT_REVOKED,CONSENT_REVOKED,CONSENT_REVOKED,CONSENT_REVOKED,CONSENT_REVOKED
6a0ce5250f93edd3e2f67d57,6a03cc94bc244ef4fa3a93ee,RETURNED,Not Applicable,2026-05-19T22:33:13.833000Z,,,,,,85,CONSENT_REVOKED,CONSENT_REVOKED,CONSENT_REVOKED,CONSENT_REVOKED,CONSENT_REVOKED,CONSENT_REVOKED,CONSENT_REVOKED,CONSENT_REVOKED,CONSENT_REVOKED,CONSENT_REVOKED,CONSENT_REVOKED,CONSENT_REVOKED,CONSENT_REVOKED
6a0ce534da83290fa7572bf3,6a047c2b564eab2dd106065c,RETURNED,Not Applicable,2026-05-19T22:33:24.615000Z,,,,,,46,CONSENT_REVOKED,CONSENT_REVOKED,CONSENT_REVOKED,CONSENT_REVOKED,CONSENT_REVOKED,CONSENT_REVOKED,CONSENT_REVOKED,CONSENT_REVOKED,CONSENT_REVOKED,CONSENT_REVOKED,CONSENT_REVOKED,CONSENT_REVOKED,CONSENT_REVOKED
6a0ce587e462a0674c1c3c38,69c1579cb863ab3456bd3f68,RETURNED,Not Applicable,2026-05-19T22:34:50.440000Z,,,,,,982,CONSENT_REVOKED,CONSENT_REVOKED,CONSENT_REVOKED,CONSENT_REVOKED,CONSENT_REVOKED,CONSENT_REVOKED,CONSENT_REVOKED,CONSENT_REVOKED,CONSENT_REVOKED,CONSENT_REVOKED,CONSENT_REVOKED,CONSENT_REVOKED,CONSENT_REVOKED
6a0ce59123f9f98b4f86734c,698befe13322c6b9e901eecb,RETURNED,Not Applicable,2026-05-19T22:35:02.373000Z,,,,,,1808,CONSENT_REVOKED,CONSENT_REVOKED,CONSENT_REVOKED,CONSENT_REVOKED,CONSENT_REVOKED,CONSENT_REVOKED,CONSENT_REVOKED,CONSENT_REVOKED,CONSENT_REVOKED,CONSENT_REVOKED,CONSENT_REVOKED,CONSENT_REVOKED,CONSENT_REVOKED
6a0ce5b43ed49d93f8ec0599,5e8fe87009881f2ee83521fb,RETURNED,Not Applicable,,,,,,,5419,CONSENT_REVOKED,CONSENT_REVOKED,CONSENT_REVOKED,CONSENT_REVOKED,CONSENT_REVOKED,CONSENT_REVOKED,CONSENT_REVOKED,CONSENT_REVOKED,CONSENT_REVOKED,CONSENT_REVOKED,CONSENT_REVOKED,CONSENT_REVOKED,CONSENT_REVOKED
6a0ce5c21e723aa1d142eb0b,655f9bb3070d42d4bc67e866,RETURNED,Not Applicable,2026-05-19T22:36:03.571000Z,,,,,,9755,CONSENT_REVOKED,CONSENT_REVOKED,CONSENT_REVOKED,CONSENT_REVOKED,CONSENT_REVOKED,CONSENT_REVOKED,CONSENT_REVOKED,CONSENT_REVOKED,CONSENT_REVOKED,CONSENT_REVOKED,CONSENT_REVOKED,CONSENT_REVOKED,CONSENT_REVOKED
6a0ce64cbc5f017e5cff7813,674ca794941ad6898969714b,RETURNED,Not Applicable,2026-05-19T22:38:12.516000Z,,,,,,1530,CONSENT_REVOKED,CONSENT_REVOKED,CONSENT_REVOKED,CONSENT_REVOKED,CONSENT_REVOKED,CONSENT_REVOKED,CONSENT_REVOKED,CONSENT_REVOKED,CONSENT_REVOKED,CONSENT_REVOKED,CONSENT_REVOKED,CONSENT_REVOKED,CONSENT_REVOKED
6a0ce68014b91af1b8170196,698b6cca8dab9f42bd9cf63e,RETURNED,Not Applicable,2026-05-19T22:39:02.498000Z,,,,,,376,CONSENT_REVOKED,CONSENT_REVOKED,CONSENT_REVOKED,CONSENT_REVOKED,CONSENT_REVOKED,CONSENT_REVOKED,CONSENT_REVOKED,CONSENT_REVOKED,CONSENT_REVOKED,CONSENT_REVOKED,CONSENT_REVOKED,CONSENT_REVOKED,CONSENT_REVOKED
6a0ce6d4605280a61eaf20d1,6a0104f7ab4c6110b0c32625,RETURNED,Not Applicable,2026-05-19T22:40:23.388000Z,,,,,,37,CONSENT_REVOKED,CONSENT_REVOKED,CONSENT_REVOKED,CONSENT_REVOKED,CONSENT_REVOKED,CONSENT_REVOKED,CONSENT_REVOKED,CONSENT_REVOKED,CONSENT_REVOKED,CONSENT_REVOKED,CONSENT_REVOKED,CONSENT_REVOKED,CONSENT_REVOKED
6a0ce7d8cec03808f149d72e,69e15e0c11091d04f3106a07,RETURNED,Not Applicable,2026-05-19T22:45:07.708000Z,,,,,,457,CONSENT_REVOKED,CONSENT_REVOKED,CONSENT_REVOKED,CONSENT_REVOKED,CONSENT_REVOKED,CONSENT_REVOKED,CONSENT_REVOKED,CONSENT_REVOKED,CONSENT_REVOKED,CONSENT_REVOKED,CONSENT_REVOKED,CONSENT_REVOKED,CONSENT_REVOKED
6a0ce8b48c3e50cc87ff77f9,67588df7242d02a6ae8e3fbf,RETURNED,Not Applicable,2026-05-19T22:48:40.234000Z,,,,,,1588,CONSENT_REVOKED,CONSENT_REVOKED,CONSENT_REVOKED,CONSENT_REVOKED,CONSENT_REVOKED,CONSENT_REVOKED,CONSENT_REVOKED,CONSENT_REVOKED,CONSENT_REVOKED,CONSENT_REVOKED,CONSENT_REVOKED,CONSENT_REVOKED,CONSENT_REVOKED
6a0ce8bc77ca1e08e7ac8dfe,69eea2cb76066b446d9833eb,RETURNED,Not Applicable,2026-05-19T22:48:32.119000Z,,,,,,329,CONSENT_REVOKED,CONSENT_REVOKED,CONSENT_REVOKED,CONSENT_REVOKED,CONSENT_REVOKED,CONSENT_REVOKED,CONSENT_REVOKED,CONSENT_REVOKED,CONSENT_REVOKED,CONSENT_REVOKED,CONSENT_REVOKED,CONSENT_REVOKED,CONSENT_REVOKED
6a0ce945a89e5df146b8c07c,65e6edd1a876f1d8487f379b,RETURNED,Not Applicable,2026-05-19T22:51:02.187000Z,,,,,,1330,CONSENT_REVOKED,CONSENT_REVOKED,CONSENT_REVOKED,CONSENT_REVOKED,CONSENT_REVOKED,CONSENT_REVOKED,CONSENT_REVOKED,CONSENT_REVOKED,CONSENT_REVOKED,CONSENT_REVOKED,CONSENT_REVOKED,CONSENT_REVOKED,CONSENT_REVOKED
6a0ceaadd377ab327da41199,6a09202e28e3949f1ed7212a,RETURNED,Not Applicable,2026-05-19T22:56:49.378000Z,,,,,,36,CONSENT_REVOKED,CONSENT_REVOKED,CONSENT_REVOKED,CONSENT_REVOKED,CONSENT_REVOKED,CONSENT_REVOKED,CONSENT_REVOKED,CONSENT_REVOKED,CONSENT_REVOKED,CONSENT_REVOKED,CONSENT_REVOKED,CONSENT_REVOKED,CONSENT_REVOKED
6a0ceba0f82a5d0c4485b47d,6508adaced024f8da237ff03,RETURNED,Not Applicable,2026-05-19T23:00:51.754000Z,,,,,,4020,CONSENT_REVOKED,CONSENT_REVOKED,CONSENT_REVOKED,CONSENT_REVOKED,CONSENT_REVOKED,CONSENT_REVOKED,CONSENT_REVOKED,CONSENT_REVOKED,CONSENT_REVOKED,CONSENT_REVOKED,CONSENT_REVOKED,CONSENT_REVOKED,CONSENT_REVOKED
6a0cec0424be60b917b9f292,69afafce3f7970642a6dc071,RETURNED,Not Applicable,,,,,,,722,CONSENT_REVOKED,CONSENT_REVOKED,CONSENT_REVOKED,CONSENT_REVOKED,CONSENT_REVOKED,CONSENT_REVOKED,CONSENT_REVOKED,CONSENT_REVOKED,CONSENT_REVOKED,CONSENT_REVOKED,CONSENT_REVOKED,CONSENT_REVOKED,CONSENT_REVOKED
6a0cec133d30a00aefde2152,664aa55ce849bcd782008c64,RETURNED,Not Applicable,,,,,,,3809,CONSENT_REVOKED,CONSENT_REVOKED,CONSENT_REVOKED,CONSENT_REVOKED,CONSENT_REVOKED,CONSENT_REVOKED,CONSENT_REVOKED,CONSENT_REVOKED,CONSENT_REVOKED,CONSENT_REVOKED,CONSENT_REVOKED,CONSENT_REVOKED,CONSENT_REVOKED
6a0cec24d4c49e37774083dc,6941b02a8799492b8646e6a0,RETURNED,Not Applicable,2026-05-19T23:08:04.913000Z,,,,,,1450,CONSENT_REVOKED,CONSENT_REVOKED,CONSENT_REVOKED,CONSENT_REVOKED,CONSENT_REVOKED,CONSENT_REVOKED,CONSENT_REVOKED,CONSENT_REVOKED,CONSENT_REVOKED,CONSENT_REVOKED,CONSENT_REVOKED,CONSENT_REVOKED,CONSENT_REVOKED
6a0ced6fa35ee75dbcd0852b,697facb19a7b7ac623ab7a2e,RETURNED,Not Applicable,2026-05-19T23:09:30.773000Z,,,,,,1942,CONSENT_REVOKED,CONSENT_REVOKED,CONSENT_REVOKED,CONSENT_REVOKED,CONSENT_REVOKED,CONSENT_REVOKED,CONSENT_REVOKED,CONSENT_REVOKED,CONSENT_REVOKED,CONSENT_REVOKED,CONSENT_REVOKED,CONSENT_REVOKED,CONSENT_REVOKED
6a0cedbe785c6bb314ef7774,65c120df98be0f4091886a41,RETURNED,Not Applicable,2026-05-19T23:10:39.065000Z,,,,,,4412,CONSENT_REVOKED,CONSENT_REVOKED,CONSENT_REVOKED,CONSENT_REVOKED,CONSENT_REVOKED,CONSENT_REVOKED,CONSENT_REVOKED,CONSENT_REVOKED,CONSENT_REVOKED,CONSENT_REVOKED,CONSENT_REVOKED,CONSENT_REVOKED,CONSENT_REVOKED
6a0cedbfd4f8dfbaf8074154,6a009b2d94542e7e1a35c722,RETURNED,Not Applicable,,,,,,,69,CONSENT_REVOKED,CONSENT_REVOKED,CONSENT_REVOKED,CONSENT_REVOKED,CONSENT_REVOKED,CONSENT_REVOKED,CONSENT_REVOKED,CONSENT_REVOKED,CONSENT_REVOKED,CONSENT_REVOKED,CONSENT_REVOKED,CONSENT_REVOKED,CONSENT_REVOKED
6a0cee3162776f99510e6ff8,69e12033ba1355b42a68f117,RETURNED,Not Applicable,2026-05-19T23:11:50.129000Z,,,,,,592,CONSENT_REVOKED,CONSENT_REVOKED,CONSENT_REVOKED,CONSENT_REVOKED,CONSENT_REVOKED,CONSENT_REVOKED,CONSENT_REVOKED,CONSENT_REVOKED,CONSENT_REVOKED,CONSENT_REVOKED,CONSENT_REVOKED,CONSENT_REVOKED,CONSENT_REVOKED
6a0ceef041ce210526cde976,6987e4e84c30cc8f8cdeaacc,RETURNED,Not Applicable,2026-05-19T23:14:58.727000Z,,,,,,425,CONSENT_REVOKED,CONSENT_REVOKED,CONSENT_REVOKED,CONSENT_REVOKED,CONSENT_REVOKED,CONSENT_REVOKED,CONSENT_REVOKED,CONSENT_REVOKED,CONSENT_REVOKED,CONSENT_REVOKED,CONSENT_REVOKED,CONSENT_REVOKED,CONSENT_REVOKED
6a0cef53e10704c35b253a51,69a9b65c2ff9187ae9bda652,RETURNED,Not Applicable,2026-05-19T23:16:42.592000Z,,,,,,1252,CONSENT_REVOKED,CONSENT_REVOKED,CONSENT_REVOKED,CONSENT_REVOKED,CONSENT_REVOKED,CONSENT_REVOKED,CONSENT_REVOKED,CONSENT_REVOKED,CONSENT_REVOKED,CONSENT_REVOKED,CONSENT_REVOKED,CONSENT_REVOKED,CONSENT_REVOKED
6a0cefc62899bd51b567a6bf,66b3e078bef7d6dd6c53e015,RETURNED,Not Applicable,,,,,,,5610,CONSENT_REVOKED,CONSENT_REVOKED,CONSENT_REVOKED,CONSENT_REVOKED,CONSENT_REVOKED,CONSENT_REVOKED,CONSENT_REVOKED,CONSENT_REVOKED,CONSENT_REVOKED,CONSENT_REVOKED,CONSENT_REVOKED,CONSENT_REVOKED,CONSENT_REVOKED
6a0cefe2b6fd7917e3c2079c,69bb6ea6f7b02d5d054f9762,RETURNED,Not Applicable,2026-05-19T23:19:03.747000Z,,,,,,128,CONSENT_REVOKED,CONSENT_REVOKED,CONSENT_REVOKED,CONSENT_REVOKED,CONSENT_REVOKED,CONSENT_REVOKED,CONSENT_REVOKED,CONSENT_REVOKED,CONSENT_REVOKED,CONSENT_REVOKED,CONSENT_REVOKED,CONSENT_REVOKED,CONSENT_REVOKED
6a0cf007a16019baa01d60ab,69c8a810f79f59c92448e9d1,RETURNED,Not Applicable,2026-05-19T23:19:55.477000Z,,,,,,943,CONSENT_REVOKED,CONSENT_REVOKED,CONSENT_REVOKED,CONSENT_REVOKED,CONSENT_REVOKED,CONSENT_REVOKED,CONSENT_REVOKED,CONSENT_REVOKED,CONSENT_REVOKED,CONSENT_REVOKED,CONSENT_REVOKED,CONSENT_REVOKED,CONSENT_REVOKED
6a0cf182b49fc8792dc46c9a,6837417531fcfb27279c92c6,RETURNED,Not Applicable,2026-05-19T23:25:59.580000Z,,,,,,1322,CONSENT_REVOKED,CONSENT_REVOKED,CONSENT_REVOKED,CONSENT_REVOKED,CONSENT_REVOKED,CONSENT_REVOKED,CONSENT_REVOKED,CONSENT_REVOKED,CONSENT_REVOKED,CONSENT_REVOKED,CONSENT_REVOKED,CONSENT_REVOKED,CONSENT_REVOKED
6a0cf22131e8f1330f67e096,69fcabb75187591977a8dc6f,RETURNED,Not Applicable,,,,,,,119,CONSENT_REVOKED,CONSENT_REVOKED,CONSENT_REVOKED,CONSENT_REVOKED,CONSENT_REVOKED,CONSENT_REVOKED,CONSENT_REVOKED,CONSENT_REVOKED,CONSENT_REVOKED,CONSENT_REVOKED,CONSENT_REVOKED,CONSENT_REVOKED,CONSENT_REVOKED
6a0cf2e10c8a44e03b78f27c,69fbbab931439e963363f3ef,RETURNED,Not Applicable,2026-05-19T23:31:54.470000Z,,,,,,98,CONSENT_REVOKED,CONSENT_REVOKED,CONSENT_REVOKED,CONSENT_REVOKED,CONSENT_REVOKED,CONSENT_REVOKED,CONSENT_REVOKED,CONSENT_REVOKED,CONSENT_REVOKED,CONSENT_REVOKED,CONSENT_REVOKED,CONSENT_REVOKED,CONSENT_REVOKED
6a0cf4bb3d3fda291e504b87,67a85137a6f2eda1f128b8c0,RETURNED,Not Applicable,2026-05-19T23:39:42.061000Z,,,,,,1446,CONSENT_REVOKED,CONSENT_REVOKED,CONSENT_REVOKED,CONSENT_REVOKED,CONSENT_REVOKED,CONSENT_REVOKED,CONSENT_REVOKED,CONSENT_REVOKED,CONSENT_REVOKED,CONSENT_REVOKED,CONSENT_REVOKED,CONSENT_REVOKED,CONSENT_REVOKED
6a0cf4fe2deca143fe5fc326,69ebf5451d1c7c1018b88ea8,RETURNED,Not Applicable,2026-05-19T23:44:39.667000Z,,,,,,419,CONSENT_REVOKED,CONSENT_REVOKED,CONSENT_REVOKED,CONSENT_REVOKED,CONSENT_REVOKED,CONSENT_REVOKED,CONSENT_REVOKED,CONSENT_REVOKED,CONSENT_REVOKED,CONSENT_REVOKED,CONSENT_REVOKED,CONSENT_REVOKED,CONSENT_REVOKED
6a0cf4ff3d985ab5f2af3061,69e7ee6637e005bae61a12b2,RETURNED,Not Applicable,,,,,,,875,CONSENT_REVOKED,CONSENT_REVOKED,CONSENT_REVOKED,CONSENT_REVOKED,CONSENT_REVOKED,CONSENT_REVOKED,CONSENT_REVOKED,CONSENT_REVOKED,CONSENT_REVOKED,CONSENT_REVOKED,CONSENT_REVOKED,CONSENT_REVOKED,CONSENT_REVOKED
6a0cf510569849fd4578c7be,6a0be8a8032873b2e58f1ee1,REJECTED,Not Applicable,2026-05-19T23:41:07.536000Z,2026-05-19T23:46:41.232000Z,2026-05-20T14:27:21.727000Z,2026-05-19T23:47:00.911000Z,334.0,C18MPT4O,3,CONSENT_REVOKED,CONSENT_REVOKED,CONSENT_REVOKED,CONSENT_REVOKED,CONSENT_REVOKED,CONSENT_REVOKED,CONSENT_REVOKED,CONSENT_REVOKED,CONSENT_REVOKED,CONSENT_REVOKED,CONSENT_REVOKED,CONSENT_REVOKED,CONSENT_REVOKED
6a0cf59714cb99fc81413428,699288bfa36a91c33ada5723,RETURNED,Not Applicable,2026-05-19T23:43:23.971000Z,,,,,,1562,CONSENT_REVOKED,CONSENT_REVOKED,CONSENT_REVOKED,CONSENT_REVOKED,CONSENT_REVOKED,CONSENT_REVOKED,CONSENT_REVOKED,CONSENT_REVOKED,CONSENT_REVOKED,CONSENT_REVOKED,CONSENT_REVOKED,CONSENT_REVOKED,CONSENT_REVOKED
6a0cf913100124f305c1efd9,561487ad7ffc8a0012812266,RETURNED,Not Applicable,2026-05-19T23:58:34.633000Z,,,,,,7731,CONSENT_REVOKED,CONSENT_REVOKED,CONSENT_REVOKED,CONSENT_REVOKED,CONSENT_REVOKED,CONSENT_REVOKED,CONSENT_REVOKED,CONSENT_REVOKED,CONSENT_REVOKED,CONSENT_REVOKED,CONSENT_REVOKED,CONSENT_REVOKED,CONSENT_REVOKED
6a0dbcfd1fd47f5757cb3051,67d0a57b0a4981c5e65c3bcc,RETURNED,Not Applicable,2026-05-20T13:54:14.848000Z,,,,,,9417,CONSENT_REVOKED,CONSENT_REVOKED,CONSENT_REVOKED,CONSENT_REVOKED,CONSENT_REVOKED,CONSENT_REVOKED,CONSENT_REVOKED,CONSENT_REVOKED,CONSENT_REVOKED,CONSENT_REVOKED,CONSENT_REVOKED,CONSENT_REVOKED,CONSENT_REVOKED
6a0dbd04fa97f7a634048e46,66ff44c7da088df3cdf9cd0f,RETURNED,Not Applicable,2026-05-20T13:54:29.280000Z,,,,,,1085,CONSENT_REVOKED,CONSENT_REVOKED,CONSENT_REVOKED,CONSENT_REVOKED,CONSENT_REVOKED,CONSENT_REVOKED,CONSENT_REVOKED,CONSENT_REVOKED,CONSENT_REVOKED,CONSENT_REVOKED,CONSENT_REVOKED,CONSENT_REVOKED,CONSENT_REVOKED
6a0dbd04fb17234cbf62b6cc,5f4f9bc1f7598f06b2dc816f,RETURNED,Not Applicable,2026-05-20T13:54:17.237000Z,,,,,,11898,CONSENT_REVOKED,CONSENT_REVOKED,CONSENT_REVOKED,CONSENT_REVOKED,CONSENT_REVOKED,CONSENT_REVOKED,CONSENT_REVOKED,CONSENT_REVOKED,CONSENT_REVOKED,CONSENT_REVOKED,CONSENT_REVOKED,CONSENT_REVOKED,CONSENT_REVOKED
6a0dbd07fa46dec9b8f34a8d,698a55fca47516446100a19e,RETURNED,Not Applicable,2026-05-20T13:54:23.682000Z,,,,,,1833,CONSENT_REVOKED,CONSENT_REVOKED,CONSENT_REVOKED,CONSENT_REVOKED,CONSENT_REVOKED,CONSENT_REVOKED,CONSENT_REVOKED,CONSENT_REVOKED,CONSENT_REVOKED,CONSENT_REVOKED,CONSENT_REVOKED,CONSENT_REVOKED,CONSENT_REVOKED
6a0dbd08d3a44b9a87fbfc11,5f51529b15e36638fe535eae,RETURNED,Not Applicable,2026-05-20T13:54:20.292000Z,,,,,,17283,CONSENT_REVOKED,CONSENT_REVOKED,CONSENT_REVOKED,CONSENT_REVOKED,CONSENT_REVOKED,CONSENT_REVOKED,CONSENT_REVOKED,CONSENT_REVOKED,CONSENT_REVOKED,CONSENT_REVOKED,CONSENT_REVOKED,CONSENT_REVOKED,CONSENT_REVOKED
6a0dbd1069a84824f501584f,6a01d9e896ff38118705f22d,RETURNED,Not Applicable,2026-05-20T13:54:42.625000Z,,,,,,41,CONSENT_REVOKED,CONSENT_REVOKED,CONSENT_REVOKED,CONSENT_REVOKED,CONSENT_REVOKED,CONSENT_REVOKED,CONSENT_REVOKED,CONSENT_REVOKED,CONSENT_REVOKED,CONSENT_REVOKED,CONSENT_REVOKED,CONSENT_REVOKED,CONSENT_REVOKED
6a0dbd1e031a4df2aae5280c,5f988a053b4bf5186a5d6693,RETURNED,Not Applicable,2026-05-20T13:54:42.965000Z,,,,,,3472,CONSENT_REVOKED,CONSENT_REVOKED,CONSENT_REVOKED,CONSENT_REVOKED,CONSENT_REVOKED,CONSENT_REVOKED,CONSENT_REVOKED,CONSENT_REVOKED,CONSENT_REVOKED,CONSENT_REVOKED,CONSENT_REVOKED,CONSENT_REVOKED,CONSENT_REVOKED
6a0dbd233d7bc113442a2cc7,5af1c4dfaec2b600010a96c9,RETURNED,Not Applicable,2026-05-20T13:55:00.448000Z,,,,,,6997,CONSENT_REVOKED,CONSENT_REVOKED,CONSENT_REVOKED,CONSENT_REVOKED,CONSENT_REVOKED,CONSENT_REVOKED,CONSENT_REVOKED,CONSENT_REVOKED,CONSENT_REVOKED,CONSENT_REVOKED,CONSENT_REVOKED,CONSENT_REVOKED,CONSENT_REVOKED
6a0dbd45e1e8a30d3cc08099,636d6ce3fb3683ff33f9e514,RETURNED,Not Applicable,2026-05-20T14:04:07.775000Z,,,,,,13498,CONSENT_REVOKED,CONSENT_REVOKED,CONSENT_REVOKED,CONSENT_REVOKED,CONSENT_REVOKED,CONSENT_REVOKED,CONSENT_REVOKED,CONSENT_REVOKED,CONSENT_REVOKED,CONSENT_REVOKED,CONSENT_REVOKED,CONSENT_REVOKED,CONSENT_REVOKED
6a0dbddc47136e4b7e2aa964,69f3bed543ff6fba45cfa37c,RETURNED,Not Applicable,2026-05-20T13:58:13.115000Z,,,,,,276,CONSENT_REVOKED,CONSENT_REVOKED,CONSENT_REVOKED,CONSENT_REVOKED,CONSENT_REVOKED,CONSENT_REVOKED,CONSENT_REVOKED,CONSENT_REVOKED,CONSENT_REVOKED,CONSENT_REVOKED,CONSENT_REVOKED,CONSENT_REVOKED,CONSENT_REVOKED
6a0dbdfb6710eb7891906817,69fcc70f28b90276561cf816,ACTIVE,Not Applicable,2026-05-20T13:59:28.660000Z,,,,1889.0,,29,English,Yes,"No, I have no issues seeing colours",Man (including Trans Male/Trans Man),37,Male,Black,United States,United States,United States,English,No,Part-Time
6a0dbeb96ec47735d5918c1c,69ebb894f8655d8b98d1b469,ACTIVE,Not Applicable,2026-05-20T14:02:08.824000Z,,,,1729.0,,224,English,Yes,"No, I have no issues seeing colours",Woman (including Trans Female/Trans Woman),35,Female,Mixed,United States,United States,United States,English,No,Full-Time
6a0dbed2354635a27bac9c69,6a0769890467ab73646aced4,REJECTED,Not Applicable,2026-05-20T14:01:59.403000Z,2026-05-20T14:07:33.397000Z,2026-05-20T14:30:18.045000Z,2026-05-20T14:08:33.761000Z,334.0,C15DM49H,21,CONSENT_REVOKED,CONSENT_REVOKED,CONSENT_REVOKED,CONSENT_REVOKED,CONSENT_REVOKED,CONSENT_REVOKED,CONSENT_REVOKED,CONSENT_REVOKED,CONSENT_REVOKED,CONSENT_REVOKED,CONSENT_REVOKED,CONSENT_REVOKED,CONSENT_REVOKED
6a0dbf7259baf4959e1a8979,6a0b5da611a832bb96ad780c,RETURNED,Not Applicable,2026-05-20T14:04:45.566000Z,,,,,,12,CONSENT_REVOKED,CONSENT_REVOKED,CONSENT_REVOKED,CONSENT_REVOKED,CONSENT_REVOKED,CONSENT_REVOKED,CONSENT_REVOKED,CONSENT_REVOKED,CONSENT_REVOKED,CONSENT_REVOKED,CONSENT_REVOKED,CONSENT_REVOKED,CONSENT_REVOKED
6a0dbf77b45e29d7e0bdb66b,67574b45d3ce260ceb80bbce,RETURNED,Not Applicable,2026-05-20T14:04:42.099000Z,,,,,,1960,CONSENT_REVOKED,CONSENT_REVOKED,CONSENT_REVOKED,CONSENT_REVOKED,CONSENT_REVOKED,CONSENT_REVOKED,CONSENT_REVOKED,CONSENT_REVOKED,CONSENT_REVOKED,CONSENT_REVOKED,CONSENT_REVOKED,CONSENT_REVOKED,CONSENT_REVOKED
6a0dbf8ec26e077d05b728ba,62b07a6728903d01b9796889,RETURNED,Not Applicable,2026-05-20T14:06:39.173000Z,,,,,,1868,CONSENT_REVOKED,CONSENT_REVOKED,CONSENT_REVOKED,CONSENT_REVOKED,CONSENT_REVOKED,CONSENT_REVOKED,CONSENT_REVOKED,CONSENT_REVOKED,CONSENT_REVOKED,CONSENT_REVOKED,CONSENT_REVOKED,CONSENT_REVOKED,CONSENT_REVOKED
6a0dbfc6ced221c1bd840a24,6634e0e2300e0d377e2cf876,RETURNED,Not Applicable,2026-05-20T14:06:17.797000Z,,,,,,2842,CONSENT_REVOKED,CONSENT_REVOKED,CONSENT_REVOKED,CONSENT_REVOKED,CONSENT_REVOKED,CONSENT_REVOKED,CONSENT_REVOKED,CONSENT_REVOKED,CONSENT_REVOKED,CONSENT_REVOKED,CONSENT_REVOKED,CONSENT_REVOKED,CONSENT_REVOKED
6a0dbfc79e9271e455cb1f67,66593d0f9249db6b5074fda1,RETURNED,Not Applicable,,,,,,,209,CONSENT_REVOKED,CONSENT_REVOKED,CONSENT_REVOKED,CONSENT_REVOKED,CONSENT_REVOKED,CONSENT_REVOKED,CONSENT_REVOKED,CONSENT_REVOKED,CONSENT_REVOKED,CONSENT_REVOKED,CONSENT_REVOKED,CONSENT_REVOKED,CONSENT_REVOKED
6a0dbfe09bbe061122d76620,643ebfff661435ecda5a3580,ACTIVE,Not Applicable,2026-05-20T14:06:29.369000Z,,,,1468.0,,7124,English,Yes,"Yes, I'm colourblind",Woman (including Trans Female/Trans Woman),70,Female,White,United States,United States,United States,English,No,"Not in paid work (e.g. homemaker', 'retired or disabled)"
6a0dbfeeb7caa5f3aee9c0d2,678951eaacd3135a38c86ec9,ACTIVE,Not Applicable,2026-05-20T14:13:49.737000Z,,,,1028.0,,3028,English,Yes,"No, I have no issues seeing colours",Woman (including Trans Female/Trans Woman),50,Female,Mixed,United States,United States,United States,English,No,Full-Time
6a0dc02a83f334b3d0bde53b,6990045689cf6bafc0d83c99,ACTIVE,Not Applicable,2026-05-20T14:07:38.773000Z,,,,1399.0,,924,English,Yes,"No, I have no issues seeing colours",Woman (including Trans Female/Trans Woman),54,Female,White,United States,United States,United States,English,No,Other
6a0dc09f2c7630589b3bce98,60e5cb4ca01a593fce9a379d,RETURNED,Not Applicable,2026-05-20T14:09:39.778000Z,,,,,,7651,CONSENT_REVOKED,CONSENT_REVOKED,CONSENT_REVOKED,CONSENT_REVOKED,CONSENT_REVOKED,CONSENT_REVOKED,CONSENT_REVOKED,CONSENT_REVOKED,CONSENT_REVOKED,CONSENT_REVOKED,CONSENT_REVOKED,CONSENT_REVOKED,CONSENT_REVOKED
6a0dc1a9b2396fcadb085d3e,69d834f811b9ae679f0231bb,ACTIVE,Not Applicable,2026-05-20T14:14:09.402000Z,,,,1008.0,,682,English,Yes,"No, I have no issues seeing colours",Man (including Trans Male/Trans Man),48,Male,Black,United States,United States,United States,English,No,Full-Time
6a0dc2028ab51333ced29533,697a42adc8b5a8fe8b93b4c4,RETURNED,Not Applicable,2026-05-20T14:15:33.262000Z,,,,,,745,CONSENT_REVOKED,CONSENT_REVOKED,CONSENT_REVOKED,CONSENT_REVOKED,CONSENT_REVOKED,CONSENT_REVOKED,CONSENT_REVOKED,CONSENT_REVOKED,CONSENT_REVOKED,CONSENT_REVOKED,CONSENT_REVOKED,CONSENT_REVOKED,CONSENT_REVOKED
6a0dc2038f0d7617b39d010f,6a03787abf800316054ada2c,RETURNED,Not Applicable,2026-05-20T14:15:35.594000Z,,,,,,4,CONSENT_REVOKED,CONSENT_REVOKED,CONSENT_REVOKED,CONSENT_REVOKED,CONSENT_REVOKED,CONSENT_REVOKED,CONSENT_REVOKED,CONSENT_REVOKED,CONSENT_REVOKED,CONSENT_REVOKED,CONSENT_REVOKED,CONSENT_REVOKED,CONSENT_REVOKED
6a0dc23b8ea5e7e64288ba06,69d6c274933540ae9bbf4891,ACTIVE,Not Applicable,2026-05-20T14:16:30.567000Z,,,,867.0,,747,English,Yes,"No, I have no issues seeing colours",Man (including Trans Male/Trans Man),33,Male,Asian,United States,United States,United States,Chinese,No,Full-Time
6a0dc3139769c04667762cfa,69fa820a41b79def08596d8a,RETURNED,Not Applicable,,,,,,,197,CONSENT_REVOKED,CONSENT_REVOKED,CONSENT_REVOKED,CONSENT_REVOKED,CONSENT_REVOKED,CONSENT_REVOKED,CONSENT_REVOKED,CONSENT_REVOKED,CONSENT_REVOKED,CONSENT_REVOKED,CONSENT_REVOKED,CONSENT_REVOKED,CONSENT_REVOKED
6a0dc3269895296419d717e1,600efc0ddfc7b602e6313c41,ACTIVE,Not Applicable,2026-05-20T14:20:25.803000Z,,,,632.0,,2401,English,Yes,"No, I have no issues seeing colours",Man (including Trans Male/Trans Man),40,Male,White,United States,United States,United States,English,No,Full-Time
6a0dc461f336b1411e665e63,6a08a6151508e4ade0cd3f60,ACTIVE,Not Applicable,2026-05-20T14:26:14.420000Z,,,,284.0,,27,English,Yes,"No, I have no issues seeing colours",Woman (including Trans Female/Trans Woman),26,Female,White,United States,United States,United States,English,Yes,Full-Time
6a0dc497dc1d8d969a93682e,6372d1f14a6bd3713c1c0acf,RETURNED,Not Applicable,2026-05-20T14:26:51.956000Z,,,,,,9388,CONSENT_REVOKED,CONSENT_REVOKED,CONSENT_REVOKED,CONSENT_REVOKED,CONSENT_REVOKED,CONSENT_REVOKED,CONSENT_REVOKED,CONSENT_REVOKED,CONSENT_REVOKED,CONSENT_REVOKED,CONSENT_REVOKED,CONSENT_REVOKED,CONSENT_REVOKED
6a0dc574f32161f0c3851fe4,69541b501339e5505ee16911,RETURNED,Not Applicable,,,,,,,508,CONSENT_REVOKED,CONSENT_REVOKED,CONSENT_REVOKED,CONSENT_REVOKED,CONSENT_REVOKED,CONSENT_REVOKED,CONSENT_REVOKED,CONSENT_REVOKED,CONSENT_REVOKED,CONSENT_REVOKED,CONSENT_REVOKED,CONSENT_REVOKED,CONSENT_REVOKED
