Submission id,Participant id,Status,Custom study tncs accepted at,Started at,Completed at,Reviewed at,Archived at,Time taken,Completion code,Total approvals,Fluent languages,Vision,Colourblindness,Gender,Age,Sex,Ethnicity simplified,Country of birth,Country of residence,Nationality,Language,Student status,Employment status
69fca373c6426bbecd5ba261,5cde02d000d670000184ea3b,RETURNED,Not Applicable,2026-05-07T14:36:41.821000Z,,,2026-05-20T14:30:57.790440Z,,,1963,CONSENT_REVOKED,CONSENT_REVOKED,CONSENT_REVOKED,CONSENT_REVOKED,CONSENT_REVOKED,CONSENT_REVOKED,CONSENT_REVOKED,CONSENT_REVOKED,CONSENT_REVOKED,CONSENT_REVOKED,CONSENT_REVOKED,CONSENT_REVOKED,CONSENT_REVOKED
69fca376f2c39795f1a5919f,69c058878cf06a39b7e34b0a,RETURNED,Not Applicable,2026-05-07T14:36:43.895000Z,,,2026-05-20T14:30:57.790297Z,,,1467,CONSENT_REVOKED,CONSENT_REVOKED,CONSENT_REVOKED,CONSENT_REVOKED,CONSENT_REVOKED,CONSENT_REVOKED,CONSENT_REVOKED,CONSENT_REVOKED,CONSENT_REVOKED,CONSENT_REVOKED,CONSENT_REVOKED,CONSENT_REVOKED,CONSENT_REVOKED
69fca3e955705947a7174647,69f3ab930bfcc8bc1f487b53,APPROVED,Not Applicable,2026-05-07T14:38:37.689000Z,2026-05-07T14:49:56.034000Z,2026-05-07T14:49:56.719000Z,2026-05-07T14:50:56.637751Z,679.0,C15DM49H,104,English,Yes,"No, I have no issues seeing colours",Woman (including Trans Female/Trans Woman),28,Female,White,United States,United States,United States,English,No,Due to start a new job within the next month
69fca41727772a387637578d,654a62f953451c822affeb29,RETURNED,Not Applicable,2026-05-07T14:41:56.774000Z,,,2026-05-20T14:30:57.793383Z,,,1720,CONSENT_REVOKED,CONSENT_REVOKED,CONSENT_REVOKED,CONSENT_REVOKED,CONSENT_REVOKED,CONSENT_REVOKED,CONSENT_REVOKED,CONSENT_REVOKED,CONSENT_REVOKED,CONSENT_REVOKED,CONSENT_REVOKED,CONSENT_REVOKED,CONSENT_REVOKED
69fca46c9b4964927d7fbeca,69b95621ce80037170e7aad2,RETURNED,Not Applicable,2026-05-07T14:40:53.885000Z,,,2026-05-20T14:30:57.794754Z,,,750,CONSENT_REVOKED,CONSENT_REVOKED,CONSENT_REVOKED,CONSENT_REVOKED,CONSENT_REVOKED,CONSENT_REVOKED,CONSENT_REVOKED,CONSENT_REVOKED,CONSENT_REVOKED,CONSENT_REVOKED,CONSENT_REVOKED,CONSENT_REVOKED,CONSENT_REVOKED
69fca629aba543d5ce66171e,612fd3208d3decaf3ec80bcc,RETURNED,Not Applicable,2026-05-07T14:48:16.540000Z,,,2026-05-20T14:30:57.797164Z,,,8672,CONSENT_REVOKED,CONSENT_REVOKED,CONSENT_REVOKED,CONSENT_REVOKED,CONSENT_REVOKED,CONSENT_REVOKED,CONSENT_REVOKED,CONSENT_REVOKED,CONSENT_REVOKED,CONSENT_REVOKED,CONSENT_REVOKED,CONSENT_REVOKED,CONSENT_REVOKED
69fca6a74160ee4d7ed43ca7,5ea4c1cb7a313648ab349f3d,RETURNED,Not Applicable,2026-05-07T14:50:19.178000Z,,,2026-05-20T14:30:57.797006Z,,,2829,CONSENT_REVOKED,CONSENT_REVOKED,CONSENT_REVOKED,CONSENT_REVOKED,CONSENT_REVOKED,CONSENT_REVOKED,CONSENT_REVOKED,CONSENT_REVOKED,CONSENT_REVOKED,CONSENT_REVOKED,CONSENT_REVOKED,CONSENT_REVOKED,CONSENT_REVOKED
69fcbb331234d8e2a25ea973,5d093f05c79e5a0016796b18,APPROVED,Not Applicable,2026-05-07T16:18:03.024000Z,2026-05-07T16:35:48.624000Z,2026-05-07T16:35:51.225000Z,2026-05-07T16:36:50.599281Z,1066.0,C15DM49H,4444,English,Yes,"No, I have no issues seeing colours",Man (including Trans Male/Trans Man),37,Male,White,United States,United States,United States,English,DATA_EXPIRED,DATA_EXPIRED
69fcbba4fad0bc8e420fefa2,69a7ad2b544eaa1ed566ae20,RETURNED,Not Applicable,2026-05-07T16:25:39.055000Z,,,2026-05-20T14:30:57.799780Z,,,291,CONSENT_REVOKED,CONSENT_REVOKED,CONSENT_REVOKED,CONSENT_REVOKED,CONSENT_REVOKED,CONSENT_REVOKED,CONSENT_REVOKED,CONSENT_REVOKED,CONSENT_REVOKED,CONSENT_REVOKED,CONSENT_REVOKED,CONSENT_REVOKED,CONSENT_REVOKED
69fcbd0efcf133e9e3fec8be,617452347986aeaf4d2e5278,RETURNED,Not Applicable,2026-05-07T16:27:19.161000Z,,,2026-05-20T14:30:57.800762Z,,,1851,CONSENT_REVOKED,CONSENT_REVOKED,CONSENT_REVOKED,CONSENT_REVOKED,CONSENT_REVOKED,CONSENT_REVOKED,CONSENT_REVOKED,CONSENT_REVOKED,CONSENT_REVOKED,CONSENT_REVOKED,CONSENT_REVOKED,CONSENT_REVOKED,CONSENT_REVOKED
69fcbd15f2ce132e03f687d9,69dd40a2bb793fe31e0529e9,RETURNED,Not Applicable,2026-05-07T16:26:05.061000Z,,,2026-05-20T14:30:57.816562Z,,,632,CONSENT_REVOKED,CONSENT_REVOKED,CONSENT_REVOKED,CONSENT_REVOKED,CONSENT_REVOKED,CONSENT_REVOKED,CONSENT_REVOKED,CONSENT_REVOKED,CONSENT_REVOKED,CONSENT_REVOKED,CONSENT_REVOKED,CONSENT_REVOKED,CONSENT_REVOKED
69fcbd79b5a147cbbbaf8a69,69e438946fecd82c455950d5,RETURNED,Not Applicable,2026-05-07T16:27:41.542000Z,,,2026-05-20T14:30:57.806510Z,,,220,CONSENT_REVOKED,CONSENT_REVOKED,CONSENT_REVOKED,CONSENT_REVOKED,CONSENT_REVOKED,CONSENT_REVOKED,CONSENT_REVOKED,CONSENT_REVOKED,CONSENT_REVOKED,CONSENT_REVOKED,CONSENT_REVOKED,CONSENT_REVOKED,CONSENT_REVOKED
69fcbdfd0461fb1723aef383,60a2a8570a0f9cc00d6b9d1a,APPROVED,Not Applicable,2026-05-07T16:29:53.806000Z,2026-05-07T16:49:23.234000Z,2026-05-07T16:49:23.964000Z,2026-05-07T16:50:23.949527Z,1170.0,C15DM49H,9457,English,Yes,"No, I have no issues seeing colours",Woman (including Trans Female/Trans Woman),47,Female,White,United States,United States,United States,English,DATA_EXPIRED,DATA_EXPIRED
69fcbe8486d25e07c99a5a25,5a285307df86d80001455de5,RETURNED,Not Applicable,2026-05-07T16:40:31.462000Z,,,2026-05-20T14:30:57.805780Z,,,5164,CONSENT_REVOKED,CONSENT_REVOKED,CONSENT_REVOKED,CONSENT_REVOKED,CONSENT_REVOKED,CONSENT_REVOKED,CONSENT_REVOKED,CONSENT_REVOKED,CONSENT_REVOKED,CONSENT_REVOKED,CONSENT_REVOKED,CONSENT_REVOKED,CONSENT_REVOKED
69fcbe99d5993f612c9c4282,67c869872204b85d6c4c0749,RETURNED,Not Applicable,2026-05-07T16:32:32.642000Z,,,2026-05-20T14:30:57.806460Z,,,2944,CONSENT_REVOKED,CONSENT_REVOKED,CONSENT_REVOKED,CONSENT_REVOKED,CONSENT_REVOKED,CONSENT_REVOKED,CONSENT_REVOKED,CONSENT_REVOKED,CONSENT_REVOKED,CONSENT_REVOKED,CONSENT_REVOKED,CONSENT_REVOKED,CONSENT_REVOKED
69fcbfe5f80d0073faeb97d6,5f16f559325a640008bb9a07,APPROVED,Not Applicable,2026-05-07T16:38:04.640000Z,2026-05-07T16:56:30.950000Z,2026-05-07T16:56:31.978000Z,2026-05-07T16:57:31.876058Z,1107.0,C15DM49H,19584,English,Yes,"No, I have no issues seeing colours",Man (including Trans Male/Trans Man),39,Male,White,United States,United States,United States,English,No,Full-Time
69fcbfed3a9b83959b9c78d0,606a3cf263a18869ac8ee0ed,RETURNED,Not Applicable,2026-05-07T16:38:05.874000Z,,,2026-05-20T14:30:57.811127Z,,,12205,CONSENT_REVOKED,CONSENT_REVOKED,CONSENT_REVOKED,CONSENT_REVOKED,CONSENT_REVOKED,CONSENT_REVOKED,CONSENT_REVOKED,CONSENT_REVOKED,CONSENT_REVOKED,CONSENT_REVOKED,CONSENT_REVOKED,CONSENT_REVOKED,CONSENT_REVOKED
69fcc0805933ff011241407e,698a313139e7cd29ee4a31c7,APPROVED,Not Applicable,2026-05-07T16:40:38.974000Z,2026-05-07T16:58:03.202000Z,2026-05-07T16:58:04.222000Z,2026-05-07T16:59:04.197468Z,1045.0,C15DM49H,301,English,Yes,"No, I have no issues seeing colours",Woman (including Trans Female/Trans Woman),43,Female,White,United States,United States,United States,English,Yes,Other
69fcc1707293ec44998408eb,69baad8d3dcf97ce81dae5c2,RETURNED,Not Applicable,2026-05-07T16:44:38.876000Z,,,2026-05-20T14:30:57.821496Z,,,550,CONSENT_REVOKED,CONSENT_REVOKED,CONSENT_REVOKED,CONSENT_REVOKED,CONSENT_REVOKED,CONSENT_REVOKED,CONSENT_REVOKED,CONSENT_REVOKED,CONSENT_REVOKED,CONSENT_REVOKED,CONSENT_REVOKED,CONSENT_REVOKED,CONSENT_REVOKED
69fcc19594c22f38a60e2d18,66465c850d9a3e177f2649fa,RETURNED,Not Applicable,2026-05-07T16:45:09.648000Z,,,2026-05-20T14:30:57.810441Z,,,2796,CONSENT_REVOKED,CONSENT_REVOKED,CONSENT_REVOKED,CONSENT_REVOKED,CONSENT_REVOKED,CONSENT_REVOKED,CONSENT_REVOKED,CONSENT_REVOKED,CONSENT_REVOKED,CONSENT_REVOKED,CONSENT_REVOKED,CONSENT_REVOKED,CONSENT_REVOKED
69fcc25f9184e576822b2dce,640168ed11cae91527326eea,APPROVED,Not Applicable,2026-05-07T16:51:21.905000Z,2026-05-07T17:25:14.508000Z,2026-05-07T17:25:15.010000Z,2026-05-07T17:26:14.990562Z,2033.0,C15DM49H,1243,"English, Spanish",Yes,"No, I have no issues seeing colours",Man (including Trans Male/Trans Man),27,Male,White,Colombia,United States,Colombia,Spanish,No,Unemployed (and job seeking)
69fcc390dbce4b218dbeee99,69b4bcdc1be2cdbae67487ee,RETURNED,Not Applicable,2026-05-07T16:53:43.885000Z,,,2026-05-20T14:30:57.812621Z,,,672,CONSENT_REVOKED,CONSENT_REVOKED,CONSENT_REVOKED,CONSENT_REVOKED,CONSENT_REVOKED,CONSENT_REVOKED,CONSENT_REVOKED,CONSENT_REVOKED,CONSENT_REVOKED,CONSENT_REVOKED,CONSENT_REVOKED,CONSENT_REVOKED,CONSENT_REVOKED
69fcc417fb58b6f23142aaf9,69df70c90a77463cbcc1c833,RETURNED,Not Applicable,2026-05-07T16:56:03.145000Z,,,2026-05-20T14:30:57.813674Z,,,1019,CONSENT_REVOKED,CONSENT_REVOKED,CONSENT_REVOKED,CONSENT_REVOKED,CONSENT_REVOKED,CONSENT_REVOKED,CONSENT_REVOKED,CONSENT_REVOKED,CONSENT_REVOKED,CONSENT_REVOKED,CONSENT_REVOKED,CONSENT_REVOKED,CONSENT_REVOKED
69fcc48e384ec384a6796181,5d23460ad4c57900192b129c,RETURNED,Not Applicable,,,,2026-05-20T14:30:57.848828Z,,,8971,CONSENT_REVOKED,CONSENT_REVOKED,CONSENT_REVOKED,CONSENT_REVOKED,CONSENT_REVOKED,CONSENT_REVOKED,CONSENT_REVOKED,CONSENT_REVOKED,CONSENT_REVOKED,CONSENT_REVOKED,CONSENT_REVOKED,CONSENT_REVOKED,CONSENT_REVOKED
69fcc66bfbb9ed7317e24a08,63d6873b65a6170d64a652f6,RETURNED,Not Applicable,2026-05-07T17:06:15.508000Z,,,2026-05-20T14:30:57.824714Z,,,11611,CONSENT_REVOKED,CONSENT_REVOKED,CONSENT_REVOKED,CONSENT_REVOKED,CONSENT_REVOKED,CONSENT_REVOKED,CONSENT_REVOKED,CONSENT_REVOKED,CONSENT_REVOKED,CONSENT_REVOKED,CONSENT_REVOKED,CONSENT_REVOKED,CONSENT_REVOKED
69fcc70fae7e7813aaf8674f,663a940c35558da3747afed4,RETURNED,Not Applicable,2026-05-07T17:08:35.263000Z,,,2026-05-20T14:30:57.825846Z,,,1252,CONSENT_REVOKED,CONSENT_REVOKED,CONSENT_REVOKED,CONSENT_REVOKED,CONSENT_REVOKED,CONSENT_REVOKED,CONSENT_REVOKED,CONSENT_REVOKED,CONSENT_REVOKED,CONSENT_REVOKED,CONSENT_REVOKED,CONSENT_REVOKED,CONSENT_REVOKED
69fcc79fff5f9db446273e6d,65cb86a7e667e637599a3af3,RETURNED,Not Applicable,2026-05-07T17:11:54.664000Z,,,2026-05-20T14:30:57.824059Z,,,5247,CONSENT_REVOKED,CONSENT_REVOKED,CONSENT_REVOKED,CONSENT_REVOKED,CONSENT_REVOKED,CONSENT_REVOKED,CONSENT_REVOKED,CONSENT_REVOKED,CONSENT_REVOKED,CONSENT_REVOKED,CONSENT_REVOKED,CONSENT_REVOKED,CONSENT_REVOKED
69fccaeb429220e8953dda86,69c57ed5adaa4a52c1d2220c,RETURNED,Not Applicable,2026-05-07T17:25:04.630000Z,,,2026-05-20T14:30:57.827826Z,,,842,CONSENT_REVOKED,CONSENT_REVOKED,CONSENT_REVOKED,CONSENT_REVOKED,CONSENT_REVOKED,CONSENT_REVOKED,CONSENT_REVOKED,CONSENT_REVOKED,CONSENT_REVOKED,CONSENT_REVOKED,CONSENT_REVOKED,CONSENT_REVOKED,CONSENT_REVOKED
69fccc227b28b713d7e0d8d7,671ce7ade7a5cd2edc847b94,RETURNED,Not Applicable,2026-05-07T17:30:27.266000Z,,,2026-05-20T14:30:57.826944Z,,,2796,CONSENT_REVOKED,CONSENT_REVOKED,CONSENT_REVOKED,CONSENT_REVOKED,CONSENT_REVOKED,CONSENT_REVOKED,CONSENT_REVOKED,CONSENT_REVOKED,CONSENT_REVOKED,CONSENT_REVOKED,CONSENT_REVOKED,CONSENT_REVOKED,CONSENT_REVOKED
69fccda644328d989b2cbc66,64d5323f567c88a7df95b47a,RETURNED,Not Applicable,2026-05-07T17:36:42.576000Z,,,2026-05-20T14:30:57.822661Z,,,5117,CONSENT_REVOKED,CONSENT_REVOKED,CONSENT_REVOKED,CONSENT_REVOKED,CONSENT_REVOKED,CONSENT_REVOKED,CONSENT_REVOKED,CONSENT_REVOKED,CONSENT_REVOKED,CONSENT_REVOKED,CONSENT_REVOKED,CONSENT_REVOKED,CONSENT_REVOKED
69fccdf7372301f4c13831ce,69dfc80acfee5e3693080e2e,APPROVED,Not Applicable,2026-05-07T17:38:28.222000Z,2026-05-07T18:05:06.298000Z,2026-05-07T18:05:06.997000Z,2026-05-07T18:06:06.881157Z,1599.0,C15DM49H,643,English,Yes,"No, I have no issues seeing colours",Woman (including Trans Female/Trans Woman),36,Female,White,United States,United States,United States,English,No,Unemployed (and job seeking)
69fccfa268cc1165d930d94d,69da5c665b5e0665d27ebb27,RETURNED,Not Applicable,2026-05-07T17:45:45.983000Z,,,2026-05-20T14:30:57.823357Z,,,724,CONSENT_REVOKED,CONSENT_REVOKED,CONSENT_REVOKED,CONSENT_REVOKED,CONSENT_REVOKED,CONSENT_REVOKED,CONSENT_REVOKED,CONSENT_REVOKED,CONSENT_REVOKED,CONSENT_REVOKED,CONSENT_REVOKED,CONSENT_REVOKED,CONSENT_REVOKED
69fcd06710b68b8cf16eb040,69cabaa158e0a94e7a167bf8,RETURNED,Not Applicable,2026-05-07T17:48:27.888000Z,,,2026-05-20T14:30:57.839263Z,,,379,CONSENT_REVOKED,CONSENT_REVOKED,CONSENT_REVOKED,CONSENT_REVOKED,CONSENT_REVOKED,CONSENT_REVOKED,CONSENT_REVOKED,CONSENT_REVOKED,CONSENT_REVOKED,CONSENT_REVOKED,CONSENT_REVOKED,CONSENT_REVOKED,CONSENT_REVOKED
69fcd0d23621ea400c4e62f8,69f58465fa29b67f229edcb1,APPROVED,Not Applicable,2026-05-07T17:50:16.176000Z,2026-05-07T18:00:23.884000Z,2026-05-07T18:00:24.478000Z,2026-05-07T18:01:24.441401Z,608.0,C15DM49H,35,English,Yes,"No, I have no issues seeing colours",Woman (including Trans Female/Trans Woman),33,Female,White,United States,United States,United States,English,Yes,Other
69fcd0f58835dbc1e3c7dfb0,5bc9f8b677740000016a08b5,RETURNED,Not Applicable,2026-05-07T17:50:45.899000Z,,,2026-05-20T14:30:57.835660Z,,,13948,CONSENT_REVOKED,CONSENT_REVOKED,CONSENT_REVOKED,CONSENT_REVOKED,CONSENT_REVOKED,CONSENT_REVOKED,CONSENT_REVOKED,CONSENT_REVOKED,CONSENT_REVOKED,CONSENT_REVOKED,CONSENT_REVOKED,CONSENT_REVOKED,CONSENT_REVOKED
69fcd12f58b2f9e2e8279037,69fa9d1794a843be0bf27d57,APPROVED,Not Applicable,2026-05-07T17:51:48.230000Z,2026-05-07T18:01:46.522000Z,2026-05-07T18:01:47.407000Z,2026-05-07T18:02:49.754982Z,599.0,C15DM49H,33,English,Yes,"No, I have no issues seeing colours",Woman (including Trans Female/Trans Woman),36,Female,White,United States,United States,United States,English,No,Other
69fcd1de4b2fd23a7cd8fb05,69cd6dcab3ca40a15e9281c3,RETURNED,Not Applicable,2026-05-07T17:54:49.959000Z,,,2026-05-20T14:30:57.836402Z,,,104,CONSENT_REVOKED,CONSENT_REVOKED,CONSENT_REVOKED,CONSENT_REVOKED,CONSENT_REVOKED,CONSENT_REVOKED,CONSENT_REVOKED,CONSENT_REVOKED,CONSENT_REVOKED,CONSENT_REVOKED,CONSENT_REVOKED,CONSENT_REVOKED,CONSENT_REVOKED
69fcd262894ad3239ab81a8e,69e52b5d0ccd3321f5423f33,APPROVED,Not Applicable,2026-05-07T17:56:56.205000Z,2026-05-07T18:25:09.691000Z,2026-05-07T18:25:10.466000Z,2026-05-07T18:26:13.213960Z,1694.0,C15DM49H,318,"English, Spanish",Yes,"No, I have no issues seeing colours",Man (including Trans Male/Trans Man),35,Male,White,United States,United States,United States,English,No,Full-Time
69fcd277ced22415cae5e22a,69e0212b70f9b527bb4a2e09,APPROVED,Not Applicable,2026-05-07T17:57:54.195000Z,2026-05-07T18:20:29.411000Z,2026-05-07T18:20:32.610000Z,2026-05-07T18:21:42.923524Z,1356.0,C15DM49H,216,English,Yes,"No, I have no issues seeing colours",Woman (including Trans Female/Trans Woman),66,Female,Black,United States,United States,United States,English,No,Full-Time
69fcd361090f78b0e15a2f01,69d3d7345c83667d49a0ce94,APPROVED,Not Applicable,2026-05-07T18:02:45.861000Z,2026-05-07T18:28:41.957000Z,2026-05-07T18:28:43.878000Z,2026-05-07T18:29:43.803720Z,1557.0,C15DM49H,423,English,Yes,"No, I have no issues seeing colours",Man (including Trans Male/Trans Man),43,Male,White,United States,United States,United States,English,No,Other
69fcd368690775ee1c7ba196,6998959c68928b0ed3e02d49,RETURNED,Not Applicable,2026-05-07T18:01:24.001000Z,,,2026-05-20T14:30:57.831689Z,,,1702,CONSENT_REVOKED,CONSENT_REVOKED,CONSENT_REVOKED,CONSENT_REVOKED,CONSENT_REVOKED,CONSENT_REVOKED,CONSENT_REVOKED,CONSENT_REVOKED,CONSENT_REVOKED,CONSENT_REVOKED,CONSENT_REVOKED,CONSENT_REVOKED,CONSENT_REVOKED
69fcd3bf6c725123e058872f,69f2cf36aa5978fdc9fa706c,RETURNED,Not Applicable,,,,2026-05-20T14:30:57.836055Z,,,143,CONSENT_REVOKED,CONSENT_REVOKED,CONSENT_REVOKED,CONSENT_REVOKED,CONSENT_REVOKED,CONSENT_REVOKED,CONSENT_REVOKED,CONSENT_REVOKED,CONSENT_REVOKED,CONSENT_REVOKED,CONSENT_REVOKED,CONSENT_REVOKED,CONSENT_REVOKED
69fcd3d377479466e95fc8d0,5fefaa63238d4be5c34c0d51,RETURNED,Not Applicable,2026-05-07T18:03:03.770000Z,,,2026-05-20T14:30:57.853255Z,,,4816,CONSENT_REVOKED,CONSENT_REVOKED,CONSENT_REVOKED,CONSENT_REVOKED,CONSENT_REVOKED,CONSENT_REVOKED,CONSENT_REVOKED,CONSENT_REVOKED,CONSENT_REVOKED,CONSENT_REVOKED,CONSENT_REVOKED,CONSENT_REVOKED,CONSENT_REVOKED
69fcd43943c0bb82d83966fe,69f729e486ab8f79c6689098,APPROVED,Not Applicable,2026-05-07T18:04:53.357000Z,2026-05-07T18:13:30.887000Z,2026-05-07T18:13:31.703000Z,2026-05-07T18:14:39.915344Z,518.0,C15DM49H,41,English,Yes,"No, I have no issues seeing colours",Woman (including Trans Female/Trans Woman),60,Female,White,United States,United States,United States,English,No,Full-Time
69fcd4844ae2d1f254414085,69fa537626374717de9cb09d,APPROVED,Not Applicable,2026-05-07T18:05:59.380000Z,2026-05-07T18:12:15.756000Z,2026-05-07T20:07:46.096000Z,2026-05-07T18:13:16.808602Z,377.0,C15DM49H,9,"Greek, English",Yes,"No, I have no issues seeing colours",Man (including Trans Male/Trans Man),38,Male,White,United States,United States,United States,English,Yes,"Not in paid work (e.g. homemaker', 'retired or disabled)"
69fcd6284c4d4cdda3d4da6b,673feeafa80a279f5cc63e33,RETURNED,Not Applicable,2026-05-07T18:20:57.226000Z,,,2026-05-20T14:30:57.845106Z,,,8724,CONSENT_REVOKED,CONSENT_REVOKED,CONSENT_REVOKED,CONSENT_REVOKED,CONSENT_REVOKED,CONSENT_REVOKED,CONSENT_REVOKED,CONSENT_REVOKED,CONSENT_REVOKED,CONSENT_REVOKED,CONSENT_REVOKED,CONSENT_REVOKED,CONSENT_REVOKED
69fcd6729a9e8b97fe96907b,5e9a2f95fe11450cc4a6b2be,RETURNED,Not Applicable,2026-05-07T18:25:00.005000Z,,,2026-05-20T14:30:57.843725Z,,,12246,CONSENT_REVOKED,CONSENT_REVOKED,CONSENT_REVOKED,CONSENT_REVOKED,CONSENT_REVOKED,CONSENT_REVOKED,CONSENT_REVOKED,CONSENT_REVOKED,CONSENT_REVOKED,CONSENT_REVOKED,CONSENT_REVOKED,CONSENT_REVOKED,CONSENT_REVOKED
69fcd6f66fcba27184d6a86a,56849d528f456f000c45e1dd,RETURNED,Not Applicable,,,,2026-05-20T14:30:57.842757Z,,,7871,CONSENT_REVOKED,CONSENT_REVOKED,CONSENT_REVOKED,CONSENT_REVOKED,CONSENT_REVOKED,CONSENT_REVOKED,CONSENT_REVOKED,CONSENT_REVOKED,CONSENT_REVOKED,CONSENT_REVOKED,CONSENT_REVOKED,CONSENT_REVOKED,CONSENT_REVOKED
69fcd70861980d8ab304dd9d,69f8efeeb3152a5e550bf057,RETURNED,Not Applicable,2026-05-07T18:27:20.808000Z,,,2026-05-20T14:30:57.845834Z,,,252,CONSENT_REVOKED,CONSENT_REVOKED,CONSENT_REVOKED,CONSENT_REVOKED,CONSENT_REVOKED,CONSENT_REVOKED,CONSENT_REVOKED,CONSENT_REVOKED,CONSENT_REVOKED,CONSENT_REVOKED,CONSENT_REVOKED,CONSENT_REVOKED,CONSENT_REVOKED
69fcd7ff5546b47585c2b213,69cd469dea48b420efa3c26b,RETURNED,Not Applicable,2026-05-07T18:20:51.295000Z,,,2026-05-20T14:30:57.848692Z,,,508,CONSENT_REVOKED,CONSENT_REVOKED,CONSENT_REVOKED,CONSENT_REVOKED,CONSENT_REVOKED,CONSENT_REVOKED,CONSENT_REVOKED,CONSENT_REVOKED,CONSENT_REVOKED,CONSENT_REVOKED,CONSENT_REVOKED,CONSENT_REVOKED,CONSENT_REVOKED
69fcd80e36d3a2298c6efa71,69d674ffe1b69e81eb00dee2,RETURNED,Not Applicable,2026-05-07T18:21:06.041000Z,,,2026-05-20T14:30:57.853315Z,,,738,CONSENT_REVOKED,CONSENT_REVOKED,CONSENT_REVOKED,CONSENT_REVOKED,CONSENT_REVOKED,CONSENT_REVOKED,CONSENT_REVOKED,CONSENT_REVOKED,CONSENT_REVOKED,CONSENT_REVOKED,CONSENT_REVOKED,CONSENT_REVOKED,CONSENT_REVOKED
69fcd83734105ba00c72c74d,6996027674578d3680c6cf09,RETURNED,Not Applicable,2026-05-07T18:32:00.012000Z,,,2026-05-20T14:30:57.858048Z,,,828,CONSENT_REVOKED,CONSENT_REVOKED,CONSENT_REVOKED,CONSENT_REVOKED,CONSENT_REVOKED,CONSENT_REVOKED,CONSENT_REVOKED,CONSENT_REVOKED,CONSENT_REVOKED,CONSENT_REVOKED,CONSENT_REVOKED,CONSENT_REVOKED,CONSENT_REVOKED
69fcda92a3efa3f4e10fef99,66a96d2eb81f9cec83fb1bd3,APPROVED,Not Applicable,2026-05-07T18:31:54.730000Z,2026-05-07T18:46:53.575000Z,2026-05-07T18:47:35.416000Z,2026-05-07T18:48:38.133405Z,899.0,C15DM49H,2448,English,Yes,"No, I have no issues seeing colours",Woman (including Trans Female/Trans Woman),55,Female,White,United States,United States,United States,English,DATA_EXPIRED,DATA_EXPIRED
69fcdabb1c4a845241b623e2,69bdd9c01353d737b5014313,RETURNED,Not Applicable,2026-05-07T18:34:04.708000Z,,,2026-05-20T14:30:57.847412Z,,,1849,CONSENT_REVOKED,CONSENT_REVOKED,CONSENT_REVOKED,CONSENT_REVOKED,CONSENT_REVOKED,CONSENT_REVOKED,CONSENT_REVOKED,CONSENT_REVOKED,CONSENT_REVOKED,CONSENT_REVOKED,CONSENT_REVOKED,CONSENT_REVOKED,CONSENT_REVOKED
69fcdb7d740582c1ddb2d4db,69ed487c9ec33447dbe83135,APPROVED,Not Applicable,2026-05-07T18:35:51.861000Z,2026-05-07T19:19:10.859000Z,2026-05-07T19:19:12.499000Z,2026-05-07T19:20:12.569705Z,2599.0,C15DM49H,132,English,Yes,"No, I have no issues seeing colours",Woman (including Trans Female/Trans Woman),53,Female,White,United States,United States,United States,English,No,Full-Time
69fcdd60f8734a91776f78bf,69a73b04718cfdcc1d30e365,APPROVED,Not Applicable,2026-05-07T18:44:39.542000Z,2026-05-07T19:25:00.694000Z,2026-05-07T19:25:01.324000Z,2026-05-07T19:26:01.250137Z,2422.0,C15DM49H,574,"English, Indonesian",Yes,"No, I have no issues seeing colours",Man (including Trans Male/Trans Man),63,Male,Asian,Indonesia,United States,United States,Indonesian,No,Unemployed (and job seeking)
69fcde71ba09f27520098215,69f140935dc089bf8e145ba8,RETURNED,Not Applicable,2026-05-07T18:59:00.007000Z,,,2026-05-20T14:30:57.854658Z,,,574,CONSENT_REVOKED,CONSENT_REVOKED,CONSENT_REVOKED,CONSENT_REVOKED,CONSENT_REVOKED,CONSENT_REVOKED,CONSENT_REVOKED,CONSENT_REVOKED,CONSENT_REVOKED,CONSENT_REVOKED,CONSENT_REVOKED,CONSENT_REVOKED,CONSENT_REVOKED
69fcdeb281661ca479602905,69d551e99feafe87823be76e,RETURNED,Not Applicable,2026-05-07T19:00:00.032000Z,,,2026-05-20T14:30:57.848446Z,,,607,CONSENT_REVOKED,CONSENT_REVOKED,CONSENT_REVOKED,CONSENT_REVOKED,CONSENT_REVOKED,CONSENT_REVOKED,CONSENT_REVOKED,CONSENT_REVOKED,CONSENT_REVOKED,CONSENT_REVOKED,CONSENT_REVOKED,CONSENT_REVOKED,CONSENT_REVOKED
69fce7dfd8b2a17c5f114828,69e4289039d1622d8510d291,RETURNED,Not Applicable,2026-05-07T19:28:37.497000Z,,,2026-05-20T14:30:57.862236Z,,,456,CONSENT_REVOKED,CONSENT_REVOKED,CONSENT_REVOKED,CONSENT_REVOKED,CONSENT_REVOKED,CONSENT_REVOKED,CONSENT_REVOKED,CONSENT_REVOKED,CONSENT_REVOKED,CONSENT_REVOKED,CONSENT_REVOKED,CONSENT_REVOKED,CONSENT_REVOKED
69fcede2ea982e956c788da9,698a2204e891755d09370202,RETURNED,Not Applicable,2026-05-07T19:54:24.226000Z,,,2026-05-20T14:30:57.855992Z,,,221,CONSENT_REVOKED,CONSENT_REVOKED,CONSENT_REVOKED,CONSENT_REVOKED,CONSENT_REVOKED,CONSENT_REVOKED,CONSENT_REVOKED,CONSENT_REVOKED,CONSENT_REVOKED,CONSENT_REVOKED,CONSENT_REVOKED,CONSENT_REVOKED,CONSENT_REVOKED
69fcf235c8d3d0a2aba7b845,69f8f44ee6bf15c5d2f9e595,RETURNED,Not Applicable,2026-05-07T20:12:58.344000Z,,,2026-05-20T14:30:57.871282Z,,,134,CONSENT_REVOKED,CONSENT_REVOKED,CONSENT_REVOKED,CONSENT_REVOKED,CONSENT_REVOKED,CONSENT_REVOKED,CONSENT_REVOKED,CONSENT_REVOKED,CONSENT_REVOKED,CONSENT_REVOKED,CONSENT_REVOKED,CONSENT_REVOKED,CONSENT_REVOKED
69fcf2a7a132419eed891428,61fa94315719bc09cb834ea0,APPROVED,Not Applicable,2026-05-07T20:14:31.658000Z,2026-05-07T20:28:07.160000Z,2026-05-07T20:28:07.931000Z,2026-05-07T20:29:07.898902Z,816.0,C15DM49H,4568,English,Yes,"No, I have no issues seeing colours",Man (including Trans Male/Trans Man),57,Male,White,United States,United States,United States,English,DATA_EXPIRED,DATA_EXPIRED
69fcf2d81ba4ddc756a7b7ee,6789c94eb84a9d08b0c11ee2,RETURNED,Not Applicable,,,,2026-05-20T14:30:57.865162Z,,,211,CONSENT_REVOKED,CONSENT_REVOKED,CONSENT_REVOKED,CONSENT_REVOKED,CONSENT_REVOKED,CONSENT_REVOKED,CONSENT_REVOKED,CONSENT_REVOKED,CONSENT_REVOKED,CONSENT_REVOKED,CONSENT_REVOKED,CONSENT_REVOKED,CONSENT_REVOKED
69fcf2ea5a85ed86b1aa0f80,69f4ef0de52fb52b45355c14,RETURNED,Not Applicable,2026-05-07T20:16:06.183000Z,,,2026-05-20T14:30:57.885326Z,,,233,CONSENT_REVOKED,CONSENT_REVOKED,CONSENT_REVOKED,CONSENT_REVOKED,CONSENT_REVOKED,CONSENT_REVOKED,CONSENT_REVOKED,CONSENT_REVOKED,CONSENT_REVOKED,CONSENT_REVOKED,CONSENT_REVOKED,CONSENT_REVOKED,CONSENT_REVOKED
69fcf2ecb25d65ae6bd90026,69a61cdd4375f0d87dc7171c,RETURNED,Not Applicable,2026-05-07T20:15:45.868000Z,,,2026-05-20T14:30:57.864346Z,,,960,CONSENT_REVOKED,CONSENT_REVOKED,CONSENT_REVOKED,CONSENT_REVOKED,CONSENT_REVOKED,CONSENT_REVOKED,CONSENT_REVOKED,CONSENT_REVOKED,CONSENT_REVOKED,CONSENT_REVOKED,CONSENT_REVOKED,CONSENT_REVOKED,CONSENT_REVOKED
69fcf2ee8d1a6d648a2cd024,69f0ef2a58d846e3bbe5a68f,RETURNED,Not Applicable,,,,2026-05-20T14:30:57.870134Z,,,458,CONSENT_REVOKED,CONSENT_REVOKED,CONSENT_REVOKED,CONSENT_REVOKED,CONSENT_REVOKED,CONSENT_REVOKED,CONSENT_REVOKED,CONSENT_REVOKED,CONSENT_REVOKED,CONSENT_REVOKED,CONSENT_REVOKED,CONSENT_REVOKED,CONSENT_REVOKED
69fcf2f06491c2a3ca80635a,69bc67fa2a101dda7e61101c,APPROVED,Not Applicable,2026-05-07T20:15:51.096000Z,2026-05-07T20:27:24.930000Z,2026-05-07T20:27:28.918000Z,2026-05-07T20:28:28.831993Z,694.0,C15DM49H,384,"English, Japanese, French",Yes,"No, I have no issues seeing colours",Man (including Trans Male/Trans Man),23,Male,White,United States,United States,United States,English,No,Part-Time
69fcf30088844038e882a715,6787b336ed2c716e392a6bbf,TIMED-OUT,Not Applicable,2026-05-07T20:16:04.139000Z,,,2026-05-20T14:30:57.865186Z,1102494.0,,715,English,Yes,"No, I have no issues seeing colours",Woman (including Trans Female/Trans Woman),33,Female,White,United States,United States,United States,English,DATA_EXPIRED,DATA_EXPIRED
69fcf30570904cd9233ac77a,65fd19896d58d64c0d8cbc3c,RETURNED,Not Applicable,2026-05-07T20:16:19.045000Z,,,2026-05-20T14:30:57.884988Z,,,3405,CONSENT_REVOKED,CONSENT_REVOKED,CONSENT_REVOKED,CONSENT_REVOKED,CONSENT_REVOKED,CONSENT_REVOKED,CONSENT_REVOKED,CONSENT_REVOKED,CONSENT_REVOKED,CONSENT_REVOKED,CONSENT_REVOKED,CONSENT_REVOKED,CONSENT_REVOKED
69fcf30b2c2d6be5257ca5bb,69b21ee4042e17468e61ebc8,RETURNED,Not Applicable,2026-05-07T20:18:32.664000Z,,,2026-05-20T14:30:57.874430Z,,,785,CONSENT_REVOKED,CONSENT_REVOKED,CONSENT_REVOKED,CONSENT_REVOKED,CONSENT_REVOKED,CONSENT_REVOKED,CONSENT_REVOKED,CONSENT_REVOKED,CONSENT_REVOKED,CONSENT_REVOKED,CONSENT_REVOKED,CONSENT_REVOKED,CONSENT_REVOKED
69fcf310f25293668d020fd0,69d98e3b34fb8e9e0b899c3e,RETURNED,Not Applicable,2026-05-07T20:16:39.721000Z,,,2026-05-20T14:30:57.878976Z,,,90,CONSENT_REVOKED,CONSENT_REVOKED,CONSENT_REVOKED,CONSENT_REVOKED,CONSENT_REVOKED,CONSENT_REVOKED,CONSENT_REVOKED,CONSENT_REVOKED,CONSENT_REVOKED,CONSENT_REVOKED,CONSENT_REVOKED,CONSENT_REVOKED,CONSENT_REVOKED
69fcf3116790dc1c3ce3503a,5c01d3c509e9c70001500b10,RETURNED,Not Applicable,,,,2026-05-20T14:30:57.889522Z,,,7042,CONSENT_REVOKED,CONSENT_REVOKED,CONSENT_REVOKED,CONSENT_REVOKED,CONSENT_REVOKED,CONSENT_REVOKED,CONSENT_REVOKED,CONSENT_REVOKED,CONSENT_REVOKED,CONSENT_REVOKED,CONSENT_REVOKED,CONSENT_REVOKED,CONSENT_REVOKED
69fcf312dd189d5bb3cd6ad7,69b306d0aabcb968f7ca7ec5,APPROVED,Not Applicable,2026-05-07T20:16:18.962000Z,2026-05-07T20:28:31.217000Z,2026-05-07T20:28:31.839000Z,2026-05-07T20:29:31.729092Z,733.0,C15DM49H,2346,"English, Korean",Yes,"No, I have no issues seeing colours",Man (including Trans Male/Trans Man),47,Male,Asian,Korea,United States,Korea,Korean,No,Full-Time
69fcf315fb6ffa8ad30250f0,691f7251736800a19a923c4d,APPROVED,Not Applicable,2026-05-07T20:16:27.686000Z,2026-05-07T20:29:47.222000Z,2026-05-07T20:29:47.805000Z,2026-05-07T20:30:47.728988Z,800.0,C15DM49H,1865,"English, Spanish",Yes,"No, I have no issues seeing colours",Man (including Trans Male/Trans Man),38,Male,White,United States,United States,United States,English,No,Full-Time
69fcf31f35c8252135fc7bfd,678fc7994e8da312f0d6ebec,RETURNED,Not Applicable,2026-05-07T20:16:39.155000Z,,,2026-05-20T14:30:57.887054Z,,,449,CONSENT_REVOKED,CONSENT_REVOKED,CONSENT_REVOKED,CONSENT_REVOKED,CONSENT_REVOKED,CONSENT_REVOKED,CONSENT_REVOKED,CONSENT_REVOKED,CONSENT_REVOKED,CONSENT_REVOKED,CONSENT_REVOKED,CONSENT_REVOKED,CONSENT_REVOKED
69fcf330a49f8ef100775510,62a885d5b6af18b3d4579e1b,RETURNED,Not Applicable,2026-05-07T20:16:48.829000Z,,,2026-05-20T14:30:57.896972Z,,,16880,CONSENT_REVOKED,CONSENT_REVOKED,CONSENT_REVOKED,CONSENT_REVOKED,CONSENT_REVOKED,CONSENT_REVOKED,CONSENT_REVOKED,CONSENT_REVOKED,CONSENT_REVOKED,CONSENT_REVOKED,CONSENT_REVOKED,CONSENT_REVOKED,CONSENT_REVOKED
69fcf3385bf4ec76d6d34aa1,69dbba2af76a02c2bbb1c3f7,APPROVED,Not Applicable,2026-05-07T20:16:59.481000Z,2026-05-07T20:23:46.994000Z,2026-05-07T20:41:00.678000Z,2026-05-07T20:24:47.497238Z,408.0,C15DM49H,352,English,Yes,"No, I have no issues seeing colours",Woman (including Trans Female/Trans Woman),19,Female,White,United States,United States,United States,English,Yes,Full-Time
69fcf33c80b9960c7591dcc3,69d8612bfd5fa65e3f037947,APPROVED,Not Applicable,2026-05-07T20:17:09.046000Z,2026-05-07T20:32:58.350000Z,2026-05-07T20:32:58.895000Z,2026-05-07T20:33:58.913025Z,950.0,C15DM49H,199,"English, Spanish",Yes,"No, I have no issues seeing colours",Man (including Trans Male/Trans Man),29,Male,White,United States,United States,United States,Spanish,No,Full-Time
69fcf36c9214001db4b80582,60fd6618f9a377f54dcdf318,RETURNED,Not Applicable,2026-05-07T20:19:28.009000Z,,,2026-05-20T14:30:57.907616Z,,,24974,CONSENT_REVOKED,CONSENT_REVOKED,CONSENT_REVOKED,CONSENT_REVOKED,CONSENT_REVOKED,CONSENT_REVOKED,CONSENT_REVOKED,CONSENT_REVOKED,CONSENT_REVOKED,CONSENT_REVOKED,CONSENT_REVOKED,CONSENT_REVOKED,CONSENT_REVOKED
69fcf3bfb2f1d08605c4ca90,66789a1e138a59bb4ad16fa5,RETURNED,Not Applicable,2026-05-07T20:20:37.730000Z,,,2026-05-20T14:30:57.901766Z,,,4063,CONSENT_REVOKED,CONSENT_REVOKED,CONSENT_REVOKED,CONSENT_REVOKED,CONSENT_REVOKED,CONSENT_REVOKED,CONSENT_REVOKED,CONSENT_REVOKED,CONSENT_REVOKED,CONSENT_REVOKED,CONSENT_REVOKED,CONSENT_REVOKED,CONSENT_REVOKED
6a0c8137f5a6a190cc8d41c5,67f9613e658e3cf579bf5c25,RETURNED,Not Applicable,2026-05-19T15:26:59.414000Z,,,2026-05-20T14:30:57.907873Z,,,2782,CONSENT_REVOKED,CONSENT_REVOKED,CONSENT_REVOKED,CONSENT_REVOKED,CONSENT_REVOKED,CONSENT_REVOKED,CONSENT_REVOKED,CONSENT_REVOKED,CONSENT_REVOKED,CONSENT_REVOKED,CONSENT_REVOKED,CONSENT_REVOKED,CONSENT_REVOKED
6a0c81383877a4e9f10a6732,58a1fe40ea3d11000170d9b9,APPROVED,Not Applicable,2026-05-19T15:29:10.997000Z,2026-05-19T15:53:10.655000Z,2026-05-19T15:53:11.162000Z,2026-05-19T15:54:11.091744Z,1440.0,C15DM49H,11944,English,Yes,"No, I have no issues seeing colours",Woman (including Trans Female/Trans Woman),34,Female,White,United States,United States,United States,English,No,Full-Time
6a0c813c62eb8fa89160f3cf,65b92135e296f28cb1a093c3,RETURNED,Not Applicable,2026-05-19T15:26:56.779000Z,,,2026-05-20T14:30:57.906323Z,,,5182,CONSENT_REVOKED,CONSENT_REVOKED,CONSENT_REVOKED,CONSENT_REVOKED,CONSENT_REVOKED,CONSENT_REVOKED,CONSENT_REVOKED,CONSENT_REVOKED,CONSENT_REVOKED,CONSENT_REVOKED,CONSENT_REVOKED,CONSENT_REVOKED,CONSENT_REVOKED
6a0c8144aa0010dc4aa94324,5edcfe625cd39c9efd5cc2ae,APPROVED,Not Applicable,2026-05-19T15:28:21.071000Z,2026-05-19T15:36:41.695000Z,2026-05-19T15:36:42.175000Z,2026-05-19T15:37:42.580754Z,501.0,C15DM49H,8466,"English, Spanish",Yes,"No, I have no issues seeing colours",Woman (including Trans Female/Trans Woman),41,Female,White,United States,United States,United States,English,No,Full-Time
6a0c814552005af5ef2e6ac9,6627022aef53030b919b43c2,RETURNED,Not Applicable,2026-05-19T15:27:06.488000Z,,,2026-05-20T14:30:57.910035Z,,,1884,CONSENT_REVOKED,CONSENT_REVOKED,CONSENT_REVOKED,CONSENT_REVOKED,CONSENT_REVOKED,CONSENT_REVOKED,CONSENT_REVOKED,CONSENT_REVOKED,CONSENT_REVOKED,CONSENT_REVOKED,CONSENT_REVOKED,CONSENT_REVOKED,CONSENT_REVOKED
6a0c814780576602bc5dea02,69e17b4489b488c473d5c608,RETURNED,Not Applicable,2026-05-19T15:29:41.033000Z,,,2026-05-20T14:30:57.918524Z,,,344,CONSENT_REVOKED,CONSENT_REVOKED,CONSENT_REVOKED,CONSENT_REVOKED,CONSENT_REVOKED,CONSENT_REVOKED,CONSENT_REVOKED,CONSENT_REVOKED,CONSENT_REVOKED,CONSENT_REVOKED,CONSENT_REVOKED,CONSENT_REVOKED,CONSENT_REVOKED
6a0c8147adadefc8a8f89d69,5753046ba6deb50006d64b0f,RETURNED,Not Applicable,,,,2026-05-20T14:30:57.933181Z,,,7708,CONSENT_REVOKED,CONSENT_REVOKED,CONSENT_REVOKED,CONSENT_REVOKED,CONSENT_REVOKED,CONSENT_REVOKED,CONSENT_REVOKED,CONSENT_REVOKED,CONSENT_REVOKED,CONSENT_REVOKED,CONSENT_REVOKED,CONSENT_REVOKED,CONSENT_REVOKED
6a0c814dd0cf73ad878c32c9,69b98ed6a044387bc1f3609d,APPROVED,Not Applicable,2026-05-19T15:27:15.621000Z,2026-05-19T15:41:11.955000Z,2026-05-19T15:41:12.462000Z,2026-05-19T15:42:12.742840Z,837.0,C15DM49H,846,English,Yes,"No, I have no issues seeing colours",Woman (including Trans Female/Trans Woman),48,Female,Mixed,United States,United States,United States,English,No,"Not in paid work (e.g. homemaker', 'retired or disabled)"
6a0c814e77e55db6288025d6,69c077a69c6bb1fb8f8d3621,APPROVED,Not Applicable,2026-05-19T15:27:14.925000Z,2026-05-19T15:37:57.032000Z,2026-05-19T15:37:57.560000Z,2026-05-19T15:38:57.504517Z,643.0,C15DM49H,227,English,Yes,"No, I have no issues seeing colours",Woman (including Trans Female/Trans Woman),35,Female,White,United States,United States,United States,English,No,"Not in paid work (e.g. homemaker', 'retired or disabled)"
6a0c814fe1a47dbd53aefe06,69d4e9b098840254a2011f5e,APPROVED,Not Applicable,2026-05-19T15:27:27.828000Z,2026-05-19T15:38:36.490000Z,2026-05-19T15:38:37.154000Z,2026-05-19T15:39:37.089739Z,669.0,C15DM49H,1700,"Chinese, English",Yes,"No, I have no issues seeing colours",Man (including Trans Male/Trans Man),18,Male,Asian,United States,United States,United States,English,Yes,Unemployed (and job seeking)
6a0c8164419a9f948a6f97fd,6985f3182b4543e83e42dd7a,RETURNED,Not Applicable,2026-05-19T15:27:32.218000Z,,,2026-05-20T14:30:57.947027Z,,,406,CONSENT_REVOKED,CONSENT_REVOKED,CONSENT_REVOKED,CONSENT_REVOKED,CONSENT_REVOKED,CONSENT_REVOKED,CONSENT_REVOKED,CONSENT_REVOKED,CONSENT_REVOKED,CONSENT_REVOKED,CONSENT_REVOKED,CONSENT_REVOKED,CONSENT_REVOKED
6a0c81e13b748d754d4b4eb6,6a022dec6cf202afb8ff0bcc,RETURNED,Not Applicable,2026-05-19T15:29:37.127000Z,,,2026-05-20T14:30:57.940998Z,,,75,CONSENT_REVOKED,CONSENT_REVOKED,CONSENT_REVOKED,CONSENT_REVOKED,CONSENT_REVOKED,CONSENT_REVOKED,CONSENT_REVOKED,CONSENT_REVOKED,CONSENT_REVOKED,CONSENT_REVOKED,CONSENT_REVOKED,CONSENT_REVOKED,CONSENT_REVOKED
6a0c825c9feb5ac89fd04e47,6765ef807d07ff87a01f5cd4,APPROVED,Not Applicable,2026-05-19T15:31:43.746000Z,2026-05-19T15:43:05.330000Z,2026-05-19T15:43:05.814000Z,2026-05-19T15:44:05.767014Z,682.0,C15DM49H,1139,English,Yes,"No, I have no issues seeing colours",Woman (including Trans Female/Trans Woman),48,Female,White,United States,United States,United States,English,No,Full-Time
6a0c82e1a2a01aee1a3a8fca,69608a9a607889a2e116c1dc,RETURNED,Not Applicable,2026-05-19T15:33:58.985000Z,,,2026-05-20T14:30:57.948657Z,,,713,CONSENT_REVOKED,CONSENT_REVOKED,CONSENT_REVOKED,CONSENT_REVOKED,CONSENT_REVOKED,CONSENT_REVOKED,CONSENT_REVOKED,CONSENT_REVOKED,CONSENT_REVOKED,CONSENT_REVOKED,CONSENT_REVOKED,CONSENT_REVOKED,CONSENT_REVOKED
6a0c83801d58bd11da971798,6a025946998342349a32be35,RETURNED,Not Applicable,2026-05-19T15:36:32.243000Z,,,2026-05-20T14:30:57.934304Z,,,61,CONSENT_REVOKED,CONSENT_REVOKED,CONSENT_REVOKED,CONSENT_REVOKED,CONSENT_REVOKED,CONSENT_REVOKED,CONSENT_REVOKED,CONSENT_REVOKED,CONSENT_REVOKED,CONSENT_REVOKED,CONSENT_REVOKED,CONSENT_REVOKED,CONSENT_REVOKED
6a0c838b97bf63c4c1498ddc,69fa843cc80a87fb84cec0bc,APPROVED,Not Applicable,2026-05-19T15:38:27.518000Z,2026-05-19T15:55:08.855000Z,2026-05-19T15:55:09.330000Z,2026-05-19T15:56:09.273856Z,1002.0,C15DM49H,134,English,Yes,"No, I have no issues seeing colours",Man (including Trans Male/Trans Man),38,Male,White,United States,United States,United States,English,No,Unemployed (and job seeking)
6a0c838e08cb799adf88c0d1,6a01dbafd86ea80e11b544f7,APPROVED,Not Applicable,2026-05-19T15:36:49.421000Z,2026-05-19T15:49:10.406000Z,2026-05-19T15:49:10.875000Z,2026-05-19T15:50:10.830264Z,741.0,C15DM49H,313,English,Yes,"No, I have no issues seeing colours",Man (including Trans Male/Trans Man),38,Male,White,United States,United States,United States,English,Yes,Full-Time
6a0c83e2aae8d34029526d3c,69fe0c4a9029d4015d79fc19,APPROVED,Not Applicable,2026-05-19T15:38:17.487000Z,2026-05-19T15:52:35.447000Z,2026-05-19T15:52:35.930000Z,2026-05-19T15:53:35.869677Z,858.0,C15DM49H,39,English,Yes,"No, I have no issues seeing colours",Man (including Trans Male/Trans Man),33,Male,White,United States,United States,United States,English,No,Full-Time
6a0c83e2cb85c029c06b077f,6a01f9bc0e42054d6f55a5c0,APPROVED,Not Applicable,2026-05-19T15:38:14.490000Z,2026-05-19T16:10:00.575000Z,2026-05-19T16:10:01.040000Z,2026-05-19T16:11:00.981526Z,1907.0,C15DM49H,22,English,Yes,"No, I have no issues seeing colours",Woman (including Trans Female/Trans Woman),35,Female,White,United States,United States,United States,English,No,Part-Time
6a0c83fd3b5dec6577f2cce7,664003b962a847c71db3ebb0,RETURNED,Not Applicable,2026-05-19T15:40:01.384000Z,,,2026-05-20T14:30:57.933057Z,,,5733,CONSENT_REVOKED,CONSENT_REVOKED,CONSENT_REVOKED,CONSENT_REVOKED,CONSENT_REVOKED,CONSENT_REVOKED,CONSENT_REVOKED,CONSENT_REVOKED,CONSENT_REVOKED,CONSENT_REVOKED,CONSENT_REVOKED,CONSENT_REVOKED,CONSENT_REVOKED
6a0c84a258670d033684b52b,67e8aa454848956e5e32c19d,APPROVED,Not Applicable,2026-05-19T15:41:26.225000Z,2026-05-19T15:56:17.628000Z,2026-05-19T15:56:18.155000Z,2026-05-19T15:57:18.097550Z,892.0,C15DM49H,9698,English,Yes,"No, I have no issues seeing colours",Man (including Trans Male/Trans Man),51,Male,White,United States,United States,United States,English,No,Full-Time
6a0c84a5ea4a89d47d960f82,69fa058749cbcd02d7f1963b,APPROVED,Not Applicable,2026-05-19T15:41:29.057000Z,2026-05-19T16:08:09.626000Z,2026-05-19T16:08:10.111000Z,2026-05-19T16:09:10.026456Z,1601.0,C15DM49H,297,English,Yes,"No, I have no issues seeing colours",Woman (including Trans Female/Trans Woman),57,Female,White,United States,United States,United States,English,No,Part-Time
6a0c850d2ba601739d1298aa,66dbe0d85afada72ecb65638,APPROVED,Not Applicable,2026-05-19T15:43:56.469000Z,2026-05-19T16:17:46.389000Z,2026-05-19T16:17:46.846000Z,2026-05-19T16:18:46.801333Z,2030.0,C15DM49H,2935,English,Yes,"No, I have no issues seeing colours",Woman (including Trans Female/Trans Woman),40,Female,White,United States,United States,United States,English,Yes,Full-Time
6a0c85b8d95d5a848a84f5be,6684497541f835bd67a199b2,RETURNED,Not Applicable,2026-05-19T15:46:02.559000Z,,,2026-05-20T14:30:57.918361Z,,,4437,CONSENT_REVOKED,CONSENT_REVOKED,CONSENT_REVOKED,CONSENT_REVOKED,CONSENT_REVOKED,CONSENT_REVOKED,CONSENT_REVOKED,CONSENT_REVOKED,CONSENT_REVOKED,CONSENT_REVOKED,CONSENT_REVOKED,CONSENT_REVOKED,CONSENT_REVOKED
6a0c868077a285d267a7cab1,6a0376ccfcd73b03eb6c784b,APPROVED,Not Applicable,2026-05-19T15:49:33.995000Z,2026-05-19T16:01:20.461000Z,2026-05-19T16:01:21.026000Z,2026-05-19T16:02:20.982844Z,707.0,C15DM49H,171,English,Yes,"No, I have no issues seeing colours",Woman (including Trans Female/Trans Woman),24,Female,Asian,India,United States,United States,English,Yes,Unemployed (and job seeking)
6a0c8749d52af11bde2adced,6a0b3a806f85d71e94a1b204,RETURNED,Not Applicable,2026-05-19T15:52:45.664000Z,,,2026-05-20T14:30:57.940812Z,,,57,CONSENT_REVOKED,CONSENT_REVOKED,CONSENT_REVOKED,CONSENT_REVOKED,CONSENT_REVOKED,CONSENT_REVOKED,CONSENT_REVOKED,CONSENT_REVOKED,CONSENT_REVOKED,CONSENT_REVOKED,CONSENT_REVOKED,CONSENT_REVOKED,CONSENT_REVOKED
6a0c8771591da5505301cfdf,665493ed33ed1be3faff17b4,RETURNED,Not Applicable,2026-05-19T15:53:25.503000Z,,,2026-05-20T14:30:57.933119Z,,,545,CONSENT_REVOKED,CONSENT_REVOKED,CONSENT_REVOKED,CONSENT_REVOKED,CONSENT_REVOKED,CONSENT_REVOKED,CONSENT_REVOKED,CONSENT_REVOKED,CONSENT_REVOKED,CONSENT_REVOKED,CONSENT_REVOKED,CONSENT_REVOKED,CONSENT_REVOKED
6a0c87a95fcbae08b2510276,66a450cbae4aeed1d6531952,APPROVED,Not Applicable,2026-05-19T15:54:22.659000Z,2026-05-19T16:18:12.242000Z,2026-05-19T16:18:12.712000Z,2026-05-19T16:19:12.674468Z,1430.0,C15DM49H,4899,English,Yes,"No, I have no issues seeing colours",Woman (including Trans Female/Trans Woman),55,Female,White,United States,United States,United States,English,DATA_EXPIRED,DATA_EXPIRED
6a0c87dd087272677c3bafeb,607668ac450fc6e3025a131d,APPROVED,Not Applicable,2026-05-19T15:55:09.575000Z,2026-05-19T16:10:27.004000Z,2026-05-19T16:10:30.046000Z,2026-05-19T16:11:27.646147Z,918.0,C15DM49H,9778,English,Yes,"No, I have no issues seeing colours",Man (including Trans Male/Trans Man),50,Male,Asian,China,United States,United States,Chinese,No,Full-Time
6a0c8820e2e73af6331bcd2f,5d55d43e25dd4c00174122dc,APPROVED,Not Applicable,2026-05-19T15:56:16.435000Z,2026-05-19T16:09:43.347000Z,2026-05-19T16:09:43.781000Z,2026-05-19T16:10:43.737209Z,807.0,C15DM49H,10124,English,Yes,"No, I have no issues seeing colours",Man (including Trans Male/Trans Man),50,Male,White,United States,United States,United States,English,No,Full-Time
6a0c882a51a7193bc0e87bbc,6a053b19f37bc26be014daff,APPROVED,Not Applicable,2026-05-19T15:56:45.458000Z,2026-05-19T16:16:44.502000Z,2026-05-19T16:16:44.941000Z,2026-05-19T16:17:44.897734Z,1200.0,C15DM49H,123,"English, Greek",Yes,"No, I have no issues seeing colours",Man (including Trans Male/Trans Man),42,Male,White,United States,United States,United States,English,No,Unemployed (and job seeking)
6a0c890c811faecb1bddfe18,695f903412b37224f3a9b541,RETURNED,Not Applicable,2026-05-19T16:00:15.752000Z,,,2026-05-20T14:30:57.936809Z,,,566,CONSENT_REVOKED,CONSENT_REVOKED,CONSENT_REVOKED,CONSENT_REVOKED,CONSENT_REVOKED,CONSENT_REVOKED,CONSENT_REVOKED,CONSENT_REVOKED,CONSENT_REVOKED,CONSENT_REVOKED,CONSENT_REVOKED,CONSENT_REVOKED,CONSENT_REVOKED
6a0c89591fc054d466f7deea,6a03e49a2b083f8fa115a457,RETURNED,Not Applicable,2026-05-19T16:07:26.523000Z,,,2026-05-20T14:30:57.941629Z,,,47,CONSENT_REVOKED,CONSENT_REVOKED,CONSENT_REVOKED,CONSENT_REVOKED,CONSENT_REVOKED,CONSENT_REVOKED,CONSENT_REVOKED,CONSENT_REVOKED,CONSENT_REVOKED,CONSENT_REVOKED,CONSENT_REVOKED,CONSENT_REVOKED,CONSENT_REVOKED
6a0c8aef6441044fdf32f0b5,63b0953847122ffebd8a5991,RETURNED,Not Applicable,,,,2026-05-20T14:30:57.935798Z,,,7743,CONSENT_REVOKED,CONSENT_REVOKED,CONSENT_REVOKED,CONSENT_REVOKED,CONSENT_REVOKED,CONSENT_REVOKED,CONSENT_REVOKED,CONSENT_REVOKED,CONSENT_REVOKED,CONSENT_REVOKED,CONSENT_REVOKED,CONSENT_REVOKED,CONSENT_REVOKED
6a0c8b01f8c4d2c3881806d3,69bab684e441d11d74a4a801,RETURNED,Not Applicable,,,,2026-05-20T14:30:57.948434Z,,,256,CONSENT_REVOKED,CONSENT_REVOKED,CONSENT_REVOKED,CONSENT_REVOKED,CONSENT_REVOKED,CONSENT_REVOKED,CONSENT_REVOKED,CONSENT_REVOKED,CONSENT_REVOKED,CONSENT_REVOKED,CONSENT_REVOKED,CONSENT_REVOKED,CONSENT_REVOKED
6a0c8b2627b25eb00e59ecce,649d809191fa2e4b6e84c69e,RETURNED,Not Applicable,2026-05-19T16:09:14.882000Z,,,2026-05-20T14:30:57.962250Z,,,5281,CONSENT_REVOKED,CONSENT_REVOKED,CONSENT_REVOKED,CONSENT_REVOKED,CONSENT_REVOKED,CONSENT_REVOKED,CONSENT_REVOKED,CONSENT_REVOKED,CONSENT_REVOKED,CONSENT_REVOKED,CONSENT_REVOKED,CONSENT_REVOKED,CONSENT_REVOKED
6a0c8b48b6cf80884deab836,67f80601e44359732a7f2af4,TIMED-OUT,Not Applicable,2026-05-19T16:09:51.952000Z,,,2026-05-20T14:30:57.931871Z,80467.0,,1887,"English, Swahili",Yes,"No, I have no issues seeing colours",Woman (including Trans Female/Trans Woman),64,Female,Black,United States,United States,United States,English,No,Full-Time
6a0c8b5d80baa88aaabcd363,6998d4d5fa7f96c4bcf784e0,RETURNED,Not Applicable,2026-05-19T16:10:29.223000Z,,,2026-05-20T14:30:57.945328Z,,,298,CONSENT_REVOKED,CONSENT_REVOKED,CONSENT_REVOKED,CONSENT_REVOKED,CONSENT_REVOKED,CONSENT_REVOKED,CONSENT_REVOKED,CONSENT_REVOKED,CONSENT_REVOKED,CONSENT_REVOKED,CONSENT_REVOKED,CONSENT_REVOKED,CONSENT_REVOKED
6a0c8b685ad7dd149f24354b,66306ac39d18c5aad9685a9e,APPROVED,Not Applicable,2026-05-19T16:10:20.714000Z,2026-05-19T16:30:36.321000Z,2026-05-19T16:30:36.859000Z,2026-05-19T16:31:36.824232Z,1216.0,C15DM49H,2250,English,Yes,"No, I have no issues seeing colours",Woman (including Trans Female/Trans Woman),38,Female,White,United States,United States,United States,English,No,Full-Time
6a0c8b7371143732b3c5a058,6a0854817e09db4d07153c31,APPROVED,Not Applicable,2026-05-19T16:10:27.425000Z,2026-05-19T16:20:43.203000Z,2026-05-19T16:20:43.678000Z,2026-05-19T16:21:43.626140Z,616.0,C15DM49H,33,"English, Spanish",Yes,"No, I have no issues seeing colours",Woman (including Trans Female/Trans Woman),28,Female,Asian,Panama,United States,United States,Spanish,No,Full-Time
6a0c8be2bf24ae087f609237,69f0d6ece0af9c37a6adc97c,APPROVED,Not Applicable,2026-05-19T16:12:18.124000Z,2026-05-19T16:43:16.686000Z,2026-05-19T16:43:17.179000Z,2026-05-19T16:44:17.117299Z,1859.0,C15DM49H,525,English,Yes,"Yes, I'm colourblind",Woman (including Trans Female/Trans Woman),24,Female,Black,United States,United States,United States,English,Yes,Due to start a new job within the next month
6a0c8c2e08629821dedf6258,6942d96507ca4dc6182472ed,RETURNED,Not Applicable,,,,2026-05-20T14:30:57.948056Z,,,2523,CONSENT_REVOKED,CONSENT_REVOKED,CONSENT_REVOKED,CONSENT_REVOKED,CONSENT_REVOKED,CONSENT_REVOKED,CONSENT_REVOKED,CONSENT_REVOKED,CONSENT_REVOKED,CONSENT_REVOKED,CONSENT_REVOKED,CONSENT_REVOKED,CONSENT_REVOKED
6a0c8c45c82c2a1701165dcc,65c128e28c1ed7690f805e53,APPROVED,Not Applicable,2026-05-19T16:14:03.525000Z,2026-05-19T16:46:21.670000Z,2026-05-19T16:46:22.677000Z,2026-05-19T16:47:22.105731Z,1939.0,C15DM49H,3773,"English, Other",Yes,"No, I have no issues seeing colours",Woman (including Trans Female/Trans Woman),43,Female,Black,Nigeria,United States,Nigeria,Other,No,Full-Time
6a0c8c46e76f1529565ef866,641359b5040c453203e2c088,TIMED-OUT,Not Applicable,2026-05-19T16:14:01.289000Z,,,2026-05-20T14:30:57.943870Z,80217.0,,7038,English,Yes,"No, I have no issues seeing colours",Man (including Trans Male/Trans Man),25,Male,Mixed,United States,United States,United States,English,DATA_EXPIRED,DATA_EXPIRED
6a0c8cf3fba93d06aea95b7a,59e7a66e62637600014a7d69,RETURNED,Not Applicable,2026-05-19T16:17:03.659000Z,,,2026-05-20T14:30:57.952383Z,,,3339,CONSENT_REVOKED,CONSENT_REVOKED,CONSENT_REVOKED,CONSENT_REVOKED,CONSENT_REVOKED,CONSENT_REVOKED,CONSENT_REVOKED,CONSENT_REVOKED,CONSENT_REVOKED,CONSENT_REVOKED,CONSENT_REVOKED,CONSENT_REVOKED,CONSENT_REVOKED
6a0c8d2fea02973ef7dc8a45,69fc8ab98fc8376182d2aa9f,APPROVED,Not Applicable,2026-05-19T16:18:07.067000Z,2026-05-19T17:00:52.674000Z,2026-05-19T17:00:53.168000Z,2026-05-19T17:01:53.109189Z,2566.0,C15DM49H,61,English,Yes,"No, I have no issues seeing colours",Woman (including Trans Female/Trans Woman),53,Female,White,United States,United States,United States,English,No,Full-Time
6a0c8d477a4a252ce2340e6a,6629396278644f7ca5e5d017,RETURNED,Not Applicable,2026-05-19T16:18:21.426000Z,,,2026-05-20T14:30:57.969391Z,,,1834,CONSENT_REVOKED,CONSENT_REVOKED,CONSENT_REVOKED,CONSENT_REVOKED,CONSENT_REVOKED,CONSENT_REVOKED,CONSENT_REVOKED,CONSENT_REVOKED,CONSENT_REVOKED,CONSENT_REVOKED,CONSENT_REVOKED,CONSENT_REVOKED,CONSENT_REVOKED
6a0c8d80657e2242a28f6456,69ea7367c2fff52ec22449cd,APPROVED,Not Applicable,2026-05-19T16:22:48.895000Z,2026-05-19T16:42:02.708000Z,2026-05-19T16:42:03.211000Z,2026-05-19T16:43:03.173253Z,1154.0,C15DM49H,253,English,Yes,"No, I have no issues seeing colours",Man (including Trans Male/Trans Man),32,Male,White,United States,United States,United States,English,No,Part-Time
6a0c8de3bcae613ad2d35ce7,69a6f5f930a06e13c4593d9d,RETURNED,Not Applicable,,,,2026-05-20T14:30:57.941945Z,,,1511,CONSENT_REVOKED,CONSENT_REVOKED,CONSENT_REVOKED,CONSENT_REVOKED,CONSENT_REVOKED,CONSENT_REVOKED,CONSENT_REVOKED,CONSENT_REVOKED,CONSENT_REVOKED,CONSENT_REVOKED,CONSENT_REVOKED,CONSENT_REVOKED,CONSENT_REVOKED
6a0c8de64e3cf387303c1d42,69f5fb816ee6fd8d94876700,RETURNED,Not Applicable,,,,2026-05-20T14:30:57.961920Z,,,84,CONSENT_REVOKED,CONSENT_REVOKED,CONSENT_REVOKED,CONSENT_REVOKED,CONSENT_REVOKED,CONSENT_REVOKED,CONSENT_REVOKED,CONSENT_REVOKED,CONSENT_REVOKED,CONSENT_REVOKED,CONSENT_REVOKED,CONSENT_REVOKED,CONSENT_REVOKED
6a0c8dea1b0c9366ed1efe9e,5b7aefd06c1ccb000178b710,RETURNED,Not Applicable,2026-05-19T16:21:47.252000Z,,,2026-05-20T14:30:58.023336Z,,,4208,CONSENT_REVOKED,CONSENT_REVOKED,CONSENT_REVOKED,CONSENT_REVOKED,CONSENT_REVOKED,CONSENT_REVOKED,CONSENT_REVOKED,CONSENT_REVOKED,CONSENT_REVOKED,CONSENT_REVOKED,CONSENT_REVOKED,CONSENT_REVOKED,CONSENT_REVOKED
6a0c8df8b2aa1cb8e407070f,69954acf893f619446ff6a74,RETURNED,Not Applicable,2026-05-19T16:26:50.044000Z,,,2026-05-20T14:30:58.015574Z,,,1893,CONSENT_REVOKED,CONSENT_REVOKED,CONSENT_REVOKED,CONSENT_REVOKED,CONSENT_REVOKED,CONSENT_REVOKED,CONSENT_REVOKED,CONSENT_REVOKED,CONSENT_REVOKED,CONSENT_REVOKED,CONSENT_REVOKED,CONSENT_REVOKED,CONSENT_REVOKED
6a0c8eb32fc616190a721330,69f149fe2ff544fc869a1115,APPROVED,Not Applicable,2026-05-19T16:24:29.741000Z,2026-05-19T16:44:58.850000Z,2026-05-19T16:44:59.322000Z,2026-05-19T16:45:59.272961Z,1230.0,C15DM49H,139,English,Yes,"Yes, I'm colourblind",Man (including Trans Male/Trans Man),30,Male,White,United States,United States,United States,English,No,Unemployed (and job seeking)
6a0c8eff213e3e80a817bb0c,601b28841ca7bb2f8edaa293,APPROVED,Not Applicable,2026-05-19T16:25:35.823000Z,2026-05-19T16:39:55.424000Z,2026-05-19T16:39:55.948000Z,2026-05-19T16:40:55.851443Z,860.0,C15DM49H,8265,English,Yes,"Yes, I'm colourblind",Man (including Trans Male/Trans Man),34,Male,Mixed,United States,United States,United States,English,DATA_EXPIRED,DATA_EXPIRED
6a0c9037dcb693e6a6a9b22c,5685850c333cbd000d4e042f,RETURNED,Not Applicable,2026-05-19T16:30:57.085000Z,,,2026-05-20T14:30:57.990099Z,,,11184,CONSENT_REVOKED,CONSENT_REVOKED,CONSENT_REVOKED,CONSENT_REVOKED,CONSENT_REVOKED,CONSENT_REVOKED,CONSENT_REVOKED,CONSENT_REVOKED,CONSENT_REVOKED,CONSENT_REVOKED,CONSENT_REVOKED,CONSENT_REVOKED,CONSENT_REVOKED
6a0c9086c905147988f2dc7d,69fd3605435216c2d93bc72f,RETURNED,Not Applicable,2026-05-19T16:32:24.736000Z,,,2026-05-20T14:30:57.972884Z,,,222,CONSENT_REVOKED,CONSENT_REVOKED,CONSENT_REVOKED,CONSENT_REVOKED,CONSENT_REVOKED,CONSENT_REVOKED,CONSENT_REVOKED,CONSENT_REVOKED,CONSENT_REVOKED,CONSENT_REVOKED,CONSENT_REVOKED,CONSENT_REVOKED,CONSENT_REVOKED
6a0c9174aaaabe3cb934e723,669ac885aa2ff55e7ace42b0,APPROVED,Not Applicable,2026-05-19T16:36:28.474000Z,2026-05-19T17:05:18.746000Z,2026-05-19T17:05:19.249000Z,2026-05-19T17:06:19.220342Z,1731.0,C15DM49H,2274,English,Yes,"No, I have no issues seeing colours",Woman (including Trans Female/Trans Woman),36,Female,White,United States,United States,United States,English,DATA_EXPIRED,Full-Time
6a0c92622d4a6e72629bd7dc,65980dcc048d02626828cc34,APPROVED,Not Applicable,2026-05-19T16:40:09.599000Z,2026-05-19T16:56:15.955000Z,2026-05-19T16:56:16.415000Z,2026-05-19T16:57:16.349465Z,967.0,C15DM49H,1697,English,Yes,"No, I have no issues seeing colours",Woman (including Trans Female/Trans Woman),36,Female,White,United States,United States,United States,English,No,Full-Time
6a0c92b4d57bbef1e042e440,69fcc69d5d3dfb1febbc574e,APPROVED,Not Applicable,2026-05-19T16:41:34.310000Z,2026-05-19T17:02:04.600000Z,2026-05-19T17:02:05.071000Z,2026-05-19T17:03:05.447790Z,1231.0,C15DM49H,163,English,Yes,"No, I have no issues seeing colours",Woman (including Trans Female/Trans Woman),36,Female,White,United States,United States,United States,English,No,Full-Time
6a0c92e2956fcc00310a7e68,668dc66f629802c9570027e6,RETURNED,Not Applicable,2026-05-19T16:44:34.108000Z,,,2026-05-20T14:30:58.017621Z,,,1428,CONSENT_REVOKED,CONSENT_REVOKED,CONSENT_REVOKED,CONSENT_REVOKED,CONSENT_REVOKED,CONSENT_REVOKED,CONSENT_REVOKED,CONSENT_REVOKED,CONSENT_REVOKED,CONSENT_REVOKED,CONSENT_REVOKED,CONSENT_REVOKED,CONSENT_REVOKED
6a0c932aadd384058f37ccf6,66f55772a7312a23f27b3196,RETURNED,Not Applicable,2026-05-19T16:43:43.124000Z,,,2026-05-20T14:30:57.989947Z,,,2170,CONSENT_REVOKED,CONSENT_REVOKED,CONSENT_REVOKED,CONSENT_REVOKED,CONSENT_REVOKED,CONSENT_REVOKED,CONSENT_REVOKED,CONSENT_REVOKED,CONSENT_REVOKED,CONSENT_REVOKED,CONSENT_REVOKED,CONSENT_REVOKED,CONSENT_REVOKED
6a0c938b3bc5f8bb555fc487,69ee4a93e4b6f636b49e6771,APPROVED,Not Applicable,2026-05-19T16:44:59.785000Z,2026-05-19T17:49:03.856000Z,2026-05-19T17:49:04.324000Z,2026-05-19T17:50:04.305028Z,3845.0,C15DM49H,509,English,Yes,"Yes, I'm colourblind",Woman (including Trans Female/Trans Woman),31,Female,White,United States,United States,United States,English,No,Part-Time
6a0c93e7e90443c6e9721341,5db3318476478d000fcfa0eb,APPROVED,Not Applicable,2026-05-19T16:46:48.363000Z,2026-05-19T16:58:40.565000Z,2026-05-19T16:58:41.023000Z,2026-05-19T16:59:40.959365Z,713.0,C15DM49H,1508,"Arabic, Farsi, English, French",Yes,"No, I have no issues seeing colours",Man (including Trans Male/Trans Man),28,Male,White,United States,United States,United States,English,Yes,Full-Time
6a0c93eace6d4ace4dd249c2,66ccdd9f6b12c6ea6fa01f42,APPROVED,Not Applicable,2026-05-19T16:46:37.636000Z,2026-05-19T16:58:20.930000Z,2026-05-19T16:58:21.459000Z,2026-05-19T16:59:21.375113Z,704.0,C15DM49H,8341,English,Yes,"No, I have no issues seeing colours",Man (including Trans Male/Trans Man),34,Male,White,United States,United States,Germany,English,DATA_EXPIRED,DATA_EXPIRED
6a0c93ff2f77d84eccb223d4,67215ddb4fe41f208fba792b,RETURNED,Not Applicable,2026-05-19T16:46:59.087000Z,,,2026-05-20T14:30:57.969385Z,,,2149,CONSENT_REVOKED,CONSENT_REVOKED,CONSENT_REVOKED,CONSENT_REVOKED,CONSENT_REVOKED,CONSENT_REVOKED,CONSENT_REVOKED,CONSENT_REVOKED,CONSENT_REVOKED,CONSENT_REVOKED,CONSENT_REVOKED,CONSENT_REVOKED,CONSENT_REVOKED
6a0c9401aa68642675e93000,5dda993086c886a06ce9108d,RETURNED,Not Applicable,2026-05-19T16:47:13.389000Z,,,2026-05-20T14:30:57.988967Z,,,13736,CONSENT_REVOKED,CONSENT_REVOKED,CONSENT_REVOKED,CONSENT_REVOKED,CONSENT_REVOKED,CONSENT_REVOKED,CONSENT_REVOKED,CONSENT_REVOKED,CONSENT_REVOKED,CONSENT_REVOKED,CONSENT_REVOKED,CONSENT_REVOKED,CONSENT_REVOKED
6a0c94ed1bcab6e94b21659c,6a04c4c248c24409193c596b,APPROVED,Not Applicable,2026-05-19T16:50:56.117000Z,2026-05-19T17:00:31.369000Z,2026-05-19T17:00:31.829000Z,2026-05-19T17:01:31.790709Z,576.0,C15DM49H,80,English,Yes,"No, I have no issues seeing colours",Man (including Trans Male/Trans Man),34,Male,White,United States,United States,United States,English,No,Full-Time
6a0c94fda46b5ddb70925889,69a76b65fc3e884c3276b4ad,RETURNED,Not Applicable,2026-05-19T16:51:17.363000Z,,,2026-05-20T14:30:58.014686Z,,,70,CONSENT_REVOKED,CONSENT_REVOKED,CONSENT_REVOKED,CONSENT_REVOKED,CONSENT_REVOKED,CONSENT_REVOKED,CONSENT_REVOKED,CONSENT_REVOKED,CONSENT_REVOKED,CONSENT_REVOKED,CONSENT_REVOKED,CONSENT_REVOKED,CONSENT_REVOKED
6a0c95efc76b4492e1d2d3c4,69996e0a777fc89514265b27,APPROVED,Not Applicable,2026-05-19T16:56:56.899000Z,2026-05-19T17:16:22.947000Z,2026-05-19T17:16:23.568000Z,2026-05-19T17:17:23.407934Z,1167.0,C15DM49H,815,"Arabic, English, French",Yes,"No, I have no issues seeing colours",Woman (including Trans Female/Trans Woman),38,Female,Other,Algeria,United States,United States,Arabic,No,Part-Time
6a0c9637c974a6912ac22683,6961342cc3f494fb2a1d617d,APPROVED,Not Applicable,2026-05-19T16:56:37.509000Z,2026-05-19T17:08:56.758000Z,2026-05-19T17:08:57.268000Z,2026-05-19T17:09:57.206879Z,740.0,C15DM49H,635,English,Yes,"No, I have no issues seeing colours",Man (including Trans Male/Trans Man),40,Male,White,United States,United States,United States,English,No,Unemployed (and job seeking)
6a0c96ad722d1755d9530084,695f9c1b1257661028e09d73,RETURNED,Not Applicable,2026-05-19T16:58:25.668000Z,,,2026-05-20T14:30:57.977739Z,,,1419,CONSENT_REVOKED,CONSENT_REVOKED,CONSENT_REVOKED,CONSENT_REVOKED,CONSENT_REVOKED,CONSENT_REVOKED,CONSENT_REVOKED,CONSENT_REVOKED,CONSENT_REVOKED,CONSENT_REVOKED,CONSENT_REVOKED,CONSENT_REVOKED,CONSENT_REVOKED
6a0c96cbb817fd30d4c9fdc8,6333926e48c34a5d39353558,APPROVED,Not Applicable,2026-05-19T16:58:55.757000Z,2026-05-19T17:22:06.383000Z,2026-05-19T17:22:06.879000Z,2026-05-19T17:23:06.810506Z,1391.0,C15DM49H,13606,English,Yes,"No, I have no issues seeing colours",Man (including Trans Male/Trans Man),46,Male,White,United States,United States,United States,English,No,Full-Time
6a0c9710b0562e90776e8dd5,699a4a8f79aacc765320b689,APPROVED,Not Applicable,2026-05-19T17:06:23.092000Z,2026-05-19T17:37:33.744000Z,2026-05-19T17:37:34.200000Z,2026-05-19T17:38:34.153045Z,1871.0,C15DM49H,284,English,Yes,"No, I have no issues seeing colours",Woman (including Trans Female/Trans Woman),64,Female,Black,United States,United States,United States,English,No,Unemployed (and job seeking)
6a0c97179947b2e10b725246,61647de75314468d5cb57f93,APPROVED,Not Applicable,2026-05-19T17:00:31.174000Z,2026-05-19T17:19:23.457000Z,2026-05-19T17:19:23.936000Z,2026-05-19T17:20:23.893516Z,1133.0,C15DM49H,6333,English,Yes,"No, I have no issues seeing colours",Man (including Trans Male/Trans Man),27,Male,White,United States,United States,United States,English,No,Unemployed (and job seeking)
6a0c973332240d4592811f03,69f8afeae66475417b62c49f,APPROVED,Not Applicable,2026-05-19T17:03:15.551000Z,2026-05-19T17:30:47.408000Z,2026-05-19T17:30:47.841000Z,2026-05-19T17:31:47.801944Z,1652.0,C15DM49H,217,"English, Spanish",Yes,"No, I have no issues seeing colours",Woman (including Trans Female/Trans Woman),25,Female,White,United States,United States,United States,Spanish,No,Part-Time
6a0c9793d01d686ccba7c329,66d8790772c9e0e4ee96259c,APPROVED,Not Applicable,2026-05-19T17:02:15.368000Z,2026-05-19T17:21:41.472000Z,2026-05-19T17:21:42.058000Z,2026-05-19T17:22:41.983499Z,1167.0,C15DM49H,10514,English,Yes,"No, I have no issues seeing colours",Man (including Trans Male/Trans Man),46,Male,White,United States,United States,United States,English,No,Full-Time
6a0c97a32e12f585b4710465,664e1a71d20f44f2ffe39360,APPROVED,Not Applicable,2026-05-19T17:02:33.997000Z,2026-05-19T17:19:26.929000Z,2026-05-19T17:19:27.457000Z,2026-05-19T17:20:27.407019Z,1013.0,C15DM49H,9878,English,Yes,"No, I have no issues seeing colours",Man (including Trans Male/Trans Man),40,Male,White,United States,United States,United States,English,No,Full-Time
6a0c9859bb83463d34494589,5c04872c55614800012b7cf0,RETURNED,Not Applicable,2026-05-19T17:16:00.007000Z,,,2026-05-20T14:30:58.003965Z,,,4078,CONSENT_REVOKED,CONSENT_REVOKED,CONSENT_REVOKED,CONSENT_REVOKED,CONSENT_REVOKED,CONSENT_REVOKED,CONSENT_REVOKED,CONSENT_REVOKED,CONSENT_REVOKED,CONSENT_REVOKED,CONSENT_REVOKED,CONSENT_REVOKED,CONSENT_REVOKED
6a0c992cd60fa1da66caa2d6,617323e630f3fa36361cb35b,APPROVED,Not Applicable,2026-05-19T17:09:04.242000Z,2026-05-19T17:28:00.889000Z,2026-05-19T17:28:01.408000Z,2026-05-19T17:29:01.335927Z,1137.0,C15DM49H,11719,English,Yes,"No, I have no issues seeing colours",Woman (including Trans Female/Trans Woman),55,Female,White,United States,United States,United States,English,No,Full-Time
6a0c9ad369f57e0aa29e8154,62e02b1ed5b0fbc1b1dc09e7,RETURNED,Not Applicable,2026-05-19T17:16:03.280000Z,,,2026-05-20T14:30:58.005595Z,,,3360,CONSENT_REVOKED,CONSENT_REVOKED,CONSENT_REVOKED,CONSENT_REVOKED,CONSENT_REVOKED,CONSENT_REVOKED,CONSENT_REVOKED,CONSENT_REVOKED,CONSENT_REVOKED,CONSENT_REVOKED,CONSENT_REVOKED,CONSENT_REVOKED,CONSENT_REVOKED
6a0c9ae73280964bc94b51bb,66c7454fd07985772fedfac6,APPROVED,Not Applicable,2026-05-19T17:16:49.352000Z,2026-05-19T17:35:51.665000Z,2026-05-19T17:35:52.172000Z,2026-05-19T17:36:52.117957Z,1143.0,C15DM49H,1732,English,Yes,"No, I have no issues seeing colours",Man (including Trans Male/Trans Man),41,Male,White,United States,United States,United States,English,No,Full-Time
6a0c9b78ba1b4fd731585625,6988e7a1355c472d0863c6fb,APPROVED,Not Applicable,2026-05-19T17:18:57.835000Z,2026-05-19T17:32:04.440000Z,2026-05-19T17:32:04.922000Z,2026-05-19T17:33:04.853818Z,787.0,C15DM49H,698,English,Yes,"No, I have no issues seeing colours",Woman (including Trans Female/Trans Woman),26,Prefer not to say,Mixed,United States,United States,United States,English,No,Other
6a0c9b9f79ca75b3e347a391,66cc4ba25cc59f1c17f1a2b4,APPROVED,Not Applicable,2026-05-19T17:19:32.134000Z,2026-05-19T17:27:21.991000Z,2026-05-19T17:27:22.480000Z,2026-05-19T17:28:22.434796Z,470.0,C15DM49H,3359,"English, Spanish",Yes,"No, I have no issues seeing colours",Man (including Trans Male/Trans Man),31,Male,Other,United States,United States,United States,English,Yes,Full-Time
6a0c9ba1dba8a420a25300a4,698d1883d88854958befcb20,RETURNED,Not Applicable,2026-05-19T17:19:35.249000Z,,,2026-05-20T14:30:57.974207Z,,,889,CONSENT_REVOKED,CONSENT_REVOKED,CONSENT_REVOKED,CONSENT_REVOKED,CONSENT_REVOKED,CONSENT_REVOKED,CONSENT_REVOKED,CONSENT_REVOKED,CONSENT_REVOKED,CONSENT_REVOKED,CONSENT_REVOKED,CONSENT_REVOKED,CONSENT_REVOKED
6a0c9c2663e4118c7bad1102,60d66ec4a3c13ac0f607e7d9,RETURNED,Not Applicable,2026-05-19T17:21:47.190000Z,,,2026-05-20T14:30:57.993651Z,,,3677,CONSENT_REVOKED,CONSENT_REVOKED,CONSENT_REVOKED,CONSENT_REVOKED,CONSENT_REVOKED,CONSENT_REVOKED,CONSENT_REVOKED,CONSENT_REVOKED,CONSENT_REVOKED,CONSENT_REVOKED,CONSENT_REVOKED,CONSENT_REVOKED,CONSENT_REVOKED
6a0c9c35a2607e32d3ac79e6,697a3eb0d8986ccab826d293,RETURNED,Not Applicable,2026-05-19T17:22:03.602000Z,,,2026-05-20T14:30:58.006102Z,,,926,CONSENT_REVOKED,CONSENT_REVOKED,CONSENT_REVOKED,CONSENT_REVOKED,CONSENT_REVOKED,CONSENT_REVOKED,CONSENT_REVOKED,CONSENT_REVOKED,CONSENT_REVOKED,CONSENT_REVOKED,CONSENT_REVOKED,CONSENT_REVOKED,CONSENT_REVOKED
6a0c9c394d8e3b710ecf284b,6990e011a29815eaf08e7c56,APPROVED,Not Applicable,2026-05-19T17:22:05.497000Z,2026-05-19T17:31:32.026000Z,2026-05-19T17:31:32.584000Z,2026-05-19T17:32:32.510899Z,567.0,C15DM49H,1123,English,Yes,"No, I have no issues seeing colours",Woman (including Trans Female/Trans Woman),44,Female,White,United States,United States,United States,English,No,"Not in paid work (e.g. homemaker', 'retired or disabled)"
6a0c9c3eba4b4906b7591578,69f1038d6d55c4a89afa0449,APPROVED,Not Applicable,2026-05-19T17:22:09.776000Z,2026-05-19T17:37:43.185000Z,2026-05-19T17:37:43.661000Z,2026-05-19T17:38:43.625690Z,934.0,C15DM49H,319,English,Yes,"No, I have no issues seeing colours",Woman (including Trans Female/Trans Woman),58,Female,White,United States,United States,United States,English,No,"Not in paid work (e.g. homemaker', 'retired or disabled)"
6a0c9d8159326dbd1822ad58,672bbb444ab4546a33718004,RETURNED,Not Applicable,2026-05-19T17:31:18.270000Z,,,2026-05-20T14:30:57.976321Z,,,5693,CONSENT_REVOKED,CONSENT_REVOKED,CONSENT_REVOKED,CONSENT_REVOKED,CONSENT_REVOKED,CONSENT_REVOKED,CONSENT_REVOKED,CONSENT_REVOKED,CONSENT_REVOKED,CONSENT_REVOKED,CONSENT_REVOKED,CONSENT_REVOKED,CONSENT_REVOKED
6a0c9da705e78ca61676ee3c,66cff35bdee873a6ca915b84,APPROVED,Not Applicable,2026-05-19T17:28:25.402000Z,2026-05-19T17:47:03.653000Z,2026-05-19T17:47:04.146000Z,2026-05-19T17:48:04.197992Z,1119.0,C15DM49H,378,English,Yes,"No, I have no issues seeing colours",Man (including Trans Male/Trans Man),31,Prefer not to say,White,United States,United States,United States,English,No,Part-Time
6a0c9e47e7e6dcda29591539,66d8e14e71c04a7d23ff43c9,RETURNED,Not Applicable,2026-05-19T17:30:47.718000Z,,,2026-05-20T14:30:57.998156Z,,,1747,CONSENT_REVOKED,CONSENT_REVOKED,CONSENT_REVOKED,CONSENT_REVOKED,CONSENT_REVOKED,CONSENT_REVOKED,CONSENT_REVOKED,CONSENT_REVOKED,CONSENT_REVOKED,CONSENT_REVOKED,CONSENT_REVOKED,CONSENT_REVOKED,CONSENT_REVOKED
6a0c9e53e53455616f9bd7ab,5b287b1a8ecf3f000161bc22,APPROVED,Not Applicable,2026-05-19T17:31:35.582000Z,2026-05-19T17:48:40.071000Z,2026-05-19T17:48:40.508000Z,2026-05-19T17:49:40.481234Z,1025.0,C15DM49H,1715,English,Yes,"No, I have no issues seeing colours",Woman (including Trans Female/Trans Woman),29,Female,White,United States,United States,United States,English,No,Part-Time
6a0c9e785d1e383b2f0286fb,67a6b3afa7ded99142842424,RETURNED,Not Applicable,2026-05-19T17:31:36.983000Z,,,2026-05-20T14:30:58.027696Z,,,4112,CONSENT_REVOKED,CONSENT_REVOKED,CONSENT_REVOKED,CONSENT_REVOKED,CONSENT_REVOKED,CONSENT_REVOKED,CONSENT_REVOKED,CONSENT_REVOKED,CONSENT_REVOKED,CONSENT_REVOKED,CONSENT_REVOKED,CONSENT_REVOKED,CONSENT_REVOKED
6a0c9e96f2a377574553cf00,698314cfbc5b5149e7eff3cf,APPROVED,Not Applicable,2026-05-19T17:32:10.489000Z,2026-05-19T18:00:49.642000Z,2026-05-19T18:00:50.129000Z,2026-05-19T18:01:50.109192Z,1720.0,C15DM49H,1526,English,Yes,"No, I have no issues seeing colours",Woman (including Trans Female/Trans Woman),48,Female,White,United States,United States,United States,English,No,Unemployed (and job seeking)
6a0c9ee5ec5dd8cd44053f29,6985f4fbf0d138e1b1231702,APPROVED,Not Applicable,2026-05-19T17:33:27.711000Z,2026-05-19T17:42:00.904000Z,2026-05-19T17:42:01.381000Z,2026-05-19T17:43:01.311583Z,514.0,C15DM49H,2713,English,Yes,"No, I have no issues seeing colours",Woman (including Trans Female/Trans Woman),70,Female,White,United States,United States,United States,English,No,"Not in paid work (e.g. homemaker', 'retired or disabled)"
6a0c9eea86f36a42fa59ecce,6978dbe540efad1076e12cfc,APPROVED,Not Applicable,2026-05-19T17:33:39.204000Z,2026-05-19T17:45:06.310000Z,2026-05-19T17:45:06.979000Z,2026-05-19T17:46:07.404906Z,688.0,C15DM49H,746,English,Yes,"No, I have no issues seeing colours",Man (including Trans Male/Trans Man),30,Male,White,United States,United States,United States,English,No,Full-Time
6a0c9f80ec75d80bb256c2ea,6a04b2b78043f4510945c845,APPROVED,Not Applicable,2026-05-19T17:36:03.212000Z,2026-05-19T17:50:30.179000Z,2026-05-19T17:50:30.654000Z,2026-05-19T17:51:30.617360Z,867.0,C15DM49H,46,English,Yes,"No, I have no issues seeing colours",Man (including Trans Male/Trans Man),36,Male,White,United States,United States,United States,English,No,Full-Time
6a0c9f83568cada98c749944,69e8efb0a029bce2e8d572fb,APPROVED,Not Applicable,2026-05-19T17:36:19.110000Z,2026-05-19T17:55:49.346000Z,2026-05-19T17:55:49.823000Z,2026-05-19T17:56:49.779027Z,1171.0,C15DM49H,246,English,Yes,"No, I have no issues seeing colours",Woman (including Trans Female/Trans Woman),24,Female,White,United States,United States,United States,English,Yes,Part-Time
6a0c9fdf3896a1e1affa731f,6a012d3c523e7311f4e55f61,APPROVED,Not Applicable,2026-05-19T17:37:42.354000Z,2026-05-19T17:49:07.347000Z,2026-05-19T17:49:07.828000Z,2026-05-19T17:50:07.810414Z,685.0,C15DM49H,100,English,Yes,"No, I have no issues seeing colours",Woman (including Trans Female/Trans Woman),40,Female,White,United States,United States,United States,English,No,Unemployed (and job seeking)
6a0c9ff2730c26b716361a9a,69fcb7f539006f9b0013f443,APPROVED,Not Applicable,2026-05-19T17:39:15.252000Z,2026-05-19T17:48:25.583000Z,2026-05-19T17:48:26.041000Z,2026-05-19T17:49:26.005818Z,551.0,C15DM49H,150,English,Yes,"No, I have no issues seeing colours",Woman (including Trans Female/Trans Woman),34,Female,Prefer not to say,United States,United States,United States,English,No,Full-Time
6a0ca0ee3f2163a945b28089,69eaa08ad70ec4f59e9c1c7c,APPROVED,Not Applicable,2026-05-19T17:42:10.335000Z,2026-05-19T17:50:30.542000Z,2026-05-19T17:50:31.028000Z,2026-05-19T17:51:30.973088Z,501.0,C15DM49H,378,English,Yes,"No, I have no issues seeing colours",Man (including Trans Male/Trans Man),34,Male,White,United States,United States,United States,English,No,Unemployed (and job seeking)
6a0ca1b19b060ef98a8aac18,5d7fd2a5987f70001602d95b,APPROVED,Not Applicable,2026-05-19T17:45:25.401000Z,2026-05-19T18:06:46.654000Z,2026-05-19T18:06:47.117000Z,2026-05-19T18:07:47.083862Z,1282.0,C15DM49H,10309,"English, Khmer",Yes,"No, I have no issues seeing colours",Woman (including Trans Female/Trans Woman),50,Female,Asian,Philippines,United States,Cambodia,English,DATA_EXPIRED,Full-Time
6a0ca1fb72ecc76d40c88f90,69c1a342cc602f8c5679f10e,RETURNED,Not Applicable,2026-05-19T17:47:14.872000Z,,,2026-05-20T14:30:58.001547Z,,,1254,CONSENT_REVOKED,CONSENT_REVOKED,CONSENT_REVOKED,CONSENT_REVOKED,CONSENT_REVOKED,CONSENT_REVOKED,CONSENT_REVOKED,CONSENT_REVOKED,CONSENT_REVOKED,CONSENT_REVOKED,CONSENT_REVOKED,CONSENT_REVOKED,CONSENT_REVOKED
6a0ca21cc92894d02ca4e8e6,6978b16217b05571dd3dd0fd,RETURNED,Not Applicable,2026-05-19T17:47:12.460000Z,,,2026-05-20T14:30:58.007126Z,,,1820,CONSENT_REVOKED,CONSENT_REVOKED,CONSENT_REVOKED,CONSENT_REVOKED,CONSENT_REVOKED,CONSENT_REVOKED,CONSENT_REVOKED,CONSENT_REVOKED,CONSENT_REVOKED,CONSENT_REVOKED,CONSENT_REVOKED,CONSENT_REVOKED,CONSENT_REVOKED
6a0ca26ec3fb6ae863f56f7c,695f9f814c128ad2468d5424,APPROVED,Not Applicable,2026-05-19T17:48:33.977000Z,2026-05-19T17:58:03.404000Z,2026-05-19T17:58:03.912000Z,2026-05-19T17:59:03.860541Z,570.0,C15DM49H,1667,English,Yes,"No, I have no issues seeing colours",Man (including Trans Male/Trans Man),30,Male,White,United States,United States,United States,English,No,Unemployed (and job seeking)
6a0ca2782c29bcdb6effa425,66d1fdd400acfdbc181f41e0,APPROVED,Not Applicable,2026-05-19T17:48:45.089000Z,2026-05-19T18:06:08.172000Z,2026-05-19T18:06:08.729000Z,2026-05-19T18:07:08.696626Z,1044.0,C15DM49H,8782,English,Yes,"No, I have no issues seeing colours",Man (including Trans Male/Trans Man),51,Male,White,Canada,United States,Canada,English,No,Full-Time
6a0ca299dd3cf97802bb22fd,69f8c67fdad98407c468a214,APPROVED,Not Applicable,2026-05-19T17:50:07.079000Z,2026-05-19T18:11:01.487000Z,2026-05-19T18:11:01.995000Z,2026-05-19T18:12:01.910175Z,1255.0,C15DM49H,243,"English, Mandarin",Yes,"No, I have no issues seeing colours",Woman (including Trans Female/Trans Woman),31,Female,Asian,United States,United States,United States,English,No,Full-Time
6a0ca2eaecc2c51d98c0a0b2,691cce11dba0246ae096e537,APPROVED,Not Applicable,2026-05-19T17:50:38.391000Z,2026-05-19T17:58:36.496000Z,2026-05-19T17:58:38.047000Z,2026-05-19T17:59:36.870177Z,479.0,C15DM49H,984,English,Yes,"No, I have no issues seeing colours",Woman (including Trans Female/Trans Woman),45,Female,White,United States,United States,United States,English,No,Other
6a0ca2eca5e7a2e4ac1daf66,69f938d4d5bd55e66f88f331,APPROVED,Not Applicable,2026-05-19T17:51:21.773000Z,2026-05-19T18:10:14.394000Z,2026-05-19T18:10:14.881000Z,2026-05-19T18:11:14.804010Z,1133.0,C15DM49H,374,English,Yes,"No, I have no issues seeing colours",Woman (including Trans Female/Trans Woman),32,Female,White,United States,United States,United States,English,No,"Not in paid work (e.g. homemaker', 'retired or disabled)"
6a0ca3a7b8050a9a444a8f28,698651b5bbcfef723824cb98,APPROVED,Not Applicable,2026-05-19T17:53:53.852000Z,2026-05-19T18:15:58.870000Z,2026-05-19T18:15:59.346000Z,2026-05-19T18:16:59.272311Z,1326.0,C15DM49H,2349,English,Yes,"No, I have no issues seeing colours",Woman (including Trans Female/Trans Woman),30,Female,Asian,United States,United States,United States,English,No,Unemployed (and job seeking)
6a0ca42d2b458757287ae782,5fe18e1c8929f0c2a41e43d8,APPROVED,Not Applicable,2026-05-19T17:56:51.725000Z,2026-05-19T18:10:12.936000Z,2026-05-19T18:10:13.511000Z,2026-05-19T18:11:13.390750Z,802.0,C15DM49H,7227,English,Yes,"No, I have no issues seeing colours",Man (including Trans Male/Trans Man),30,Female,White,United States,United States,United States,English,No,Unemployed (and job seeking)
6a0ca4b164d4391ccbdef86b,6a093fe448969e17be809803,RETURNED,Not Applicable,2026-05-19T17:58:12.126000Z,,,2026-05-20T14:30:58.026536Z,,,34,CONSENT_REVOKED,CONSENT_REVOKED,CONSENT_REVOKED,CONSENT_REVOKED,CONSENT_REVOKED,CONSENT_REVOKED,CONSENT_REVOKED,CONSENT_REVOKED,CONSENT_REVOKED,CONSENT_REVOKED,CONSENT_REVOKED,CONSENT_REVOKED,CONSENT_REVOKED
6a0ca4cc0c5d5f0897c041fb,5df861926aab7c5f659dfd85,RETURNED,Not Applicable,,,,2026-05-20T14:30:57.995831Z,,,7224,CONSENT_REVOKED,CONSENT_REVOKED,CONSENT_REVOKED,CONSENT_REVOKED,CONSENT_REVOKED,CONSENT_REVOKED,CONSENT_REVOKED,CONSENT_REVOKED,CONSENT_REVOKED,CONSENT_REVOKED,CONSENT_REVOKED,CONSENT_REVOKED,CONSENT_REVOKED
6a0ca4e071af979e3077bea8,69864995ddacce2029a50fe2,APPROVED,Not Applicable,2026-05-19T17:59:02.760000Z,2026-05-19T18:26:17.918000Z,2026-05-19T18:26:18.456000Z,2026-05-19T18:27:18.382790Z,1636.0,C15DM49H,1385,English,Yes,"No, I have no issues seeing colours",Man (including Trans Male/Trans Man),31,Male,White,United States,United States,United States,English,No,Unemployed (and job seeking)
6a0ca51f7f77dcae2cf7ec94,69a1f4802fe246872d56bd4d,APPROVED,Not Applicable,2026-05-19T18:06:14.730000Z,2026-05-19T18:34:59.146000Z,2026-05-19T18:34:59.659000Z,2026-05-19T18:35:59.603664Z,1725.0,C15DM49H,907,"English, Portuguese, Spanish, French, Italian",Yes,"No, I have no issues seeing colours",Man (including Trans Male/Trans Man),68,Male,White,Peru,United States,Peru,Spanish,No,Other
6a0ca556d9dd89c175ee1f79,69e0d36932fc04a90f59964a,RETURNED,Not Applicable,2026-05-19T18:00:58.343000Z,,,2026-05-20T14:30:57.999547Z,,,629,CONSENT_REVOKED,CONSENT_REVOKED,CONSENT_REVOKED,CONSENT_REVOKED,CONSENT_REVOKED,CONSENT_REVOKED,CONSENT_REVOKED,CONSENT_REVOKED,CONSENT_REVOKED,CONSENT_REVOKED,CONSENT_REVOKED,CONSENT_REVOKED,CONSENT_REVOKED
6a0ca5ad09d2ee34b6fc5bac,69fc9bcc3672f159cd038836,APPROVED,Not Applicable,2026-05-19T18:02:25.270000Z,2026-05-19T18:14:34.767000Z,2026-05-19T18:14:35.252000Z,2026-05-19T18:15:35.218654Z,730.0,C15DM49H,18,English,Yes,"No, I have no issues seeing colours",Man (including Trans Male/Trans Man),23,Male,White,United States,United States,United States,English,No,Unemployed (and job seeking)
6a0ca5b2ef9ea40f21f30587,69ff5e3d7ecc31474ad9b30a,APPROVED,Not Applicable,2026-05-19T18:02:31.783000Z,2026-05-19T18:15:47.540000Z,2026-05-19T18:15:48.055000Z,2026-05-19T18:16:47.964443Z,796.0,C15DM49H,21,English,Yes,"No, I have no issues seeing colours",Woman (including Trans Female/Trans Woman),28,Female,White,United States,United States,United States,English,Yes,Part-Time
6a0ca6914d913b56a0dce59c,6a04b76d9bbaf4af16d57088,RETURNED,Not Applicable,2026-05-19T18:07:51.943000Z,,,2026-05-20T14:30:58.025155Z,,,93,CONSENT_REVOKED,CONSENT_REVOKED,CONSENT_REVOKED,CONSENT_REVOKED,CONSENT_REVOKED,CONSENT_REVOKED,CONSENT_REVOKED,CONSENT_REVOKED,CONSENT_REVOKED,CONSENT_REVOKED,CONSENT_REVOKED,CONSENT_REVOKED,CONSENT_REVOKED
6a0ca6bb3aa0c6d42f526704,67151a9102f79a93582370aa,APPROVED,Not Applicable,2026-05-19T18:07:03.518000Z,2026-05-19T18:18:00.719000Z,2026-05-19T18:18:01.224000Z,2026-05-19T18:19:01.150949Z,658.0,C15DM49H,2615,English,Yes,"No, I have no issues seeing colours",Man (including Trans Male/Trans Man),36,Male,White,United States,United States,United States,English,No,Part-Time
6a0ca7903bcde8d5b02ea1a4,69ba5932443ac65a12bbde7b,APPROVED,Not Applicable,2026-05-19T18:10:27.969000Z,2026-05-19T18:43:09.571000Z,2026-05-19T18:43:10.097000Z,2026-05-19T18:44:10.049337Z,1962.0,C15DM49H,643,English,Yes,"No, I have no issues seeing colours",Woman (including Trans Female/Trans Woman),46,Female,White,United States,United States,United States,English,No,Part-Time
6a0ca790c2a694b8dbcc4ac6,67870824e02758bc16fa96f3,APPROVED,Not Applicable,2026-05-19T18:10:28.277000Z,2026-05-19T18:27:50.735000Z,2026-05-19T18:27:51.194000Z,2026-05-19T18:28:51.157190Z,1043.0,C15DM49H,2439,"English, Spanish",Yes,"No, I have no issues seeing colours",Woman (including Trans Female/Trans Woman),50,Female,White,United States,United States,United States,English,No,Full-Time
6a0ca7b84bb1c4a0fc44bb91,67854ba4bab6fc4b80eba268,RETURNED,Not Applicable,2026-05-19T18:11:04.490000Z,,,2026-05-20T14:30:58.029608Z,,,3668,CONSENT_REVOKED,CONSENT_REVOKED,CONSENT_REVOKED,CONSENT_REVOKED,CONSENT_REVOKED,CONSENT_REVOKED,CONSENT_REVOKED,CONSENT_REVOKED,CONSENT_REVOKED,CONSENT_REVOKED,CONSENT_REVOKED,CONSENT_REVOKED,CONSENT_REVOKED
6a0ca892307008c6b04d2ff5,69fe143fe0fc2630be12c1a4,RETURNED,Not Applicable,,,,2026-05-20T14:30:58.028239Z,,,70,CONSENT_REVOKED,CONSENT_REVOKED,CONSENT_REVOKED,CONSENT_REVOKED,CONSENT_REVOKED,CONSENT_REVOKED,CONSENT_REVOKED,CONSENT_REVOKED,CONSENT_REVOKED,CONSENT_REVOKED,CONSENT_REVOKED,CONSENT_REVOKED,CONSENT_REVOKED
6a0ca89b8bcadbdf199f5f30,678adaaa5d10296603b4b2d6,APPROVED,Not Applicable,2026-05-19T18:23:56.715000Z,2026-05-19T18:58:17.103000Z,2026-05-19T18:58:17.609000Z,2026-05-19T18:59:17.544116Z,2061.0,C15DM49H,4380,"French, English, Portuguese, Spanish, German, Dutch",Yes,"No, I have no issues seeing colours",Man (including Trans Male/Trans Man),35,Male,Other,Brazil,United States,Brazil,English,Yes,DATA_EXPIRED
6a0ca8dbd572d130ae319f57,6a07687bad5809e8867bdffb,APPROVED,Not Applicable,2026-05-19T18:15:57.620000Z,2026-05-19T18:26:58.322000Z,2026-05-19T18:26:58.786000Z,2026-05-19T18:27:58.724117Z,661.0,C15DM49H,11,English,Yes,"No, I have no issues seeing colours",Woman (including Trans Female/Trans Woman),37,Female,White,United States,United States,United States,English,No,"Not in paid work (e.g. homemaker', 'retired or disabled)"
6a0ca8e37c06f1d82ac90724,6a00b0ea81d260c6c90655e7,APPROVED,Not Applicable,2026-05-19T18:16:08.100000Z,2026-05-19T18:34:03.273000Z,2026-05-19T18:34:03.764000Z,2026-05-19T18:35:03.708081Z,1076.0,C15DM49H,27,English,Yes,"No, I have no issues seeing colours",Man (including Trans Male/Trans Man),38,Male,White,United States,United States,United States,English,No,Full-Time
6a0ca91b9b1fc82d60259248,69e43c120060c346d6aaaae8,RETURNED,Not Applicable,2026-05-19T18:17:02.304000Z,,,2026-05-20T14:30:58.023475Z,,,152,CONSENT_REVOKED,CONSENT_REVOKED,CONSENT_REVOKED,CONSENT_REVOKED,CONSENT_REVOKED,CONSENT_REVOKED,CONSENT_REVOKED,CONSENT_REVOKED,CONSENT_REVOKED,CONSENT_REVOKED,CONSENT_REVOKED,CONSENT_REVOKED,CONSENT_REVOKED
6a0ca9655653ea5cc6d6df6f,5c8fa44e045ff10012b60821,RETURNED,Not Applicable,2026-05-19T18:19:22.701000Z,,,2026-05-20T14:30:58.038138Z,,,1352,CONSENT_REVOKED,CONSENT_REVOKED,CONSENT_REVOKED,CONSENT_REVOKED,CONSENT_REVOKED,CONSENT_REVOKED,CONSENT_REVOKED,CONSENT_REVOKED,CONSENT_REVOKED,CONSENT_REVOKED,CONSENT_REVOKED,CONSENT_REVOKED,CONSENT_REVOKED
6a0caa2ba257f46bc00032b6,69fd3ebf202c5ed4c763ca33,APPROVED,Not Applicable,2026-05-19T18:21:39.682000Z,2026-05-19T18:38:39.908000Z,2026-05-19T18:38:40.450000Z,2026-05-19T18:39:40.391376Z,1021.0,C15DM49H,185,English,Yes,"No, I have no issues seeing colours",Woman (including Trans Female/Trans Woman),53,Female,White,United States,United States,United States,English,No,Full-Time
6a0caa5687df98d8bffab87a,69dfd70b8c95f8b201c065a2,APPROVED,Not Applicable,2026-05-19T18:23:02.629000Z,2026-05-19T18:42:40.945000Z,2026-05-19T18:42:41.399000Z,2026-05-19T18:43:41.370126Z,1179.0,C15DM49H,562,English,Yes,"No, I have no issues seeing colours",Man (including Trans Male/Trans Man),36,Male,Black,Jamaica,United States,United States,English,No,Full-Time
6a0caa7c6ee1f51ee7b91140,6978d78491ea9e2fdea1c5f0,APPROVED,Not Applicable,2026-05-19T18:25:10.858000Z,2026-05-19T18:45:05.282000Z,2026-05-19T18:45:05.782000Z,2026-05-19T18:46:05.729030Z,1195.0,C15DM49H,502,English,Yes,"No, I have no issues seeing colours",Non-binary (would like to give more detail),35,Female,White,United States,United States,United States,English,Yes,Part-Time
6a0cab507963273eedd87448,69432f5eec27bf29567095f7,APPROVED,Not Applicable,2026-05-19T18:32:49.742000Z,2026-05-19T18:50:02.650000Z,2026-05-19T18:50:03.136000Z,2026-05-19T18:51:03.086950Z,1033.0,C15DM49H,2213,English,Yes,"No, I have no issues seeing colours",Man (including Trans Male/Trans Man),28,Male,White,United States,United States,United States,English,No,Part-Time
6a0cab7682a5c2ff58bc34a6,69d13492b28734cb526545f0,APPROVED,Not Applicable,2026-05-19T18:27:09.946000Z,2026-05-19T18:49:14.115000Z,2026-05-19T18:49:14.653000Z,2026-05-19T18:50:14.618951Z,1325.0,C15DM49H,912,"Spanish, English",Yes,"No, I have no issues seeing colours",Woman (including Trans Female/Trans Woman),30,Female,White,United States,United States,United States,English,No,Full-Time
6a0caba7d56c181dd46875fd,67ccf5aaec16501a9fec7097,APPROVED,Not Applicable,2026-05-19T18:28:08.555000Z,2026-05-19T18:57:34.180000Z,2026-05-19T19:46:34.762000Z,2026-05-19T19:47:34.698818Z,1766.0,C15DM49H,5617,English,Yes,"No, I have no issues seeing colours",Woman (including Trans Female/Trans Woman),32,Female,Black,United States,United States,United States,English,No,Full-Time
6a0cad25ed8f510d9878b78d,69d3a8135dad4152d874f8ec,RETURNED,Not Applicable,2026-05-19T18:34:20.111000Z,,,2026-05-20T14:30:58.029491Z,,,719,CONSENT_REVOKED,CONSENT_REVOKED,CONSENT_REVOKED,CONSENT_REVOKED,CONSENT_REVOKED,CONSENT_REVOKED,CONSENT_REVOKED,CONSENT_REVOKED,CONSENT_REVOKED,CONSENT_REVOKED,CONSENT_REVOKED,CONSENT_REVOKED,CONSENT_REVOKED
6a0cad5af1e263e2563a8f1d,6a07d95f9cfd61a15edd651a,APPROVED,Not Applicable,2026-05-19T18:35:11.708000Z,2026-05-19T18:53:27.583000Z,2026-05-19T18:53:28.039000Z,2026-05-19T18:54:27.988624Z,1096.0,C15DM49H,22,English,Yes,"No, I have no issues seeing colours",Woman (including Trans Female/Trans Woman),22,Female,Mixed,United States,United States,United States,English,No,Full-Time
6a0cad859770b027a04cf628,6a00c716309f89c3bd73cef4,APPROVED,Not Applicable,2026-05-19T18:35:53.067000Z,2026-05-19T18:44:00.964000Z,2026-05-19T18:44:01.464000Z,2026-05-19T18:45:01.416279Z,488.0,C15DM49H,174,"English, Korean",Yes,"No, I have no issues seeing colours",Man (including Trans Male/Trans Man),28,Male,Asian,United States,United States,United States,English,Yes,Full-Time
6a0cae3771dd8f1107afd2f3,6a0aa56ca5458649e4954ac9,APPROVED,Not Applicable,2026-05-19T18:38:50.040000Z,2026-05-19T18:54:20.552000Z,2026-05-19T18:54:21.037000Z,2026-05-19T18:55:20.962368Z,931.0,C15DM49H,3,"English, Spanish",Yes,"No, I have no issues seeing colours",Woman (including Trans Female/Trans Woman),27,Female,White,Mexico,United States,United States,Spanish,No,Full-Time
6a0caf2d58004efaa57ac627,675b73a2f8ca714cdf307be7,RETURNED,Not Applicable,2026-05-19T18:43:00.858000Z,,,2026-05-20T14:30:58.035822Z,,,776,CONSENT_REVOKED,CONSENT_REVOKED,CONSENT_REVOKED,CONSENT_REVOKED,CONSENT_REVOKED,CONSENT_REVOKED,CONSENT_REVOKED,CONSENT_REVOKED,CONSENT_REVOKED,CONSENT_REVOKED,CONSENT_REVOKED,CONSENT_REVOKED,CONSENT_REVOKED
6a0caf3f00e937d29985957b,67c4d6db7736e277b8582936,APPROVED,Not Applicable,2026-05-19T18:43:42.192000Z,2026-05-19T19:11:20.669000Z,2026-05-19T19:11:21.126000Z,2026-05-19T19:12:21.097190Z,1659.0,C15DM49H,3718,English,Yes,"No, I have no issues seeing colours",Woman (including Trans Female/Trans Woman),66,Female,Black,United States,United States,United States,English,DATA_EXPIRED,DATA_EXPIRED
6a0caf7e870252e1e2a7d384,698556572fce81c545c8addf,APPROVED,Not Applicable,2026-05-19T18:44:17.312000Z,2026-05-19T18:52:26.228000Z,2026-05-19T18:52:26.738000Z,2026-05-19T18:53:26.634913Z,489.0,C15DM49H,362,English,Yes,"No, I have no issues seeing colours",Man (including Trans Male/Trans Man),24,Male,Black,United States,United States,United States,English,Yes,Unemployed (and job seeking)
6a0cafaff7aae8ff1c98d185,67acff5fc3860389b0c4dc25,RETURNED,Not Applicable,2026-05-19T18:45:07.760000Z,,,2026-05-20T14:30:58.035704Z,,,5789,CONSENT_REVOKED,CONSENT_REVOKED,CONSENT_REVOKED,CONSENT_REVOKED,CONSENT_REVOKED,CONSENT_REVOKED,CONSENT_REVOKED,CONSENT_REVOKED,CONSENT_REVOKED,CONSENT_REVOKED,CONSENT_REVOKED,CONSENT_REVOKED,CONSENT_REVOKED
6a0cafb2f595d4d87f00322c,56bd7bf3d4e2180005a86846,APPROVED,Not Applicable,2026-05-19T18:45:16.256000Z,2026-05-19T18:53:01.635000Z,2026-05-19T18:53:02.186000Z,2026-05-19T18:54:02.203029Z,466.0,C15DM49H,7666,English,Yes,"No, I have no issues seeing colours",Woman (including Trans Female/Trans Woman),41,Female,Black,United States,United States,United States,English,DATA_EXPIRED,DATA_EXPIRED
6a0cb0b71cf14b5e8598d140,69c33cb5b96585439e3eb0c7,APPROVED,Not Applicable,2026-05-19T18:49:34.181000Z,2026-05-19T19:05:40.385000Z,2026-05-19T19:05:40.880000Z,2026-05-19T19:06:40.833345Z,967.0,C15DM49H,886,English,Yes,"No, I have no issues seeing colours",Woman (including Trans Female/Trans Woman),41,Female,White,United States,United States,United States,English,No,Full-Time
6a0cb0db2c33a3091514317f,6792b6471c254ba88bc8db34,RETURNED,Not Applicable,2026-05-19T18:50:27.041000Z,,,2026-05-20T14:30:58.099809Z,,,1054,CONSENT_REVOKED,CONSENT_REVOKED,CONSENT_REVOKED,CONSENT_REVOKED,CONSENT_REVOKED,CONSENT_REVOKED,CONSENT_REVOKED,CONSENT_REVOKED,CONSENT_REVOKED,CONSENT_REVOKED,CONSENT_REVOKED,CONSENT_REVOKED,CONSENT_REVOKED
6a0cb1382186a12de0af4957,6101f4093ed452ae3b6d5ab9,APPROVED,Not Applicable,2026-05-19T18:51:48.818000Z,2026-05-19T19:33:53.491000Z,2026-05-19T19:33:53.994000Z,2026-05-19T19:34:53.924642Z,2525.0,C15DM49H,3190,"English, Polish, Spanish",Yes,"No, I have no issues seeing colours",Woman (including Trans Female/Trans Woman),23,Female,White,United States,United States,Poland,Polish,DATA_EXPIRED,DATA_EXPIRED
6a0cb16be08deb80783d6043,66c0f464e0ff62798027b486,APPROVED,Not Applicable,2026-05-19T19:00:31.404000Z,2026-05-19T19:22:19.865000Z,2026-05-19T19:22:20.349000Z,2026-05-19T19:23:20.309640Z,1309.0,C15DM49H,9582,English,Yes,"No, I have no issues seeing colours",Man (including Trans Male/Trans Man),25,Male,Mixed,United States,United States,United States,English,Yes,Part-Time
6a0cb18f13df18cc71d67e1b,6a0357e01d730b5fef1d19d3,RETURNED,Not Applicable,2026-05-19T18:53:22.471000Z,,,2026-05-20T14:30:58.060744Z,,,164,CONSENT_REVOKED,CONSENT_REVOKED,CONSENT_REVOKED,CONSENT_REVOKED,CONSENT_REVOKED,CONSENT_REVOKED,CONSENT_REVOKED,CONSENT_REVOKED,CONSENT_REVOKED,CONSENT_REVOKED,CONSENT_REVOKED,CONSENT_REVOKED,CONSENT_REVOKED
6a0cb1aae7d0d360e066a1c7,69e1028bb898a54c3958fa4c,APPROVED,Not Applicable,2026-05-19T18:53:33.281000Z,2026-05-19T19:13:03.691000Z,2026-05-19T19:13:04.212000Z,2026-05-19T19:14:04.130034Z,1171.0,C15DM49H,410,"English, Vietnamese",Yes,"No, I have no issues seeing colours",Man (including Trans Male/Trans Man),29,Male,Asian,United States,United States,United States,Vietnamese,No,Full-Time
6a0cb1e28299f6c3daaa8db3,69f2365175809537a471ea61,APPROVED,Not Applicable,2026-05-19T18:54:44.397000Z,2026-05-19T19:19:35.981000Z,2026-05-19T19:19:36.547000Z,2026-05-19T19:20:36.494824Z,1492.0,C15DM49H,332,"English, Urdu, Spanish",Yes,"No, I have no issues seeing colours",Man (including Trans Male/Trans Man),20,Male,Other,United States,United States,United States,English,Yes,Unemployed (and job seeking)
6a0cb216cb53cdddc18228f2,69d7b5ca00b6964e4d0d996d,APPROVED,Not Applicable,2026-05-19T18:55:22.169000Z,2026-05-19T19:07:30.949000Z,2026-05-19T19:07:31.436000Z,2026-05-19T19:08:31.457158Z,729.0,C15DM49H,455,English,Yes,"No, I have no issues seeing colours",Man (including Trans Male/Trans Man),47,Male,Mixed,United States,United States,United States,English,No,Part-Time
6a0cb2743034417a06f7e41e,69e1083ce086585f892e4daf,REJECTED,Not Applicable,2026-05-19T18:56:59.473000Z,2026-05-19T19:03:54.234000Z,2026-05-20T14:29:59.484000Z,2026-05-20T14:30:58.024684Z,415.0,C15DM49H,180,CONSENT_REVOKED,CONSENT_REVOKED,CONSENT_REVOKED,CONSENT_REVOKED,CONSENT_REVOKED,CONSENT_REVOKED,CONSENT_REVOKED,CONSENT_REVOKED,CONSENT_REVOKED,CONSENT_REVOKED,CONSENT_REVOKED,CONSENT_REVOKED,CONSENT_REVOKED
6a0cb29f1971fb46f1d4176c,69a278726053af4defebc79e,RETURNED,Not Applicable,2026-05-19T18:57:41.895000Z,,,2026-05-20T14:30:58.039518Z,,,63,CONSENT_REVOKED,CONSENT_REVOKED,CONSENT_REVOKED,CONSENT_REVOKED,CONSENT_REVOKED,CONSENT_REVOKED,CONSENT_REVOKED,CONSENT_REVOKED,CONSENT_REVOKED,CONSENT_REVOKED,CONSENT_REVOKED,CONSENT_REVOKED,CONSENT_REVOKED
6a0cb2cb1fae125967c2f58c,63fa812428f289c772131458,APPROVED,Not Applicable,2026-05-19T18:58:24.024000Z,2026-05-19T19:26:26.383000Z,2026-05-19T19:26:26.839000Z,2026-05-19T19:27:26.840726Z,1683.0,C15DM49H,6246,English,Yes,"No, I have no issues seeing colours",Woman (including Trans Female/Trans Woman),58,Female,White,United States,United States,United States,English,No,Full-Time
6a0cb42805c53d804c5ccb04,643ead9be9be7fa2c20e1a53,RETURNED,Not Applicable,2026-05-19T19:09:06.401000Z,,,2026-05-20T14:30:58.601762Z,,,9425,CONSENT_REVOKED,CONSENT_REVOKED,CONSENT_REVOKED,CONSENT_REVOKED,CONSENT_REVOKED,CONSENT_REVOKED,CONSENT_REVOKED,CONSENT_REVOKED,CONSENT_REVOKED,CONSENT_REVOKED,CONSENT_REVOKED,CONSENT_REVOKED,CONSENT_REVOKED
6a0cb48a3f82fde47511fa86,668d32274206c26e679bf65f,RETURNED,Not Applicable,2026-05-19T19:07:01.515000Z,,,2026-05-20T14:30:58.057583Z,,,1496,CONSENT_REVOKED,CONSENT_REVOKED,CONSENT_REVOKED,CONSENT_REVOKED,CONSENT_REVOKED,CONSENT_REVOKED,CONSENT_REVOKED,CONSENT_REVOKED,CONSENT_REVOKED,CONSENT_REVOKED,CONSENT_REVOKED,CONSENT_REVOKED,CONSENT_REVOKED
6a0cb502919a0bf65eabf7ad,662c292a1796a8709941e1b7,RETURNED,Not Applicable,2026-05-19T19:07:50.470000Z,,,2026-05-20T14:30:58.058696Z,,,1977,CONSENT_REVOKED,CONSENT_REVOKED,CONSENT_REVOKED,CONSENT_REVOKED,CONSENT_REVOKED,CONSENT_REVOKED,CONSENT_REVOKED,CONSENT_REVOKED,CONSENT_REVOKED,CONSENT_REVOKED,CONSENT_REVOKED,CONSENT_REVOKED,CONSENT_REVOKED
6a0cb58025b4ef668224c4e8,697a8631cb24ee7e91e5744e,RETURNED,Not Applicable,2026-05-19T19:10:02.448000Z,,,2026-05-20T14:30:58.180152Z,,,1674,CONSENT_REVOKED,CONSENT_REVOKED,CONSENT_REVOKED,CONSENT_REVOKED,CONSENT_REVOKED,CONSENT_REVOKED,CONSENT_REVOKED,CONSENT_REVOKED,CONSENT_REVOKED,CONSENT_REVOKED,CONSENT_REVOKED,CONSENT_REVOKED,CONSENT_REVOKED
6a0cb598e15d29c2d5ebeced,662aa1095c1c5061a0121a13,RETURNED,Not Applicable,2026-05-19T19:10:18.578000Z,,,2026-05-20T14:30:58.050558Z,,,5433,CONSENT_REVOKED,CONSENT_REVOKED,CONSENT_REVOKED,CONSENT_REVOKED,CONSENT_REVOKED,CONSENT_REVOKED,CONSENT_REVOKED,CONSENT_REVOKED,CONSENT_REVOKED,CONSENT_REVOKED,CONSENT_REVOKED,CONSENT_REVOKED,CONSENT_REVOKED
6a0cb5e00f3de0349a24c4ef,655f8b8f7ee2491a2184b5cc,APPROVED,Not Applicable,2026-05-19T19:11:34.418000Z,2026-05-19T19:32:21.545000Z,2026-05-19T19:32:22.046000Z,2026-05-19T19:33:21.975412Z,1248.0,C15DM49H,831,English,Yes,"No, I have no issues seeing colours",Woman (including Trans Female/Trans Woman),34,Female,Black,United States,United States,United States,English,No,Full-Time
6a0cb5f42efa5fadd6b46b1f,64e36d981d00e7d7c45addc2,RETURNED,Not Applicable,2026-05-19T19:11:51.295000Z,,,2026-05-20T14:30:58.095077Z,,,7640,CONSENT_REVOKED,CONSENT_REVOKED,CONSENT_REVOKED,CONSENT_REVOKED,CONSENT_REVOKED,CONSENT_REVOKED,CONSENT_REVOKED,CONSENT_REVOKED,CONSENT_REVOKED,CONSENT_REVOKED,CONSENT_REVOKED,CONSENT_REVOKED,CONSENT_REVOKED
6a0cb64085f15285052a7436,5b4ec32e995d4e00010944ce,RETURNED,Not Applicable,2026-05-19T19:14:46.572000Z,,,2026-05-20T14:30:58.087719Z,,,1783,CONSENT_REVOKED,CONSENT_REVOKED,CONSENT_REVOKED,CONSENT_REVOKED,CONSENT_REVOKED,CONSENT_REVOKED,CONSENT_REVOKED,CONSENT_REVOKED,CONSENT_REVOKED,CONSENT_REVOKED,CONSENT_REVOKED,CONSENT_REVOKED,CONSENT_REVOKED
6a0cb652c0e97f9bc8458eed,63e55da197c585d2bc031bbc,APPROVED,Not Applicable,2026-05-19T19:13:27.378000Z,2026-05-19T19:37:49.525000Z,2026-05-19T19:37:49.976000Z,2026-05-19T19:38:49.927278Z,1463.0,C15DM49H,1183,English,Yes,"No, I have no issues seeing colours",Woman (including Trans Female/Trans Woman),35,Female,Black,United States,United States,United States,English,No,"Not in paid work (e.g. homemaker', 'retired or disabled)"
6a0cb6c82801265913b0cab7,6a068ea1a202c2cdaaefd14b,APPROVED,Not Applicable,2026-05-19T19:15:30.974000Z,2026-05-19T19:43:56.416000Z,2026-05-19T19:43:56.888000Z,2026-05-19T19:44:56.822686Z,1706.0,C15DM49H,51,"English, Swahili",Yes,"No, I have no issues seeing colours",Man (including Trans Male/Trans Man),38,Male,Black,Kenya,United States,United States,English,Yes,Full-Time
6a0cb79ea54e36fce3f5b706,6983ce7787eb1aae8c4a2286,APPROVED,Not Applicable,2026-05-19T19:19:04.509000Z,2026-05-19T19:39:48.401000Z,2026-05-19T19:39:48.901000Z,2026-05-19T19:40:48.852519Z,1244.0,C15DM49H,624,"Chinese, German, English",Yes,"No, I have no issues seeing colours",Man (including Trans Male/Trans Man),30,Male,White,United States,United States,United States,English,No,Full-Time
6a0cb79fd67d3e94c2ebec90,6a0b754b42ede12f41543bd1,APPROVED,Not Applicable,2026-05-19T19:19:11.290000Z,2026-05-19T19:28:58.359000Z,2026-05-19T19:28:58.788000Z,2026-05-19T19:29:58.757659Z,588.0,C15DM49H,13,English,Yes,"No, I have no issues seeing colours",Woman (including Trans Female/Trans Woman),19,Female,White,United States,United States,United States,English,Yes,Other
6a0cb7c9d25340ea7e185eef,69c20c32f5b33dc470473758,RETURNED,Not Applicable,2026-05-19T19:19:40.129000Z,,,2026-05-20T14:30:58.095759Z,,,810,CONSENT_REVOKED,CONSENT_REVOKED,CONSENT_REVOKED,CONSENT_REVOKED,CONSENT_REVOKED,CONSENT_REVOKED,CONSENT_REVOKED,CONSENT_REVOKED,CONSENT_REVOKED,CONSENT_REVOKED,CONSENT_REVOKED,CONSENT_REVOKED,CONSENT_REVOKED
6a0cb872e51cbf05ab07c815,6a08cd699b922a496ade5118,RETURNED,Not Applicable,2026-05-19T19:22:50.227000Z,,,2026-05-20T14:30:58.069729Z,,,29,CONSENT_REVOKED,CONSENT_REVOKED,CONSENT_REVOKED,CONSENT_REVOKED,CONSENT_REVOKED,CONSENT_REVOKED,CONSENT_REVOKED,CONSENT_REVOKED,CONSENT_REVOKED,CONSENT_REVOKED,CONSENT_REVOKED,CONSENT_REVOKED,CONSENT_REVOKED
6a0cb96e076e87d26e54c159,6a0644802abcd523105f8273,RETURNED,Not Applicable,2026-05-19T19:26:44.910000Z,,,2026-05-20T14:30:58.097528Z,,,34,CONSENT_REVOKED,CONSENT_REVOKED,CONSENT_REVOKED,CONSENT_REVOKED,CONSENT_REVOKED,CONSENT_REVOKED,CONSENT_REVOKED,CONSENT_REVOKED,CONSENT_REVOKED,CONSENT_REVOKED,CONSENT_REVOKED,CONSENT_REVOKED,CONSENT_REVOKED
6a0cb98357d6c3a138583871,69fcf7b8d17d8719027b8b7f,RETURNED,Not Applicable,2026-05-19T19:27:03.327000Z,,,2026-05-20T14:30:58.091560Z,,,40,CONSENT_REVOKED,CONSENT_REVOKED,CONSENT_REVOKED,CONSENT_REVOKED,CONSENT_REVOKED,CONSENT_REVOKED,CONSENT_REVOKED,CONSENT_REVOKED,CONSENT_REVOKED,CONSENT_REVOKED,CONSENT_REVOKED,CONSENT_REVOKED,CONSENT_REVOKED
6a0cb9d0a6dbb1290da67860,697a3c1a468362f3fe7a244b,APPROVED,Not Applicable,2026-05-19T19:28:23.052000Z,2026-05-19T20:20:20.184000Z,2026-05-19T20:20:20.707000Z,2026-05-19T20:21:20.658745Z,3118.0,C15DM49H,370,English,Yes,"No, I have no issues seeing colours",Woman (including Trans Female/Trans Woman),43,Female,White,United States,United States,United States,English,Yes,Full-Time
6a0cb9f200d8c714ad382ce6,698158ae43afcea4f821069c,APPROVED,Not Applicable,2026-05-19T19:28:54.230000Z,2026-05-19T19:54:07.188000Z,2026-05-19T19:54:07.645000Z,2026-05-19T19:55:07.604292Z,1513.0,C15DM49H,2298,English,Yes,"No, I have no issues seeing colours",Woman (including Trans Female/Trans Woman),52,Female,White,United States,United States,United States,English,No,Unemployed (and job seeking)
6a0cb9ff3f73a5aaf0596866,69fca484237ccf6839f55328,APPROVED,Not Applicable,2026-05-19T19:29:13.948000Z,2026-05-19T19:42:21.754000Z,2026-05-19T19:42:22.270000Z,2026-05-19T19:43:22.208448Z,788.0,C15DM49H,196,English,Yes,"No, I have no issues seeing colours",Man (including Trans Male/Trans Man),36,Male,White,United States,United States,United States,English,No,Part-Time
6a0cba02847abf4f8d8c57aa,69fed5e3b5d7fb4bf03a35cc,RETURNED,Not Applicable,2026-05-19T19:34:27.131000Z,,,2026-05-20T14:30:58.076403Z,,,330,CONSENT_REVOKED,CONSENT_REVOKED,CONSENT_REVOKED,CONSENT_REVOKED,CONSENT_REVOKED,CONSENT_REVOKED,CONSENT_REVOKED,CONSENT_REVOKED,CONSENT_REVOKED,CONSENT_REVOKED,CONSENT_REVOKED,CONSENT_REVOKED,CONSENT_REVOKED
6a0cba3916594bac4ccbbd01,674f22af21d6a0d92c657422,APPROVED,Not Applicable,2026-05-19T19:30:05.819000Z,2026-05-19T19:43:12.938000Z,2026-05-19T19:43:13.402000Z,2026-05-19T19:44:13.382793Z,788.0,C15DM49H,4896,"English, German, Polish",Yes,"No, I have no issues seeing colours",Woman (including Trans Female/Trans Woman),56,Female,White,Poland,United States,United States,Polish,No,Full-Time
6a0cbacc08462571fcc207c3,6961675fb4d321d461120073,APPROVED,Not Applicable,2026-05-19T19:32:33.726000Z,2026-05-19T20:10:03.809000Z,2026-05-19T20:10:04.308000Z,2026-05-19T20:11:04.239496Z,2251.0,C15DM49H,522,"English, Swahili",Yes,"No, I have no issues seeing colours",Woman (including Trans Female/Trans Woman),38,Female,Black,Kenya,United States,Kenya,English,No,Part-Time
6a0cbb447af302ce78fdb058,69b51d47109584de0835b702,APPROVED,Not Applicable,2026-05-19T19:34:42.236000Z,2026-05-19T19:59:28.478000Z,2026-05-19T19:59:28.994000Z,2026-05-19T20:00:28.936617Z,1487.0,C15DM49H,785,English,Yes,"No, I have no issues seeing colours",Woman (including Trans Female/Trans Woman),36,Female,White,United States,United States,United States,English,No,Part-Time
6a0cbc164ec8ba5b1ea4115e,5ec06f59c4ceb1481f225bbd,APPROVED,Not Applicable,2026-05-19T19:40:51.617000Z,2026-05-19T19:57:44.752000Z,2026-05-19T19:57:45.219000Z,2026-05-19T19:58:45.175785Z,1014.0,C15DM49H,3250,"English, Spanish",Yes,"No, I have no issues seeing colours",Woman (including Trans Female/Trans Woman),24,Female,White,United States,United States,United States,English,No,Part-Time
6a0cbc37f2eb35be7ec5c830,69eb800832758d43f529f9af,RETURNED,Not Applicable,2026-05-19T19:39:16.394000Z,,,2026-05-20T14:30:58.128890Z,,,343,CONSENT_REVOKED,CONSENT_REVOKED,CONSENT_REVOKED,CONSENT_REVOKED,CONSENT_REVOKED,CONSENT_REVOKED,CONSENT_REVOKED,CONSENT_REVOKED,CONSENT_REVOKED,CONSENT_REVOKED,CONSENT_REVOKED,CONSENT_REVOKED,CONSENT_REVOKED
6a0cbc850dc76d706e4d3016,665a0857a0c87db18a268c58,APPROVED,Not Applicable,2026-05-19T19:40:19.039000Z,2026-05-19T20:06:45.260000Z,2026-05-19T20:06:45.774000Z,2026-05-19T20:07:45.710466Z,1587.0,C15DM49H,1708,English,Yes,"No, I have no issues seeing colours",Woman (including Trans Female/Trans Woman),38,Female,White,United States,United States,United States,English,No,Unemployed (and job seeking)
6a0cbd2199e0675488eda3ff,69ab9f5664a6fa203675624e,APPROVED,Not Applicable,2026-05-19T19:42:32.787000Z,2026-05-19T19:50:56.434000Z,2026-05-19T19:50:57.063000Z,2026-05-19T19:51:56.907870Z,504.0,C15DM49H,1903,English,Yes,"No, I have no issues seeing colours",Man (including Trans Male/Trans Man),26,Male,White,United States,United States,United States,English,No,Full-Time
6a0cbd2898db8c5eef85b90f,69fe10232ca760ae950af0fc,APPROVED,Not Applicable,2026-05-19T19:42:53.832000Z,2026-05-19T20:13:37.284000Z,2026-05-19T20:13:37.770000Z,2026-05-19T20:14:37.701891Z,1844.0,C15DM49H,66,English,Yes,"No, I have no issues seeing colours",Woman (including Trans Female/Trans Woman),49,Female,White,United States,United States,United States,English,No,Part-Time
6a0cbd5787d53e160ffab82f,66a1f05831c042974d7bf04b,RETURNED,Not Applicable,2026-05-19T19:43:26.053000Z,,,2026-05-20T14:30:58.080110Z,,,1104,CONSENT_REVOKED,CONSENT_REVOKED,CONSENT_REVOKED,CONSENT_REVOKED,CONSENT_REVOKED,CONSENT_REVOKED,CONSENT_REVOKED,CONSENT_REVOKED,CONSENT_REVOKED,CONSENT_REVOKED,CONSENT_REVOKED,CONSENT_REVOKED,CONSENT_REVOKED
6a0cbd7fcb830093627bd65f,6a09ca9baf7f775c5271bd72,APPROVED,Not Applicable,2026-05-19T19:44:02.544000Z,2026-05-19T19:55:58.067000Z,2026-05-19T19:55:58.546000Z,2026-05-19T19:56:58.879346Z,716.0,C15DM49H,12,"English, Croatian",Yes,"No, I have no issues seeing colours",Man (including Trans Male/Trans Man),35,Male,White,Croatia,United States,United States,Croatian,Yes,Unemployed (and job seeking)
6a0cbe6a7ad8ee9cbcceb94d,69d5672cd0bb2daa0cec1734,APPROVED,Not Applicable,2026-05-19T19:47:59.199000Z,2026-05-19T20:02:15.120000Z,2026-05-19T20:02:15.653000Z,2026-05-19T20:03:15.593663Z,856.0,C15DM49H,81,English,Yes,"No, I have no issues seeing colours",Woman (including Trans Female/Trans Woman),23,Female,White,United States,United States,United States,English,No,"Not in paid work (e.g. homemaker', 'retired or disabled)"
6a0cbf264e687cadc769994d,69440f7e80a4386d25e90198,REJECTED,Not Applicable,2026-05-19T19:51:12.562000Z,2026-05-19T19:57:32.027000Z,2026-05-20T14:30:06.626000Z,2026-05-20T14:30:58.076571Z,380.0,C15DM49H,1960,CONSENT_REVOKED,CONSENT_REVOKED,CONSENT_REVOKED,CONSENT_REVOKED,CONSENT_REVOKED,CONSENT_REVOKED,CONSENT_REVOKED,CONSENT_REVOKED,CONSENT_REVOKED,CONSENT_REVOKED,CONSENT_REVOKED,CONSENT_REVOKED,CONSENT_REVOKED
6a0cbfec0a5906dc8a42eadd,616eee064fa84629904802ab,RETURNED,Not Applicable,2026-05-19T19:54:47.512000Z,,,2026-05-20T14:30:58.076480Z,,,1706,CONSENT_REVOKED,CONSENT_REVOKED,CONSENT_REVOKED,CONSENT_REVOKED,CONSENT_REVOKED,CONSENT_REVOKED,CONSENT_REVOKED,CONSENT_REVOKED,CONSENT_REVOKED,CONSENT_REVOKED,CONSENT_REVOKED,CONSENT_REVOKED,CONSENT_REVOKED
6a0cc054ba55685448837ae2,69ff32192d365672ccab813b,RETURNED,Not Applicable,2026-05-19T19:56:29.906000Z,,,2026-05-20T14:30:58.087868Z,,,61,CONSENT_REVOKED,CONSENT_REVOKED,CONSENT_REVOKED,CONSENT_REVOKED,CONSENT_REVOKED,CONSENT_REVOKED,CONSENT_REVOKED,CONSENT_REVOKED,CONSENT_REVOKED,CONSENT_REVOKED,CONSENT_REVOKED,CONSENT_REVOKED,CONSENT_REVOKED
6a0cc0b34c3bc488eea6d399,69f6cd09d51421c0b25da481,APPROVED,Not Applicable,2026-05-19T19:57:50.116000Z,2026-05-19T20:16:42.843000Z,2026-05-19T20:16:43.324000Z,2026-05-19T20:17:43.265458Z,1133.0,C15DM49H,19,"English, Vietnamese",Yes,"No, I have no issues seeing colours",Woman (including Trans Female/Trans Woman),20,Female,Asian,Vietnam,United States,United States,Vietnamese,Yes,Unemployed (and job seeking)
6a0cc0ba1183a2c957aaa048,670c06bb7926d2525a7a7755,RETURNED,Not Applicable,2026-05-19T19:57:56.537000Z,,,2026-05-20T14:30:58.143766Z,,,7252,CONSENT_REVOKED,CONSENT_REVOKED,CONSENT_REVOKED,CONSENT_REVOKED,CONSENT_REVOKED,CONSENT_REVOKED,CONSENT_REVOKED,CONSENT_REVOKED,CONSENT_REVOKED,CONSENT_REVOKED,CONSENT_REVOKED,CONSENT_REVOKED,CONSENT_REVOKED
6a0cc1007b8875682f7571a6,652c22df0be0c1af87ceaf86,APPROVED,Not Applicable,2026-05-19T19:59:01.438000Z,2026-05-19T20:28:28.210000Z,2026-05-19T20:28:28.701000Z,2026-05-19T20:29:28.668126Z,1767.0,C15DM49H,1960,"English, Spanish",Yes,"No, I have no issues seeing colours",Woman (including Trans Female/Trans Woman),35,Female,Other,Colombia,United States,United States,English,DATA_EXPIRED,DATA_EXPIRED
6a0cc1174a549534f004da46,5c1ebf5f658e9200017ae7e9,RETURNED,Not Applicable,2026-05-19T19:59:23.537000Z,,,2026-05-20T14:30:58.101503Z,,,12150,CONSENT_REVOKED,CONSENT_REVOKED,CONSENT_REVOKED,CONSENT_REVOKED,CONSENT_REVOKED,CONSENT_REVOKED,CONSENT_REVOKED,CONSENT_REVOKED,CONSENT_REVOKED,CONSENT_REVOKED,CONSENT_REVOKED,CONSENT_REVOKED,CONSENT_REVOKED
6a0cc1218b3009efc56875e6,69f5668a396ccedc6e71a304,RETURNED,Not Applicable,2026-05-19T19:59:43.497000Z,,,2026-05-20T14:30:58.165300Z,,,131,CONSENT_REVOKED,CONSENT_REVOKED,CONSENT_REVOKED,CONSENT_REVOKED,CONSENT_REVOKED,CONSENT_REVOKED,CONSENT_REVOKED,CONSENT_REVOKED,CONSENT_REVOKED,CONSENT_REVOKED,CONSENT_REVOKED,CONSENT_REVOKED,CONSENT_REVOKED
6a0cc130458379a881270a3e,6a048b0a618cbb0342d14625,APPROVED,Not Applicable,2026-05-19T19:59:48.405000Z,2026-05-19T20:51:35.279000Z,2026-05-19T20:51:35.761000Z,2026-05-19T20:52:35.733021Z,3107.0,C15DM49H,12,"Korean, English",Yes,"No, I have no issues seeing colours",Man (including Trans Male/Trans Man),35,Male,Asian,Korea,United States,Korea,Korean,No,Due to start a new job within the next month
6a0cc1c8fc633986edc3859d,628deac8711dee5dbda650ae,APPROVED,Not Applicable,2026-05-19T20:02:23.421000Z,2026-05-19T20:15:59.302000Z,2026-05-19T20:15:59.761000Z,2026-05-19T20:16:59.702475Z,816.0,C15DM49H,6964,English,Yes,"No, I have no issues seeing colours",Man (including Trans Male/Trans Man),34,Male,White,United States,United States,United States,English,No,Full-Time
6a0cc293fd060dbd6bb46b2f,69e83c91e2420c0266697081,APPROVED,Not Applicable,2026-05-19T20:06:14.932000Z,2026-05-19T20:25:40.266000Z,2026-05-19T20:25:40.768000Z,2026-05-19T20:26:40.708734Z,1166.0,C15DM49H,107,English,Yes,"No, I have no issues seeing colours",Woman (including Trans Female/Trans Woman),28,Female,White,United States,United States,United States,English,Yes,Part-Time
6a0cc2d57302f953295fc361,62c35e9517e15b36b957a678,RETURNED,Not Applicable,2026-05-19T20:06:45.442000Z,,,2026-05-20T14:30:58.120471Z,,,9859,CONSENT_REVOKED,CONSENT_REVOKED,CONSENT_REVOKED,CONSENT_REVOKED,CONSENT_REVOKED,CONSENT_REVOKED,CONSENT_REVOKED,CONSENT_REVOKED,CONSENT_REVOKED,CONSENT_REVOKED,CONSENT_REVOKED,CONSENT_REVOKED,CONSENT_REVOKED
6a0cc3110db97a4267cca46a,6672bf56d51710391ce2164d,APPROVED,Not Applicable,2026-05-19T20:07:45.658000Z,2026-05-19T20:28:11.897000Z,2026-05-19T20:28:12.405000Z,2026-05-19T20:29:12.344574Z,1227.0,C15DM49H,4283,"English, Hebrew",Yes,"No, I have no issues seeing colours",Man (including Trans Male/Trans Man),53,Male,White,United States,United States,United States,English,No,Other
6a0cc3823bd45fad507a6f5e,697a3f6596a1e447d1808b92,RETURNED,Not Applicable,2026-05-19T20:11:33.342000Z,,,2026-05-20T14:30:58.073761Z,,,811,CONSENT_REVOKED,CONSENT_REVOKED,CONSENT_REVOKED,CONSENT_REVOKED,CONSENT_REVOKED,CONSENT_REVOKED,CONSENT_REVOKED,CONSENT_REVOKED,CONSENT_REVOKED,CONSENT_REVOKED,CONSENT_REVOKED,CONSENT_REVOKED,CONSENT_REVOKED
6a0cc3c19b45246325a74f24,67e70a61f963fecfc78db7ab,APPROVED,Not Applicable,2026-05-19T20:11:31.885000Z,2026-05-19T20:41:34.824000Z,2026-05-19T20:41:35.330000Z,2026-05-19T20:42:35.316793Z,1803.0,C15DM49H,4844,English,Yes,"No, I have no issues seeing colours",Man (including Trans Male/Trans Man),55,Male,Asian,China,United States,United States,English,DATA_EXPIRED,DATA_EXPIRED
6a0cc4796b4435689cf9f16a,678c7dbb5dc35d491d791bce,APPROVED,Not Applicable,2026-05-19T20:13:48.592000Z,2026-05-19T20:24:27.927000Z,2026-05-19T20:24:28.421000Z,2026-05-19T20:25:28.343970Z,640.0,C15DM49H,2402,English,Yes,"No, I have no issues seeing colours",Man (including Trans Male/Trans Man),42,Male,White,United States,United States,United States,English,No,Full-Time
6a0cc5084cd31916c3cf30e5,62bb42e2f21cfdb280cc975f,APPROVED,Not Applicable,2026-05-19T20:16:20.456000Z,2026-05-19T20:30:26.735000Z,2026-05-19T20:30:27.198000Z,2026-05-19T20:31:27.165795Z,847.0,C15DM49H,9497,"English, Spanish",Yes,"No, I have no issues seeing colours",Woman (including Trans Female/Trans Woman),30,Female,Other,United States,United States,United States,English,Yes,Full-Time
6a0cc51961ada67b62835549,640107354d2e4e321724fe27,RETURNED,Not Applicable,2026-05-19T20:17:15.448000Z,,,2026-05-20T14:30:58.068642Z,,,2233,CONSENT_REVOKED,CONSENT_REVOKED,CONSENT_REVOKED,CONSENT_REVOKED,CONSENT_REVOKED,CONSENT_REVOKED,CONSENT_REVOKED,CONSENT_REVOKED,CONSENT_REVOKED,CONSENT_REVOKED,CONSENT_REVOKED,CONSENT_REVOKED,CONSENT_REVOKED
6a0cc52c2118b3436193afbf,6a04cdc3c66f79399c8bee79,RETURNED,Not Applicable,2026-05-19T20:16:48.613000Z,,,2026-05-20T14:30:58.081367Z,,,90,CONSENT_REVOKED,CONSENT_REVOKED,CONSENT_REVOKED,CONSENT_REVOKED,CONSENT_REVOKED,CONSENT_REVOKED,CONSENT_REVOKED,CONSENT_REVOKED,CONSENT_REVOKED,CONSENT_REVOKED,CONSENT_REVOKED,CONSENT_REVOKED,CONSENT_REVOKED
6a0cc64199de37682b8b723d,6997ace35f7613bf9c48fa5d,APPROVED,Not Applicable,2026-05-19T20:21:26.155000Z,2026-05-19T20:53:40.522000Z,2026-05-19T20:53:41.043000Z,2026-05-19T20:54:41.007853Z,1935.0,C15DM49H,2351,English,Yes,"No, I have no issues seeing colours",Woman (including Trans Female/Trans Woman),32,Female,White,United States,United States,United States,English,No,Unemployed (and job seeking)
6a0cc70828b36c4f01af3054,698f9675b0a2c0885344c225,RETURNED,Not Applicable,,,,2026-05-20T14:30:58.080923Z,,,1462,CONSENT_REVOKED,CONSENT_REVOKED,CONSENT_REVOKED,CONSENT_REVOKED,CONSENT_REVOKED,CONSENT_REVOKED,CONSENT_REVOKED,CONSENT_REVOKED,CONSENT_REVOKED,CONSENT_REVOKED,CONSENT_REVOKED,CONSENT_REVOKED,CONSENT_REVOKED
6a0cc71fbade83182188fc45,6997d6320e190bc9dbe9cdee,APPROVED,Not Applicable,2026-05-19T20:25:25.896000Z,2026-05-19T20:54:56.173000Z,2026-05-19T20:54:56.653000Z,2026-05-19T20:55:56.581162Z,1771.0,C15DM49H,842,English,Yes,"No, I have no issues seeing colours",Man (including Trans Male/Trans Man),63,Male,White,United States,United States,United States,English,No,"Not in paid work (e.g. homemaker', 'retired or disabled)"
6a0cc7450ac998f262431cb4,69ca21e8059ce6bee25c12ef,RETURNED,Not Applicable,,,,2026-05-20T14:30:58.206008Z,,,1224,CONSENT_REVOKED,CONSENT_REVOKED,CONSENT_REVOKED,CONSENT_REVOKED,CONSENT_REVOKED,CONSENT_REVOKED,CONSENT_REVOKED,CONSENT_REVOKED,CONSENT_REVOKED,CONSENT_REVOKED,CONSENT_REVOKED,CONSENT_REVOKED,CONSENT_REVOKED
6a0cc7500eb79238874ee53b,69fba1d76bc977f982998a3a,RETURNED,Not Applicable,2026-05-19T20:25:58.577000Z,,,2026-05-20T14:30:58.676783Z,,,309,CONSENT_REVOKED,CONSENT_REVOKED,CONSENT_REVOKED,CONSENT_REVOKED,CONSENT_REVOKED,CONSENT_REVOKED,CONSENT_REVOKED,CONSENT_REVOKED,CONSENT_REVOKED,CONSENT_REVOKED,CONSENT_REVOKED,CONSENT_REVOKED,CONSENT_REVOKED
6a0cc7dc5f71a71ddc7554b4,699ad342af78e1d33af5c374,RETURNED,Not Applicable,2026-05-19T20:28:16.524000Z,,,2026-05-20T14:30:58.175108Z,,,236,CONSENT_REVOKED,CONSENT_REVOKED,CONSENT_REVOKED,CONSENT_REVOKED,CONSENT_REVOKED,CONSENT_REVOKED,CONSENT_REVOKED,CONSENT_REVOKED,CONSENT_REVOKED,CONSENT_REVOKED,CONSENT_REVOKED,CONSENT_REVOKED,CONSENT_REVOKED
6a0cc7f08d6199e1a24db7f2,66ab42bef7dd185ce15464eb,APPROVED,Not Applicable,2026-05-19T20:28:39.480000Z,2026-05-19T20:43:15.362000Z,2026-05-19T20:43:15.854000Z,2026-05-19T20:44:15.815233Z,876.0,C15DM49H,6587,"English, Chinese",Yes,"Yes, I'm colourblind",Man (including Trans Male/Trans Man),46,Male,Asian,Taiwan,United States,United States,Chinese,No,DATA_EXPIRED
6a0cc8428ed203f8732e1af3,69838c967c78c6ef18426fba,RETURNED,Not Applicable,2026-05-19T20:30:54.959000Z,,,2026-05-20T14:30:58.147715Z,,,4249,CONSENT_REVOKED,CONSENT_REVOKED,CONSENT_REVOKED,CONSENT_REVOKED,CONSENT_REVOKED,CONSENT_REVOKED,CONSENT_REVOKED,CONSENT_REVOKED,CONSENT_REVOKED,CONSENT_REVOKED,CONSENT_REVOKED,CONSENT_REVOKED,CONSENT_REVOKED
6a0cc86624a73f44242be03a,65ee154afdaf7eac7d0144c0,RETURNED,Not Applicable,2026-05-19T20:30:35.036000Z,,,2026-05-20T14:30:58.167419Z,,,4889,CONSENT_REVOKED,CONSENT_REVOKED,CONSENT_REVOKED,CONSENT_REVOKED,CONSENT_REVOKED,CONSENT_REVOKED,CONSENT_REVOKED,CONSENT_REVOKED,CONSENT_REVOKED,CONSENT_REVOKED,CONSENT_REVOKED,CONSENT_REVOKED,CONSENT_REVOKED
6a0cc8769c5476cc5e17019e,665f5744f064b435b440a803,APPROVED,Not Applicable,2026-05-19T20:30:51.018000Z,2026-05-19T20:44:49.152000Z,2026-05-19T20:44:49.616000Z,2026-05-19T20:45:49.559746Z,839.0,C15DM49H,1100,English,Yes,"No, I have no issues seeing colours",Woman (including Trans Female/Trans Woman),22,Female,White,United States,United States,United States,English,Yes,Full-Time
6a0cc8ce9f234c6ba96a59e1,6a0910707b57c547ae145a77,APPROVED,Not Applicable,2026-05-19T20:33:09.639000Z,2026-05-19T20:54:12.473000Z,2026-05-19T20:54:13.042000Z,2026-05-19T20:55:12.996561Z,1263.0,C15DM49H,25,"Spanish, English",Yes,"No, I have no issues seeing colours",Woman (including Trans Female/Trans Woman),24,Female,White,United States,United States,United States,English,Yes,Part-Time
6a0cc9e6add6bc647fe0b980,62e641e757a7c8640079fbd9,RETURNED,Not Applicable,2026-05-19T20:41:29.847000Z,,,2026-05-20T14:30:58.161590Z,,,4094,CONSENT_REVOKED,CONSENT_REVOKED,CONSENT_REVOKED,CONSENT_REVOKED,CONSENT_REVOKED,CONSENT_REVOKED,CONSENT_REVOKED,CONSENT_REVOKED,CONSENT_REVOKED,CONSENT_REVOKED,CONSENT_REVOKED,CONSENT_REVOKED,CONSENT_REVOKED
6a0cca812523f1cd479d7cb7,69dc0bb705c5528e019815eb,RETURNED,Not Applicable,2026-05-19T20:40:01.654000Z,,,2026-05-20T14:30:58.143602Z,,,208,CONSENT_REVOKED,CONSENT_REVOKED,CONSENT_REVOKED,CONSENT_REVOKED,CONSENT_REVOKED,CONSENT_REVOKED,CONSENT_REVOKED,CONSENT_REVOKED,CONSENT_REVOKED,CONSENT_REVOKED,CONSENT_REVOKED,CONSENT_REVOKED,CONSENT_REVOKED
6a0ccb0e7617179a3b872df5,652d8a4cd08c6435db58fd9b,RETURNED,Not Applicable,2026-05-19T20:43:07.612000Z,,,2026-05-20T14:30:58.137122Z,,,4202,CONSENT_REVOKED,CONSENT_REVOKED,CONSENT_REVOKED,CONSENT_REVOKED,CONSENT_REVOKED,CONSENT_REVOKED,CONSENT_REVOKED,CONSENT_REVOKED,CONSENT_REVOKED,CONSENT_REVOKED,CONSENT_REVOKED,CONSENT_REVOKED,CONSENT_REVOKED
6a0ccb6cd1b2f4453b466b5d,69ff92fbc83ad6c756a830ab,RETURNED,Not Applicable,2026-05-19T20:43:27.888000Z,,,2026-05-20T14:30:58.104105Z,,,224,CONSENT_REVOKED,CONSENT_REVOKED,CONSENT_REVOKED,CONSENT_REVOKED,CONSENT_REVOKED,CONSENT_REVOKED,CONSENT_REVOKED,CONSENT_REVOKED,CONSENT_REVOKED,CONSENT_REVOKED,CONSENT_REVOKED,CONSENT_REVOKED,CONSENT_REVOKED
6a0ccb70ca0af0ff7d7a1f38,69c0ae59e7e1aabc3d03cc78,RETURNED,Not Applicable,2026-05-19T20:43:54.077000Z,,,2026-05-20T14:30:58.190609Z,,,323,CONSENT_REVOKED,CONSENT_REVOKED,CONSENT_REVOKED,CONSENT_REVOKED,CONSENT_REVOKED,CONSENT_REVOKED,CONSENT_REVOKED,CONSENT_REVOKED,CONSENT_REVOKED,CONSENT_REVOKED,CONSENT_REVOKED,CONSENT_REVOKED,CONSENT_REVOKED
6a0ccbc29bac80cf896810f7,69fe17913afcbf224f7f1600,APPROVED,Not Applicable,2026-05-19T20:45:08.398000Z,2026-05-19T21:37:15.805000Z,2026-05-19T21:37:16.291000Z,2026-05-19T21:38:16.234250Z,3128.0,C15DM49H,91,English,Yes,"No, I have no issues seeing colours",Man (including Trans Male/Trans Man),47,Male,Asian,United States,United States,United States,English,No,Full-Time
6a0ccbdbdc44eb6129bc58ce,69e3d97f631f2d671134a3a7,APPROVED,Not Applicable,2026-05-19T20:47:45.386000Z,2026-05-19T20:58:08.390000Z,2026-05-19T20:58:08.852000Z,2026-05-19T20:59:08.814554Z,624.0,C15DM49H,606,"English, Hindi, Urdu, Spanish, Russian",Yes,"No, I have no issues seeing colours",Man (including Trans Male/Trans Man),48,Male,Asian,India,United States,United States,English,No,Full-Time
6a0ccbe89289ff3a3c4db7be,69c88b442f5656d52679abfa,APPROVED,Not Applicable,2026-05-19T20:45:34.473000Z,2026-05-19T21:11:06.801000Z,2026-05-19T21:11:07.336000Z,2026-05-19T21:12:07.234772Z,1533.0,C15DM49H,151,English,Yes,"No, I have no issues seeing colours",Man (including Trans Male/Trans Man),46,Male,White,United States,United States,United States,English,No,Full-Time
6a0ccc0f90e0ab3d16aaf5a1,6a03364e2d778ac888e1d18a,APPROVED,Not Applicable,2026-05-19T20:46:19.466000Z,2026-05-19T21:12:12.612000Z,2026-05-19T21:12:13.128000Z,2026-05-19T21:13:13.043928Z,1554.0,C15DM49H,25,English,Yes,"No, I have no issues seeing colours",Woman (including Trans Female/Trans Woman),33,Female,White,United States,United States,United States,English,No,Full-Time
6a0ccc19d48275570882ca0e,69efc8ef66636c8328eea40b,RETURNED,Not Applicable,,,,2026-05-20T14:30:58.156523Z,,,40,CONSENT_REVOKED,CONSENT_REVOKED,CONSENT_REVOKED,CONSENT_REVOKED,CONSENT_REVOKED,CONSENT_REVOKED,CONSENT_REVOKED,CONSENT_REVOKED,CONSENT_REVOKED,CONSENT_REVOKED,CONSENT_REVOKED,CONSENT_REVOKED,CONSENT_REVOKED
6a0ccc2300d35b7ce936d842,66a02d45a7db35d93c9f6a81,APPROVED,Not Applicable,2026-05-19T20:46:43.037000Z,2026-05-19T21:01:38.721000Z,2026-05-19T21:01:39.217000Z,2026-05-19T21:02:39.181138Z,896.0,C15DM49H,8064,English,Yes,"No, I have no issues seeing colours",Man (including Trans Male/Trans Man),27,Male,White,United States,United States,United States,English,Yes,Full-Time
6a0ccc2ea1df63acf498d14d,69edb5b9c3b82c709c528040,APPROVED,Not Applicable,2026-05-19T20:46:41.968000Z,2026-05-19T21:35:57.385000Z,2026-05-19T21:35:58.039000Z,2026-05-19T21:36:57.981419Z,2956.0,C15DM49H,259,English,Yes,"No, I have no issues seeing colours",Woman (including Trans Female/Trans Woman),47,Female,White,United States,United States,United States,English,Yes,Part-Time
6a0cccca1201341a5a3afb8d,69f840cc6437d5102f72cf45,APPROVED,Not Applicable,2026-05-19T20:49:20.561000Z,2026-05-19T21:09:06.818000Z,2026-05-19T21:09:07.279000Z,2026-05-19T21:10:07.247861Z,1187.0,C15DM49H,17,English,Yes,"No, I have no issues seeing colours",Woman (including Trans Female/Trans Woman),43,Female,White,United States,United States,United States,English,No,Unemployed (and job seeking)
6a0ccdd9c16477b4935ccb0d,69ca683b57e346da149ea380,APPROVED,Not Applicable,2026-05-19T20:54:03.405000Z,2026-05-19T21:18:23.714000Z,2026-05-19T21:18:24.209000Z,2026-05-19T21:19:24.133004Z,1461.0,C15DM49H,251,"English, Swahili",Yes,"No, I have no issues seeing colours",Woman (including Trans Female/Trans Woman),38,Female,Black,Tanzania,United States,Tanzania,English,No,Part-Time
6a0ccdfd645ad99684297dd5,6a0c05f3354d70102d672095,APPROVED,Not Applicable,2026-05-19T20:54:24.362000Z,2026-05-19T21:10:12.742000Z,2026-05-19T21:10:13.226000Z,2026-05-19T21:11:13.173298Z,949.0,C15DM49H,6,English,Yes,"No, I have no issues seeing colours",Man (including Trans Male/Trans Man),28,Male,White,United States,United States,United States,English,No,Unemployed (and job seeking)
6a0cce239f8ef9d9b8a9eacf,69c55b66d8ade7f9bd6109d6,APPROVED,Not Applicable,2026-05-19T20:55:09.354000Z,2026-05-19T21:09:55.420000Z,2026-05-19T21:09:55.925000Z,2026-05-19T21:10:55.882894Z,887.0,C15DM49H,1627,English,Yes,"Yes, I'm colourblind",Man (including Trans Male/Trans Man),30,Male,Black,United States,United States,United States,English,No,Full-Time
6a0cceef981b954c4d130ea0,66541006a1dd56700858320a,RETURNED,Not Applicable,2026-05-19T20:58:41.456000Z,,,2026-05-20T14:30:58.107609Z,,,5539,CONSENT_REVOKED,CONSENT_REVOKED,CONSENT_REVOKED,CONSENT_REVOKED,CONSENT_REVOKED,CONSENT_REVOKED,CONSENT_REVOKED,CONSENT_REVOKED,CONSENT_REVOKED,CONSENT_REVOKED,CONSENT_REVOKED,CONSENT_REVOKED,CONSENT_REVOKED
6a0ccfc1cd9e42946d11e29f,64135f3a5f83c8b43e569213,RETURNED,Not Applicable,2026-05-19T21:12:00.025000Z,,,2026-05-20T14:30:58.193548Z,,,1956,CONSENT_REVOKED,CONSENT_REVOKED,CONSENT_REVOKED,CONSENT_REVOKED,CONSENT_REVOKED,CONSENT_REVOKED,CONSENT_REVOKED,CONSENT_REVOKED,CONSENT_REVOKED,CONSENT_REVOKED,CONSENT_REVOKED,CONSENT_REVOKED,CONSENT_REVOKED
6a0cd00333d92237dbc90beb,69eb9aa32511bd79b8d72580,RETURNED,Not Applicable,2026-05-19T21:04:49.142000Z,,,2026-05-20T14:30:58.155840Z,,,367,CONSENT_REVOKED,CONSENT_REVOKED,CONSENT_REVOKED,CONSENT_REVOKED,CONSENT_REVOKED,CONSENT_REVOKED,CONSENT_REVOKED,CONSENT_REVOKED,CONSENT_REVOKED,CONSENT_REVOKED,CONSENT_REVOKED,CONSENT_REVOKED,CONSENT_REVOKED
6a0cd1794d93f7c310d4f98c,69e192c0923be458cafc9289,RETURNED,Not Applicable,,,,2026-05-20T14:30:58.157379Z,,,526,CONSENT_REVOKED,CONSENT_REVOKED,CONSENT_REVOKED,CONSENT_REVOKED,CONSENT_REVOKED,CONSENT_REVOKED,CONSENT_REVOKED,CONSENT_REVOKED,CONSENT_REVOKED,CONSENT_REVOKED,CONSENT_REVOKED,CONSENT_REVOKED,CONSENT_REVOKED
6a0cd18de07cc132a0897893,69c13c0ad9ea03501703d527,RETURNED,Not Applicable,2026-05-19T21:09:36.314000Z,,,2026-05-20T14:30:58.142031Z,,,1284,CONSENT_REVOKED,CONSENT_REVOKED,CONSENT_REVOKED,CONSENT_REVOKED,CONSENT_REVOKED,CONSENT_REVOKED,CONSENT_REVOKED,CONSENT_REVOKED,CONSENT_REVOKED,CONSENT_REVOKED,CONSENT_REVOKED,CONSENT_REVOKED,CONSENT_REVOKED
6a0cd1af3cef4f11cc6ba3e5,6a049dd5db9fd0bf8a46eb06,APPROVED,Not Applicable,2026-05-19T21:10:20.851000Z,2026-05-19T21:31:36.305000Z,2026-05-19T21:31:36.759000Z,2026-05-19T21:32:36.698221Z,1276.0,C15DM49H,40,English,Yes,"No, I have no issues seeing colours",Man (including Trans Male/Trans Man),37,Male,White,United States,United States,United States,English,No,Unemployed (and job seeking)
6a0cd1b707eea3569647d1e0,5c8d1bee1bb19f00019d519e,RETURNED,Not Applicable,2026-05-19T21:10:19.544000Z,,,2026-05-20T14:30:58.275662Z,,,3252,CONSENT_REVOKED,CONSENT_REVOKED,CONSENT_REVOKED,CONSENT_REVOKED,CONSENT_REVOKED,CONSENT_REVOKED,CONSENT_REVOKED,CONSENT_REVOKED,CONSENT_REVOKED,CONSENT_REVOKED,CONSENT_REVOKED,CONSENT_REVOKED,CONSENT_REVOKED
6a0cd1ec15c7f2a28ad8e077,69864a705614c15728117b35,APPROVED,Not Applicable,2026-05-19T21:11:37.954000Z,2026-05-19T21:37:52.464000Z,2026-05-19T21:37:57.956000Z,2026-05-19T21:38:52.869186Z,1575.0,C15DM49H,255,English,Yes,"No, I have no issues seeing colours",Woman (including Trans Female/Trans Woman),30,Female,Black,United States,United States,United States,English,Yes,Part-Time
6a0cd23000e3efc2d7e76c44,69ec8c0f83414539ee5e37e1,RETURNED,Not Applicable,,,,2026-05-20T14:30:58.166175Z,,,694,CONSENT_REVOKED,CONSENT_REVOKED,CONSENT_REVOKED,CONSENT_REVOKED,CONSENT_REVOKED,CONSENT_REVOKED,CONSENT_REVOKED,CONSENT_REVOKED,CONSENT_REVOKED,CONSENT_REVOKED,CONSENT_REVOKED,CONSENT_REVOKED,CONSENT_REVOKED
6a0cd2317cdea502935d9991,677c358117d1ac70048fd3c6,APPROVED,Not Applicable,2026-05-19T21:12:20.961000Z,2026-05-19T21:42:55.042000Z,2026-05-19T21:42:55.571000Z,2026-05-19T21:43:55.519816Z,1835.0,C15DM49H,6230,English,Yes,"No, I have no issues seeing colours",Man (including Trans Male/Trans Man),61,Male,White,Korea,United States,United States,English,No,Full-Time
6a0cd2433cc4e71e6a795e3e,69f0fecabc022355f9a7b13e,RETURNED,Not Applicable,2026-05-19T21:14:10.407000Z,,,2026-05-20T14:30:58.162519Z,,,142,CONSENT_REVOKED,CONSENT_REVOKED,CONSENT_REVOKED,CONSENT_REVOKED,CONSENT_REVOKED,CONSENT_REVOKED,CONSENT_REVOKED,CONSENT_REVOKED,CONSENT_REVOKED,CONSENT_REVOKED,CONSENT_REVOKED,CONSENT_REVOKED,CONSENT_REVOKED
6a0cd2621abfd771c7ffa43d,69daaab3449a7e94fc046b59,RETURNED,Not Applicable,2026-05-19T21:24:00.010000Z,,,2026-05-20T14:30:58.166828Z,,,271,CONSENT_REVOKED,CONSENT_REVOKED,CONSENT_REVOKED,CONSENT_REVOKED,CONSENT_REVOKED,CONSENT_REVOKED,CONSENT_REVOKED,CONSENT_REVOKED,CONSENT_REVOKED,CONSENT_REVOKED,CONSENT_REVOKED,CONSENT_REVOKED,CONSENT_REVOKED
6a0cd27f61378fd0b0c46c90,66ce77e3d21bb5b5d6a83d37,RETURNED,Not Applicable,2026-05-19T21:13:45.194000Z,,,2026-05-20T14:30:58.244301Z,,,5522,CONSENT_REVOKED,CONSENT_REVOKED,CONSENT_REVOKED,CONSENT_REVOKED,CONSENT_REVOKED,CONSENT_REVOKED,CONSENT_REVOKED,CONSENT_REVOKED,CONSENT_REVOKED,CONSENT_REVOKED,CONSENT_REVOKED,CONSENT_REVOKED,CONSENT_REVOKED
6a0cd3348fe069716b8b0f2e,69c59b8a6b1f26fc40d5eefd,RETURNED,Not Applicable,2026-05-19T21:16:40.276000Z,,,2026-05-20T14:30:58.204030Z,,,517,CONSENT_REVOKED,CONSENT_REVOKED,CONSENT_REVOKED,CONSENT_REVOKED,CONSENT_REVOKED,CONSENT_REVOKED,CONSENT_REVOKED,CONSENT_REVOKED,CONSENT_REVOKED,CONSENT_REVOKED,CONSENT_REVOKED,CONSENT_REVOKED,CONSENT_REVOKED
6a0cd37393cf085aa6c6383d,699baa937df1c60f51a20ed8,APPROVED,Not Applicable,2026-05-19T21:17:46.581000Z,2026-05-19T21:40:13.050000Z,2026-05-19T21:40:13.524000Z,2026-05-19T21:41:13.480960Z,1347.0,C15DM49H,27,English,Yes,"No, I have no issues seeing colours",Man (including Trans Male/Trans Man),31,Male,White,United States,United States,United States,English,No,Part-Time
6a0cd3ad2aff11bae91d60c0,698cf4f5bd1771d44bacdc21,RETURNED,Not Applicable,2026-05-19T21:18:46.797000Z,,,2026-05-20T14:30:58.214051Z,,,140,CONSENT_REVOKED,CONSENT_REVOKED,CONSENT_REVOKED,CONSENT_REVOKED,CONSENT_REVOKED,CONSENT_REVOKED,CONSENT_REVOKED,CONSENT_REVOKED,CONSENT_REVOKED,CONSENT_REVOKED,CONSENT_REVOKED,CONSENT_REVOKED,CONSENT_REVOKED
6a0cd3b4e901270ccb1e93b3,69ec47797558517100c34b99,RETURNED,Not Applicable,,,,2026-05-20T14:30:58.275349Z,,,129,CONSENT_REVOKED,CONSENT_REVOKED,CONSENT_REVOKED,CONSENT_REVOKED,CONSENT_REVOKED,CONSENT_REVOKED,CONSENT_REVOKED,CONSENT_REVOKED,CONSENT_REVOKED,CONSENT_REVOKED,CONSENT_REVOKED,CONSENT_REVOKED,CONSENT_REVOKED
6a0cd3bce83e6d4de06825fc,66e784f4fbbea5080adb18df,RETURNED,Not Applicable,2026-05-19T21:19:59.277000Z,,,2026-05-20T14:30:58.182850Z,,,1597,CONSENT_REVOKED,CONSENT_REVOKED,CONSENT_REVOKED,CONSENT_REVOKED,CONSENT_REVOKED,CONSENT_REVOKED,CONSENT_REVOKED,CONSENT_REVOKED,CONSENT_REVOKED,CONSENT_REVOKED,CONSENT_REVOKED,CONSENT_REVOKED,CONSENT_REVOKED
6a0cd4869b9128c37794f2ca,60fda57e0916dfe2157c9b00,APPROVED,Not Applicable,2026-05-19T21:22:17.703000Z,2026-05-19T21:37:22.346000Z,2026-05-19T21:37:22.853000Z,2026-05-19T21:38:22.784487Z,905.0,C15DM49H,13079,"English, Spanish, Russian",Yes,"No, I have no issues seeing colours",Woman (including Trans Female/Trans Woman),26,Female,White,United States,United States,United States,English,Yes,Full-Time
6a0cd49e252acd43611f81c8,668edefdca0cc6932d244203,RETURNED,Not Applicable,2026-05-19T21:22:53.564000Z,,,2026-05-20T14:30:58.211125Z,,,47,CONSENT_REVOKED,CONSENT_REVOKED,CONSENT_REVOKED,CONSENT_REVOKED,CONSENT_REVOKED,CONSENT_REVOKED,CONSENT_REVOKED,CONSENT_REVOKED,CONSENT_REVOKED,CONSENT_REVOKED,CONSENT_REVOKED,CONSENT_REVOKED,CONSENT_REVOKED
6a0cd4a68930dfd7aacf968f,6a0b6bb403f3271d126fa561,APPROVED,Not Applicable,2026-05-19T21:22:48.796000Z,2026-05-19T21:32:01.754000Z,2026-05-19T21:32:02.227000Z,2026-05-19T21:33:02.191717Z,553.0,C15DM49H,13,English,Yes,"No, I have no issues seeing colours",Woman (including Trans Female/Trans Woman),24,Female,White,United States,United States,United States,English,No,Full-Time
6a0cd4e7d1c224eb628a20cc,69f923c5393031a021a63e6d,RETURNED,Not Applicable,2026-05-19T21:23:54.986000Z,,,2026-05-20T14:30:58.229368Z,,,263,CONSENT_REVOKED,CONSENT_REVOKED,CONSENT_REVOKED,CONSENT_REVOKED,CONSENT_REVOKED,CONSENT_REVOKED,CONSENT_REVOKED,CONSENT_REVOKED,CONSENT_REVOKED,CONSENT_REVOKED,CONSENT_REVOKED,CONSENT_REVOKED,CONSENT_REVOKED
6a0cd4f0396d2524105a50f0,6a04a5a7e230bb73b88bd6e6,APPROVED,Not Applicable,2026-05-19T21:24:06.639000Z,2026-05-19T21:36:27.221000Z,2026-05-19T21:36:27.707000Z,2026-05-19T21:37:27.660811Z,741.0,C15DM49H,111,"English, Swahili",Yes,"No, I have no issues seeing colours",Woman (including Trans Female/Trans Woman),32,Female,Black,Kenya,United States,United States,English,No,Unemployed (and job seeking)
6a0cd507a2edb9f2fb45accc,5c6709ab926a5b0001eb29c1,RETURNED,Not Applicable,2026-05-19T21:24:27.209000Z,,,2026-05-20T14:30:58.225961Z,,,9231,CONSENT_REVOKED,CONSENT_REVOKED,CONSENT_REVOKED,CONSENT_REVOKED,CONSENT_REVOKED,CONSENT_REVOKED,CONSENT_REVOKED,CONSENT_REVOKED,CONSENT_REVOKED,CONSENT_REVOKED,CONSENT_REVOKED,CONSENT_REVOKED,CONSENT_REVOKED
6a0cd574f5347b2cfdb9f28c,6a065fe664d80b7cbd2ac1d0,APPROVED,Not Applicable,2026-05-19T21:26:12.251000Z,2026-05-19T21:37:52.358000Z,2026-05-19T21:37:52.872000Z,2026-05-19T21:38:52.796725Z,701.0,C15DM49H,18,English,Yes,"No, I have no issues seeing colours",Woman (including Trans Female/Trans Woman),18,Female,Black,United States,United States,United States,English,Yes,Unemployed (and job seeking)
6a0cd647654a6e0f45a7ae76,6760eb1bd8f2c26a870800b6,APPROVED,Not Applicable,2026-05-19T21:30:13.158000Z,2026-05-19T21:54:55.614000Z,2026-05-19T21:54:56.072000Z,2026-05-19T21:55:56.025071Z,1483.0,C15DM49H,1067,English,Yes,"No, I have no issues seeing colours",Man (including Trans Male/Trans Man),51,Male,Black,United States,United States,United States,English,No,Full-Time
6a0cd6c6d330442268c1f005,67fd8520a5dcf6eaa319fc52,RETURNED,Not Applicable,2026-05-19T21:31:54.052000Z,,,2026-05-20T14:30:58.888693Z,,,4394,CONSENT_REVOKED,CONSENT_REVOKED,CONSENT_REVOKED,CONSENT_REVOKED,CONSENT_REVOKED,CONSENT_REVOKED,CONSENT_REVOKED,CONSENT_REVOKED,CONSENT_REVOKED,CONSENT_REVOKED,CONSENT_REVOKED,CONSENT_REVOKED,CONSENT_REVOKED
6a0cd6d37493704f5d2fd49b,69dabb1f973f13dad9f97f99,APPROVED,Not Applicable,2026-05-19T21:32:07.322000Z,2026-05-19T21:45:16.100000Z,2026-05-19T21:45:16.604000Z,2026-05-19T21:46:16.539350Z,789.0,C15DM49H,501,English,Yes,"No, I have no issues seeing colours",Woman (including Trans Female/Trans Woman),51,Female,White,United States,United States,United States,English,No,Other
6a0cd7d84eda65084a54c155,69d682214d848b2b51675b6d,APPROVED,Not Applicable,2026-05-19T21:36:27.182000Z,2026-05-19T21:44:20.890000Z,2026-05-19T21:44:21.381000Z,2026-05-19T21:45:21.288163Z,474.0,C15DM49H,412,"English, Punjabi",Yes,"No, I have no issues seeing colours",Man (including Trans Male/Trans Man),48,Male,Asian,United States,United States,India,English,No,Full-Time
6a0cd7dc9becf6a035df49b0,69a5e7cdd7d1786977103e14,RETURNED,Not Applicable,2026-05-19T21:36:33.128000Z,,,2026-05-20T14:30:58.890568Z,,,546,CONSENT_REVOKED,CONSENT_REVOKED,CONSENT_REVOKED,CONSENT_REVOKED,CONSENT_REVOKED,CONSENT_REVOKED,CONSENT_REVOKED,CONSENT_REVOKED,CONSENT_REVOKED,CONSENT_REVOKED,CONSENT_REVOKED,CONSENT_REVOKED,CONSENT_REVOKED
6a0cd8130dbb98132b8d0adf,6a00a2e4a88496ca7335b00a,APPROVED,Not Applicable,2026-05-19T21:37:27.199000Z,2026-05-19T21:55:54.362000Z,2026-05-19T21:55:57.858000Z,2026-05-19T21:56:54.804329Z,1108.0,C15DM49H,20,English,Yes,"No, I have no issues seeing colours",Woman (including Trans Female/Trans Woman),27,Female,Mixed,United States,United States,United States,English,No,Full-Time
6a0cd82ea7b9a28ce4b4f32f,6a0b1f123021bc4847dd40ca,APPROVED,Not Applicable,2026-05-19T21:38:39.584000Z,2026-05-19T21:54:50.487000Z,2026-05-19T21:54:51Z,2026-05-19T21:55:50.926028Z,971.0,C15DM49H,17,English,Yes,"No, I have no issues seeing colours",Woman (including Trans Female/Trans Woman),25,Female,White,United States,United States,United States,English,Yes,Full-Time
6a0cd8329e1ddd3ab3eb18eb,69f632fea114f74fb9297d26,APPROVED,Not Applicable,2026-05-19T21:37:57.105000Z,2026-05-19T21:52:10.147000Z,2026-05-19T21:52:10.624000Z,2026-05-19T21:53:10.557287Z,854.0,C15DM49H,74,English,Yes,"No, I have no issues seeing colours",Woman (including Trans Female/Trans Woman),21,Female,White,United States,United States,United States,English,Yes,Unemployed (and job seeking)
6a0cd8332cf5b139095e45a5,69f8c36c372161ede5acc499,RETURNED,Not Applicable,2026-05-19T21:37:59.220000Z,,,2026-05-20T14:30:58.892068Z,,,158,CONSENT_REVOKED,CONSENT_REVOKED,CONSENT_REVOKED,CONSENT_REVOKED,CONSENT_REVOKED,CONSENT_REVOKED,CONSENT_REVOKED,CONSENT_REVOKED,CONSENT_REVOKED,CONSENT_REVOKED,CONSENT_REVOKED,CONSENT_REVOKED,CONSENT_REVOKED
6a0cd88983b0421d29204431,6a0545cdb77186ebff5a28ec,RETURNED,Not Applicable,2026-05-19T21:39:28.970000Z,,,2026-05-20T14:30:58.907593Z,,,29,CONSENT_REVOKED,CONSENT_REVOKED,CONSENT_REVOKED,CONSENT_REVOKED,CONSENT_REVOKED,CONSENT_REVOKED,CONSENT_REVOKED,CONSENT_REVOKED,CONSENT_REVOKED,CONSENT_REVOKED,CONSENT_REVOKED,CONSENT_REVOKED,CONSENT_REVOKED
6a0cd8a98bddfb344983f344,6718e196003d5cc872f1e3bc,RETURNED,Not Applicable,2026-05-19T21:39:59.936000Z,,,2026-05-20T14:30:58.896066Z,,,3069,CONSENT_REVOKED,CONSENT_REVOKED,CONSENT_REVOKED,CONSENT_REVOKED,CONSENT_REVOKED,CONSENT_REVOKED,CONSENT_REVOKED,CONSENT_REVOKED,CONSENT_REVOKED,CONSENT_REVOKED,CONSENT_REVOKED,CONSENT_REVOKED,CONSENT_REVOKED
6a0cd8c6fe7ef5965116f602,69d84b3a44cb243306f103e5,APPROVED,Not Applicable,2026-05-19T21:40:32.062000Z,2026-05-19T22:03:14.367000Z,2026-05-19T22:03:14.854000Z,2026-05-19T22:04:14.811194Z,1363.0,C15DM49H,145,"Spanish, English",Yes,"No, I have no issues seeing colours",Woman (including Trans Female/Trans Woman),45,Female,White,United States,United States,United States,English,No,Full-Time
6a0cd9472cf5b139095e45d1,69e6a58125397cb2600966e2,RETURNED,Not Applicable,2026-05-19T21:42:45.216000Z,,,2026-05-20T14:30:58.914874Z,,,265,CONSENT_REVOKED,CONSENT_REVOKED,CONSENT_REVOKED,CONSENT_REVOKED,CONSENT_REVOKED,CONSENT_REVOKED,CONSENT_REVOKED,CONSENT_REVOKED,CONSENT_REVOKED,CONSENT_REVOKED,CONSENT_REVOKED,CONSENT_REVOKED,CONSENT_REVOKED
6a0cd9640fa24166c3a69d3f,666a38c402882e9c592cafb0,APPROVED,Not Applicable,2026-05-19T21:43:00.932000Z,2026-05-19T22:07:05.543000Z,2026-05-19T22:07:06.040000Z,2026-05-19T22:08:05.957914Z,1445.0,C15DM49H,249,English,Yes,"No, I have no issues seeing colours",Woman (including Trans Female/Trans Woman),26,Female,Mixed,Philippines,United States,Philippines,English,No,Unemployed (and job seeking)
6a0cd9bbaffda120559aa5ba,69a820e8972e1518b6024151,APPROVED,Not Applicable,2026-05-19T21:44:37.134000Z,2026-05-19T22:00:30.821000Z,2026-05-19T22:00:31.298000Z,2026-05-19T22:01:31.307057Z,954.0,C15DM49H,1067,English,Yes,"No, I have no issues seeing colours",Man (including Trans Male/Trans Man),42,Male,White,United States,United States,United States,English,No,Unemployed (and job seeking)
6a0cd9ecf2fc9f61d5453d1f,659daa1ed4e13d6428103c1f,RETURNED,Not Applicable,2026-05-19T21:45:24.040000Z,,,2026-05-20T14:30:58.898933Z,,,10352,CONSENT_REVOKED,CONSENT_REVOKED,CONSENT_REVOKED,CONSENT_REVOKED,CONSENT_REVOKED,CONSENT_REVOKED,CONSENT_REVOKED,CONSENT_REVOKED,CONSENT_REVOKED,CONSENT_REVOKED,CONSENT_REVOKED,CONSENT_REVOKED,CONSENT_REVOKED
6a0cda9b6d540785b3ff7828,69d5edd6bf50920ff5e86076,APPROVED,Not Applicable,2026-05-19T21:48:15.463000Z,2026-05-19T22:16:14.974000Z,2026-05-19T22:16:15.449000Z,2026-05-19T22:17:15.391381Z,1680.0,C15DM49H,210,English,Yes,"No, I have no issues seeing colours",Woman (including Trans Female/Trans Woman),23,Female,White,United States,United States,United States,English,Yes,Other
6a0cdb8f4df53629811c3be8,697cbcc9f858be8bc4ac7352,APPROVED,Not Applicable,2026-05-19T21:52:19.601000Z,2026-05-19T22:09:07.810000Z,2026-05-19T22:09:08.284000Z,2026-05-19T22:10:08.236175Z,1009.0,C15DM49H,64,English,Yes,"No, I have no issues seeing colours",Woman (including Trans Female/Trans Woman),28,Female,White,United States,United States,United States,English,No,Full-Time
6a0cdb910a52bc3d47ebc557,6a0546ca8a33cb0add6e913e,RETURNED,Not Applicable,2026-05-19T21:52:23.122000Z,,,2026-05-20T14:30:58.901441Z,,,35,CONSENT_REVOKED,CONSENT_REVOKED,CONSENT_REVOKED,CONSENT_REVOKED,CONSENT_REVOKED,CONSENT_REVOKED,CONSENT_REVOKED,CONSENT_REVOKED,CONSENT_REVOKED,CONSENT_REVOKED,CONSENT_REVOKED,CONSENT_REVOKED,CONSENT_REVOKED
6a0cdc3baa215618751c6d78,69838d991c59483eb13a761b,RETURNED,Not Applicable,2026-05-19T21:55:36.872000Z,,,2026-05-20T14:30:58.902497Z,,,1153,CONSENT_REVOKED,CONSENT_REVOKED,CONSENT_REVOKED,CONSENT_REVOKED,CONSENT_REVOKED,CONSENT_REVOKED,CONSENT_REVOKED,CONSENT_REVOKED,CONSENT_REVOKED,CONSENT_REVOKED,CONSENT_REVOKED,CONSENT_REVOKED,CONSENT_REVOKED
6a0cdc3cc31d44959c9a70e0,662ee93d2b8c4a2443c1934a,RETURNED,Not Applicable,,,,2026-05-20T14:30:58.902876Z,,,1173,CONSENT_REVOKED,CONSENT_REVOKED,CONSENT_REVOKED,CONSENT_REVOKED,CONSENT_REVOKED,CONSENT_REVOKED,CONSENT_REVOKED,CONSENT_REVOKED,CONSENT_REVOKED,CONSENT_REVOKED,CONSENT_REVOKED,CONSENT_REVOKED,CONSENT_REVOKED
6a0cdc51b4db5426f2f8bc3e,69ae12d80506881fd73a0a78,RETURNED,Not Applicable,2026-05-19T21:55:37.822000Z,,,2026-05-20T14:30:58.903661Z,,,634,CONSENT_REVOKED,CONSENT_REVOKED,CONSENT_REVOKED,CONSENT_REVOKED,CONSENT_REVOKED,CONSENT_REVOKED,CONSENT_REVOKED,CONSENT_REVOKED,CONSENT_REVOKED,CONSENT_REVOKED,CONSENT_REVOKED,CONSENT_REVOKED,CONSENT_REVOKED
6a0cdc6adab044b1d9ffaaa9,6695541a6e0d986b02c25dd9,RETURNED,Not Applicable,2026-05-19T21:58:17.086000Z,,,2026-05-20T14:30:58.906069Z,,,2245,CONSENT_REVOKED,CONSENT_REVOKED,CONSENT_REVOKED,CONSENT_REVOKED,CONSENT_REVOKED,CONSENT_REVOKED,CONSENT_REVOKED,CONSENT_REVOKED,CONSENT_REVOKED,CONSENT_REVOKED,CONSENT_REVOKED,CONSENT_REVOKED,CONSENT_REVOKED
6a0cdc8eede493801b4f555a,69cbebf9f29ebd850c6f8007,APPROVED,Not Applicable,2026-05-19T21:56:46.291000Z,2026-05-19T22:15:13.670000Z,2026-05-19T22:15:14.155000Z,2026-05-19T22:16:14.117901Z,1108.0,C15DM49H,618,"Italian, English",Yes,"No, I have no issues seeing colours",Woman (including Trans Female/Trans Woman),56,Female,White,Italy,United States,United States,Italian,No,Full-Time
6a0cdcba88a2fb60c9185f1e,69f266f971c235bb105ed277,APPROVED,Not Applicable,2026-05-19T21:57:22.541000Z,2026-05-19T22:17:45.475000Z,2026-05-19T22:17:45.951000Z,2026-05-19T22:18:45.886356Z,1223.0,C15DM49H,150,English,Yes,"Yes, I'm colourblind",Man (including Trans Male/Trans Man),34,Male,White,United States,United States,United States,English,No,Part-Time
6a0cdd16e86f35f79ca90f9f,69ec3060e55151aa2c8e9a0f,RETURNED,Not Applicable,2026-05-19T21:58:48.884000Z,,,2026-05-20T14:30:58.907194Z,,,310,CONSENT_REVOKED,CONSENT_REVOKED,CONSENT_REVOKED,CONSENT_REVOKED,CONSENT_REVOKED,CONSENT_REVOKED,CONSENT_REVOKED,CONSENT_REVOKED,CONSENT_REVOKED,CONSENT_REVOKED,CONSENT_REVOKED,CONSENT_REVOKED,CONSENT_REVOKED
6a0cdd2237c3ece0baebc51d,5dd1f583946f7c24ccfae358,APPROVED,Not Applicable,2026-05-19T21:59:04.527000Z,2026-05-19T22:26:41.877000Z,2026-05-19T22:26:42.400000Z,2026-05-19T22:27:42.323692Z,1658.0,C15DM49H,3300,English,Yes,"No, I have no issues seeing colours",Woman (including Trans Female/Trans Woman),33,Female,Black,United States,United States,United States,English,No,"Not in paid work (e.g. homemaker', 'retired or disabled)"
6a0cdd665f79d056adaf457a,69a9281ccac0c9b7a39d1f87,RETURNED,Not Applicable,2026-05-19T22:00:10.880000Z,,,2026-05-20T14:30:58.908420Z,,,422,CONSENT_REVOKED,CONSENT_REVOKED,CONSENT_REVOKED,CONSENT_REVOKED,CONSENT_REVOKED,CONSENT_REVOKED,CONSENT_REVOKED,CONSENT_REVOKED,CONSENT_REVOKED,CONSENT_REVOKED,CONSENT_REVOKED,CONSENT_REVOKED,CONSENT_REVOKED
6a0cdd8667e221447981cbaf,69f01146c14819166bd0ebe8,APPROVED,Not Applicable,2026-05-19T22:00:41.857000Z,2026-05-19T22:11:33.997000Z,2026-05-19T22:11:34.486000Z,2026-05-19T22:12:34.436756Z,653.0,C15DM49H,166,English,Yes,"No, I have no issues seeing colours",Woman (including Trans Female/Trans Woman),32,Female,White,United States,United States,United States,English,No,Full-Time
6a0cddcc4a7008978bebeccd,69befa2e133968bfac9921bb,RETURNED,Not Applicable,2026-05-19T22:01:54.389000Z,,,2026-05-20T14:30:58.908546Z,,,628,CONSENT_REVOKED,CONSENT_REVOKED,CONSENT_REVOKED,CONSENT_REVOKED,CONSENT_REVOKED,CONSENT_REVOKED,CONSENT_REVOKED,CONSENT_REVOKED,CONSENT_REVOKED,CONSENT_REVOKED,CONSENT_REVOKED,CONSENT_REVOKED,CONSENT_REVOKED
6a0cde23e4bbc8b642765ec8,69fe59a2cc05aacf5c5fcba6,APPROVED,Not Applicable,2026-05-19T22:03:19.868000Z,2026-05-19T22:34:55.886000Z,2026-05-19T22:34:56.351000Z,2026-05-19T22:35:56.301317Z,1897.0,C15DM49H,125,English,Yes,"No, I have no issues seeing colours",Man (including Trans Male/Trans Man),36,Male,White,United States,United States,United States,English,No,Full-Time
6a0cdf1d078ff4c6d0f8bc3d,69cd5dcb8a87891b72f6ebf1,RETURNED,Not Applicable,2026-05-19T22:07:28.671000Z,,,2026-05-20T14:30:58.910952Z,,,465,CONSENT_REVOKED,CONSENT_REVOKED,CONSENT_REVOKED,CONSENT_REVOKED,CONSENT_REVOKED,CONSENT_REVOKED,CONSENT_REVOKED,CONSENT_REVOKED,CONSENT_REVOKED,CONSENT_REVOKED,CONSENT_REVOKED,CONSENT_REVOKED,CONSENT_REVOKED
6a0cdf8a86069321f9c63801,6a0494651129b830f3455094,APPROVED,Not Applicable,2026-05-19T22:09:19.017000Z,2026-05-19T22:44:32.191000Z,2026-05-19T22:44:32.669000Z,2026-05-19T22:45:32.627120Z,2114.0,C15DM49H,90,English,Yes,"No, I have no issues seeing colours",Non-binary (would like to give more detail),36,Male,White,United States,United States,United States,English,No,"Not in paid work (e.g. homemaker', 'retired or disabled)"
6a0ce01f397f6090523e5cba,69d3e8bd51487f95e5c18e9f,REJECTED,Not Applicable,2026-05-19T22:11:48.643000Z,2026-05-19T22:18:21.025000Z,2026-05-20T14:30:12.551000Z,2026-05-20T14:30:58.912796Z,393.0,C15DM49H,20,CONSENT_REVOKED,CONSENT_REVOKED,CONSENT_REVOKED,CONSENT_REVOKED,CONSENT_REVOKED,CONSENT_REVOKED,CONSENT_REVOKED,CONSENT_REVOKED,CONSENT_REVOKED,CONSENT_REVOKED,CONSENT_REVOKED,CONSENT_REVOKED,CONSENT_REVOKED
6a0ce0caed8ffb73fa613958,660b8a64848fe5d8cc2c5444,RETURNED,Not Applicable,,,,2026-05-20T14:30:58.915581Z,,,2239,CONSENT_REVOKED,CONSENT_REVOKED,CONSENT_REVOKED,CONSENT_REVOKED,CONSENT_REVOKED,CONSENT_REVOKED,CONSENT_REVOKED,CONSENT_REVOKED,CONSENT_REVOKED,CONSENT_REVOKED,CONSENT_REVOKED,CONSENT_REVOKED,CONSENT_REVOKED
6a0ce0e6d73d5601f260361e,69b72d785c20e3f3bfcae82f,APPROVED,Not Applicable,2026-05-19T22:21:19.766000Z,2026-05-19T22:50:14.230000Z,2026-05-19T22:50:14.663000Z,2026-05-19T22:51:14.623717Z,1735.0,C15DM49H,248,English,Yes,"No, I have no issues seeing colours",Man (including Trans Male/Trans Man),35,Male,Asian,United States,United States,United States,English,Yes,Full-Time
6a0ce0f5e4073d0244ee1f74,67adfd79c179f9be2ab96114,RETURNED,Not Applicable,2026-05-19T22:15:21.960000Z,,,2026-05-20T14:30:58.917208Z,,,757,CONSENT_REVOKED,CONSENT_REVOKED,CONSENT_REVOKED,CONSENT_REVOKED,CONSENT_REVOKED,CONSENT_REVOKED,CONSENT_REVOKED,CONSENT_REVOKED,CONSENT_REVOKED,CONSENT_REVOKED,CONSENT_REVOKED,CONSENT_REVOKED,CONSENT_REVOKED
6a0ce0fbf0726b21f18cf233,6a0746483ccc1f74b14ef9e0,RETURNED,Not Applicable,,,,2026-05-20T14:30:58.922421Z,,,39,CONSENT_REVOKED,CONSENT_REVOKED,CONSENT_REVOKED,CONSENT_REVOKED,CONSENT_REVOKED,CONSENT_REVOKED,CONSENT_REVOKED,CONSENT_REVOKED,CONSENT_REVOKED,CONSENT_REVOKED,CONSENT_REVOKED,CONSENT_REVOKED,CONSENT_REVOKED
6a0ce1024d5436f1d8f5b6da,6704aaad38d6cca3e2221270,APPROVED,Not Applicable,2026-05-19T22:15:33.740000Z,2026-05-19T22:34:38.038000Z,2026-05-19T22:34:38.523000Z,2026-05-19T22:35:38.453884Z,1145.0,C15DM49H,2093,English,Yes,"No, I have no issues seeing colours",Woman (including Trans Female/Trans Woman),25,Female,Black,United States,United States,United States,English,No,Unemployed (and job seeking)
6a0ce13038565a3e5107c801,69f5f249e367743b60390700,APPROVED,Not Applicable,2026-05-19T22:16:22.944000Z,2026-05-19T22:32:58.988000Z,2026-05-19T22:32:59.467000Z,2026-05-19T22:33:59.437398Z,997.0,C15DM49H,257,English,Yes,"No, I have no issues seeing colours",Man (including Trans Male/Trans Man),22,Male,Black,United States,United States,United States,English,Yes,Full-Time
6a0ce14215bb58e213c207b3,6a04cfd5f238e290a0746a15,RETURNED,Not Applicable,2026-05-19T22:16:49.871000Z,,,2026-05-20T14:30:58.924241Z,,,35,CONSENT_REVOKED,CONSENT_REVOKED,CONSENT_REVOKED,CONSENT_REVOKED,CONSENT_REVOKED,CONSENT_REVOKED,CONSENT_REVOKED,CONSENT_REVOKED,CONSENT_REVOKED,CONSENT_REVOKED,CONSENT_REVOKED,CONSENT_REVOKED,CONSENT_REVOKED
6a0ce18c585cb1e1be88e971,664e835c732628231a08fff5,APPROVED,Not Applicable,2026-05-19T22:25:15.605000Z,2026-05-19T23:09:25.579000Z,2026-05-19T23:09:26.663000Z,2026-05-19T23:10:26.613400Z,2650.0,C15DM49H,2134,English,Yes,"No, I have no issues seeing colours",Woman (including Trans Female/Trans Woman),31,Female,White,United States,United States,United States,English,No,Full-Time
6a0ce1aea006a053bc2d7eec,69a9bdaf2a946f1de7c6eca1,APPROVED,Not Applicable,2026-05-19T22:18:28.586000Z,2026-05-19T22:34:21.519000Z,2026-05-20T17:47:39.094000Z,2026-05-19T22:34:21.863245Z,953.0,NOCODE,45,English,Yes,"No, I have no issues seeing colours",Man (including Trans Male/Trans Man),68,Male,White,United States,United States,United States,English,No,Unemployed (and job seeking)
6a0ce2c13ed49d93f8ec0549,69fe9e67a20599144f688b50,APPROVED,Not Applicable,2026-05-19T22:23:05.921000Z,2026-05-19T22:36:37.925000Z,2026-05-19T22:36:38.377000Z,2026-05-19T22:37:38.322169Z,813.0,C15DM49H,209,English,Yes,"No, I have no issues seeing colours",Woman (including Trans Female/Trans Woman),34,Female,White,United States,United States,United States,English,No,Full-Time
6a0ce3af151de601e0cf30d8,69d8f8c872f148b282eed3cc,RETURNED,Not Applicable,2026-05-19T22:27:06.932000Z,,,2026-05-20T14:30:58.926513Z,,,55,CONSENT_REVOKED,CONSENT_REVOKED,CONSENT_REVOKED,CONSENT_REVOKED,CONSENT_REVOKED,CONSENT_REVOKED,CONSENT_REVOKED,CONSENT_REVOKED,CONSENT_REVOKED,CONSENT_REVOKED,CONSENT_REVOKED,CONSENT_REVOKED,CONSENT_REVOKED
6a0ce3af3c00e73335253a5a,5b735a4c3503c60001a891b7,APPROVED,Not Applicable,2026-05-19T22:29:46.644000Z,2026-05-19T22:56:29.733000Z,2026-05-19T22:56:30.187000Z,2026-05-19T22:57:30.144102Z,1604.0,C15DM49H,6375,English,Yes,"No, I have no issues seeing colours",Woman (including Trans Female/Trans Woman),31,Female,White,United States,United States,United States,English,No,Part-Time
6a0ce5250f93edd3e2f67d57,6a03cc94bc244ef4fa3a93ee,RETURNED,Not Applicable,2026-05-19T22:33:13.833000Z,,,2026-05-20T14:30:58.930520Z,,,85,CONSENT_REVOKED,CONSENT_REVOKED,CONSENT_REVOKED,CONSENT_REVOKED,CONSENT_REVOKED,CONSENT_REVOKED,CONSENT_REVOKED,CONSENT_REVOKED,CONSENT_REVOKED,CONSENT_REVOKED,CONSENT_REVOKED,CONSENT_REVOKED,CONSENT_REVOKED
6a0ce534da83290fa7572bf3,6a047c2b564eab2dd106065c,RETURNED,Not Applicable,2026-05-19T22:33:24.615000Z,,,2026-05-20T14:30:58.924919Z,,,46,CONSENT_REVOKED,CONSENT_REVOKED,CONSENT_REVOKED,CONSENT_REVOKED,CONSENT_REVOKED,CONSENT_REVOKED,CONSENT_REVOKED,CONSENT_REVOKED,CONSENT_REVOKED,CONSENT_REVOKED,CONSENT_REVOKED,CONSENT_REVOKED,CONSENT_REVOKED
6a0ce575dc1f6be42211e290,695f92bad900ff02f001fd06,APPROVED,Not Applicable,2026-05-19T22:34:39.659000Z,2026-05-19T22:49:30.603000Z,2026-05-19T22:49:31.037000Z,2026-05-19T22:50:30.991376Z,891.0,C15DM49H,126,English,Yes,"No, I have no issues seeing colours",Man (including Trans Male/Trans Man),33,Male,Other,United States,United States,United States,English,No,Full-Time
6a0ce587e462a0674c1c3c38,69c1579cb863ab3456bd3f68,RETURNED,Not Applicable,2026-05-19T22:34:50.440000Z,,,2026-05-20T14:30:58.923914Z,,,982,CONSENT_REVOKED,CONSENT_REVOKED,CONSENT_REVOKED,CONSENT_REVOKED,CONSENT_REVOKED,CONSENT_REVOKED,CONSENT_REVOKED,CONSENT_REVOKED,CONSENT_REVOKED,CONSENT_REVOKED,CONSENT_REVOKED,CONSENT_REVOKED,CONSENT_REVOKED
6a0ce59123f9f98b4f86734c,698befe13322c6b9e901eecb,RETURNED,Not Applicable,2026-05-19T22:35:02.373000Z,,,2026-05-20T14:30:58.936031Z,,,1808,CONSENT_REVOKED,CONSENT_REVOKED,CONSENT_REVOKED,CONSENT_REVOKED,CONSENT_REVOKED,CONSENT_REVOKED,CONSENT_REVOKED,CONSENT_REVOKED,CONSENT_REVOKED,CONSENT_REVOKED,CONSENT_REVOKED,CONSENT_REVOKED,CONSENT_REVOKED
6a0ce5b43ed49d93f8ec0599,5e8fe87009881f2ee83521fb,RETURNED,Not Applicable,,,,2026-05-20T14:30:58.940236Z,,,5419,CONSENT_REVOKED,CONSENT_REVOKED,CONSENT_REVOKED,CONSENT_REVOKED,CONSENT_REVOKED,CONSENT_REVOKED,CONSENT_REVOKED,CONSENT_REVOKED,CONSENT_REVOKED,CONSENT_REVOKED,CONSENT_REVOKED,CONSENT_REVOKED,CONSENT_REVOKED
6a0ce5bf1a181b169deb1927,6941ad1c7e8b932ff5e7e7ee,APPROVED,Not Applicable,2026-05-19T22:36:02.137000Z,2026-05-19T22:59:09.291000Z,2026-05-19T22:59:09.756000Z,2026-05-19T23:00:09.718635Z,1388.0,C15DM49H,1740,English,Yes,"No, I have no issues seeing colours",Woman (including Trans Female/Trans Woman),48,Female,White,United States,United States,United States,English,No,Full-Time
6a0ce5c21e723aa1d142eb0b,655f9bb3070d42d4bc67e866,RETURNED,Not Applicable,2026-05-19T22:36:03.571000Z,,,2026-05-20T14:30:58.937430Z,,,9755,CONSENT_REVOKED,CONSENT_REVOKED,CONSENT_REVOKED,CONSENT_REVOKED,CONSENT_REVOKED,CONSENT_REVOKED,CONSENT_REVOKED,CONSENT_REVOKED,CONSENT_REVOKED,CONSENT_REVOKED,CONSENT_REVOKED,CONSENT_REVOKED,CONSENT_REVOKED
6a0ce5fa18ccd04d9a31e06e,69b1ecdf7a7b83546dff9a7d,APPROVED,Not Applicable,2026-05-19T22:36:51.141000Z,2026-05-19T23:02:14.257000Z,2026-05-20T17:47:43.931000Z,2026-05-19T23:02:14.605176Z,1524.0,C13V26VD,96,English,Yes,"No, I have no issues seeing colours",Woman (including Trans Female/Trans Woman),36,Female,White,United States,United States,United States,English,No,Other
6a0ce64cbc5f017e5cff7813,674ca794941ad6898969714b,RETURNED,Not Applicable,2026-05-19T22:38:12.516000Z,,,2026-05-20T14:30:58.938574Z,,,1530,CONSENT_REVOKED,CONSENT_REVOKED,CONSENT_REVOKED,CONSENT_REVOKED,CONSENT_REVOKED,CONSENT_REVOKED,CONSENT_REVOKED,CONSENT_REVOKED,CONSENT_REVOKED,CONSENT_REVOKED,CONSENT_REVOKED,CONSENT_REVOKED,CONSENT_REVOKED
6a0ce68014b91af1b8170196,698b6cca8dab9f42bd9cf63e,RETURNED,Not Applicable,2026-05-19T22:39:02.498000Z,,,2026-05-20T14:30:58.957453Z,,,376,CONSENT_REVOKED,CONSENT_REVOKED,CONSENT_REVOKED,CONSENT_REVOKED,CONSENT_REVOKED,CONSENT_REVOKED,CONSENT_REVOKED,CONSENT_REVOKED,CONSENT_REVOKED,CONSENT_REVOKED,CONSENT_REVOKED,CONSENT_REVOKED,CONSENT_REVOKED
6a0ce6d4605280a61eaf20d1,6a0104f7ab4c6110b0c32625,RETURNED,Not Applicable,2026-05-19T22:40:23.388000Z,,,2026-05-20T14:30:58.952792Z,,,37,CONSENT_REVOKED,CONSENT_REVOKED,CONSENT_REVOKED,CONSENT_REVOKED,CONSENT_REVOKED,CONSENT_REVOKED,CONSENT_REVOKED,CONSENT_REVOKED,CONSENT_REVOKED,CONSENT_REVOKED,CONSENT_REVOKED,CONSENT_REVOKED,CONSENT_REVOKED
6a0ce7353d03f824bcd1063e,69fe89c667d2daf3d480d753,APPROVED,Not Applicable,2026-05-19T22:42:15.829000Z,2026-05-19T23:13:06.722000Z,2026-05-19T23:13:07.210000Z,2026-05-19T23:14:07.158591Z,1851.0,C15DM49H,351,English,Yes,"Yes, I'm colourblind",Man (including Trans Male/Trans Man),36,Male,Asian,Korea,United States,United States,English,No,Full-Time
6a0ce7d8cec03808f149d72e,69e15e0c11091d04f3106a07,RETURNED,Not Applicable,2026-05-19T22:45:07.708000Z,,,2026-05-20T14:30:58.952004Z,,,457,CONSENT_REVOKED,CONSENT_REVOKED,CONSENT_REVOKED,CONSENT_REVOKED,CONSENT_REVOKED,CONSENT_REVOKED,CONSENT_REVOKED,CONSENT_REVOKED,CONSENT_REVOKED,CONSENT_REVOKED,CONSENT_REVOKED,CONSENT_REVOKED,CONSENT_REVOKED
6a0ce8b48c3e50cc87ff77f9,67588df7242d02a6ae8e3fbf,RETURNED,Not Applicable,2026-05-19T22:48:40.234000Z,,,2026-05-20T14:30:58.953358Z,,,1588,CONSENT_REVOKED,CONSENT_REVOKED,CONSENT_REVOKED,CONSENT_REVOKED,CONSENT_REVOKED,CONSENT_REVOKED,CONSENT_REVOKED,CONSENT_REVOKED,CONSENT_REVOKED,CONSENT_REVOKED,CONSENT_REVOKED,CONSENT_REVOKED,CONSENT_REVOKED
6a0ce8bc77ca1e08e7ac8dfe,69eea2cb76066b446d9833eb,RETURNED,Not Applicable,2026-05-19T22:48:32.119000Z,,,2026-05-20T14:30:58.958460Z,,,329,CONSENT_REVOKED,CONSENT_REVOKED,CONSENT_REVOKED,CONSENT_REVOKED,CONSENT_REVOKED,CONSENT_REVOKED,CONSENT_REVOKED,CONSENT_REVOKED,CONSENT_REVOKED,CONSENT_REVOKED,CONSENT_REVOKED,CONSENT_REVOKED,CONSENT_REVOKED
6a0ce8fd2bea2855ef56016a,6781163e42dd9b1176a29412,APPROVED,Not Applicable,2026-05-19T22:49:47.970000Z,2026-05-19T23:08:18.263000Z,2026-05-19T23:08:18.764000Z,2026-05-19T23:09:18.692280Z,1111.0,C15DM49H,3643,"English, Spanish, Vietnamese",Yes,"No, I have no issues seeing colours",Man (including Trans Male/Trans Man),20,Male,Asian,Vietnam,United States,United States,English,DATA_EXPIRED,DATA_EXPIRED
6a0ce93a3238d0105bafd2fb,627a65a2439f59544115d476,APPROVED,Not Applicable,2026-05-19T22:50:40.274000Z,2026-05-19T23:04:37.722000Z,2026-05-19T23:04:38.206000Z,2026-05-19T23:05:38.167812Z,838.0,C15DM49H,12530,English,Yes,"No, I have no issues seeing colours",Woman (including Trans Female/Trans Woman),31,Female,White,United States,United States,United States,English,No,Full-Time
6a0ce93e79b560179449e6c1,58d165dff7a08b000176c54c,APPROVED,Not Applicable,2026-05-19T22:50:44.687000Z,2026-05-19T23:09:40.761000Z,2026-05-19T23:09:41.202000Z,2026-05-19T23:10:41.158967Z,1137.0,C15DM49H,2902,English,Yes,"No, I have no issues seeing colours",Woman (including Trans Female/Trans Woman),30,Female,Black,United States,United States,United States,English,DATA_EXPIRED,DATA_EXPIRED
6a0ce945a89e5df146b8c07c,65e6edd1a876f1d8487f379b,RETURNED,Not Applicable,2026-05-19T22:51:02.187000Z,,,2026-05-20T14:30:58.959687Z,,,1330,CONSENT_REVOKED,CONSENT_REVOKED,CONSENT_REVOKED,CONSENT_REVOKED,CONSENT_REVOKED,CONSENT_REVOKED,CONSENT_REVOKED,CONSENT_REVOKED,CONSENT_REVOKED,CONSENT_REVOKED,CONSENT_REVOKED,CONSENT_REVOKED,CONSENT_REVOKED
6a0ceaadd377ab327da41199,6a09202e28e3949f1ed7212a,RETURNED,Not Applicable,2026-05-19T22:56:49.378000Z,,,2026-05-20T14:30:58.961847Z,,,36,CONSENT_REVOKED,CONSENT_REVOKED,CONSENT_REVOKED,CONSENT_REVOKED,CONSENT_REVOKED,CONSENT_REVOKED,CONSENT_REVOKED,CONSENT_REVOKED,CONSENT_REVOKED,CONSENT_REVOKED,CONSENT_REVOKED,CONSENT_REVOKED,CONSENT_REVOKED
6a0ceb45e645867f4fec49b0,5f1cfb978d05fc1a2baf7b58,APPROVED,Not Applicable,2026-05-19T22:59:20.248000Z,2026-05-19T23:09:42.093000Z,2026-05-19T23:09:42.545000Z,2026-05-19T23:10:42.514312Z,622.0,C15DM49H,3273,English,Yes,"No, I have no issues seeing colours",Man (including Trans Male/Trans Man),24,Male,Other,Puerto Rico,United States,United States,Spanish,Yes,Part-Time
6a0ceb9f2b85acc27bee8bf3,5e556536e1cbcd56c3a50342,APPROVED,Not Applicable,2026-05-19T23:00:52.455000Z,2026-05-19T23:14:01.595000Z,2026-05-19T23:14:02.057000Z,2026-05-19T23:15:02.019405Z,790.0,C15DM49H,3637,English,Yes,"No, I have no issues seeing colours",Woman (including Trans Female/Trans Woman),45,Female,White,United States,United States,United States,English,No,Part-Time
6a0ceba0f82a5d0c4485b47d,6508adaced024f8da237ff03,RETURNED,Not Applicable,2026-05-19T23:00:51.754000Z,,,2026-05-20T14:30:58.967814Z,,,4020,CONSENT_REVOKED,CONSENT_REVOKED,CONSENT_REVOKED,CONSENT_REVOKED,CONSENT_REVOKED,CONSENT_REVOKED,CONSENT_REVOKED,CONSENT_REVOKED,CONSENT_REVOKED,CONSENT_REVOKED,CONSENT_REVOKED,CONSENT_REVOKED,CONSENT_REVOKED
6a0cebf7de5d87dd74eda400,67bdede0d97a75bbf02362eb,APPROVED,Not Applicable,2026-05-19T23:02:18.746000Z,2026-05-19T23:31:34.718000Z,2026-05-19T23:31:35.168000Z,2026-05-19T23:32:35.177771Z,1756.0,C15DM49H,1203,English,Yes,"No, I have no issues seeing colours",Woman (including Trans Female/Trans Woman),56,Female,White,United States,United States,United States,English,No,Unemployed (and job seeking)
6a0cec0424be60b917b9f292,69afafce3f7970642a6dc071,RETURNED,Not Applicable,,,,2026-05-20T14:30:58.966398Z,,,722,CONSENT_REVOKED,CONSENT_REVOKED,CONSENT_REVOKED,CONSENT_REVOKED,CONSENT_REVOKED,CONSENT_REVOKED,CONSENT_REVOKED,CONSENT_REVOKED,CONSENT_REVOKED,CONSENT_REVOKED,CONSENT_REVOKED,CONSENT_REVOKED,CONSENT_REVOKED
6a0cec133d30a00aefde2152,664aa55ce849bcd782008c64,RETURNED,Not Applicable,,,,2026-05-20T14:30:58.964216Z,,,3809,CONSENT_REVOKED,CONSENT_REVOKED,CONSENT_REVOKED,CONSENT_REVOKED,CONSENT_REVOKED,CONSENT_REVOKED,CONSENT_REVOKED,CONSENT_REVOKED,CONSENT_REVOKED,CONSENT_REVOKED,CONSENT_REVOKED,CONSENT_REVOKED,CONSENT_REVOKED
6a0cec24d4c49e37774083dc,6941b02a8799492b8646e6a0,RETURNED,Not Applicable,2026-05-19T23:08:04.913000Z,,,2026-05-20T14:30:58.964138Z,,,1450,CONSENT_REVOKED,CONSENT_REVOKED,CONSENT_REVOKED,CONSENT_REVOKED,CONSENT_REVOKED,CONSENT_REVOKED,CONSENT_REVOKED,CONSENT_REVOKED,CONSENT_REVOKED,CONSENT_REVOKED,CONSENT_REVOKED,CONSENT_REVOKED,CONSENT_REVOKED
6a0cec5fa8436bf9646966c7,6615aed03fed011950173323,APPROVED,Not Applicable,2026-05-19T23:04:02.912000Z,2026-05-19T23:28:26.711000Z,2026-05-19T23:28:27.175000Z,2026-05-19T23:29:27.141576Z,1464.0,C15DM49H,2119,English,Yes,"No, I have no issues seeing colours",Man (including Trans Male/Trans Man),47,Male,Black,United States,United States,United States,English,No,Unemployed (and job seeking)
6a0cec873e4191709211e9b7,69d204d9dc582122c1aa495c,APPROVED,Not Applicable,2026-05-19T23:04:45.720000Z,2026-05-19T23:19:34.979000Z,2026-05-19T23:19:38.218000Z,2026-05-19T23:20:35.434788Z,890.0,C15DM49H,996,"Amharic, English",Yes,"No, I have no issues seeing colours",Man (including Trans Male/Trans Man),39,Male,Black,Eritrea,United States,United States,Tigrinya,No,Full-Time
6a0ced6fa35ee75dbcd0852b,697facb19a7b7ac623ab7a2e,RETURNED,Not Applicable,2026-05-19T23:09:30.773000Z,,,2026-05-20T14:30:58.978982Z,,,1942,CONSENT_REVOKED,CONSENT_REVOKED,CONSENT_REVOKED,CONSENT_REVOKED,CONSENT_REVOKED,CONSENT_REVOKED,CONSENT_REVOKED,CONSENT_REVOKED,CONSENT_REVOKED,CONSENT_REVOKED,CONSENT_REVOKED,CONSENT_REVOKED,CONSENT_REVOKED
6a0cedbe785c6bb314ef7774,65c120df98be0f4091886a41,RETURNED,Not Applicable,2026-05-19T23:10:39.065000Z,,,2026-05-20T14:30:58.973608Z,,,4412,CONSENT_REVOKED,CONSENT_REVOKED,CONSENT_REVOKED,CONSENT_REVOKED,CONSENT_REVOKED,CONSENT_REVOKED,CONSENT_REVOKED,CONSENT_REVOKED,CONSENT_REVOKED,CONSENT_REVOKED,CONSENT_REVOKED,CONSENT_REVOKED,CONSENT_REVOKED
6a0cedbfd4f8dfbaf8074154,6a009b2d94542e7e1a35c722,RETURNED,Not Applicable,,,,2026-05-20T14:30:58.968426Z,,,69,CONSENT_REVOKED,CONSENT_REVOKED,CONSENT_REVOKED,CONSENT_REVOKED,CONSENT_REVOKED,CONSENT_REVOKED,CONSENT_REVOKED,CONSENT_REVOKED,CONSENT_REVOKED,CONSENT_REVOKED,CONSENT_REVOKED,CONSENT_REVOKED,CONSENT_REVOKED
6a0cedcf656120aeb819d637,6724e0678e7657376f6789c7,APPROVED,Not Applicable,2026-05-19T23:11:08.271000Z,2026-05-19T23:25:34.834000Z,2026-05-19T23:25:35.341000Z,2026-05-19T23:26:35.276091Z,867.0,C15DM49H,1044,English,Yes,"No, I have no issues seeing colours",Man (including Trans Male/Trans Man),39,Male,White,United States,United States,United States,English,No,Full-Time
6a0cee3162776f99510e6ff8,69e12033ba1355b42a68f117,RETURNED,Not Applicable,2026-05-19T23:11:50.129000Z,,,2026-05-20T14:30:58.971624Z,,,592,CONSENT_REVOKED,CONSENT_REVOKED,CONSENT_REVOKED,CONSENT_REVOKED,CONSENT_REVOKED,CONSENT_REVOKED,CONSENT_REVOKED,CONSENT_REVOKED,CONSENT_REVOKED,CONSENT_REVOKED,CONSENT_REVOKED,CONSENT_REVOKED,CONSENT_REVOKED
6a0cee8ae5274568d31d728a,663d34a55f2f0ef2df6475d8,APPROVED,Not Applicable,2026-05-19T23:13:18.081000Z,2026-05-19T23:37:34.947000Z,2026-05-19T23:37:35.391000Z,2026-05-19T23:38:35.345815Z,1457.0,C15DM49H,1825,"English, Spanish",Yes,"No, I have no issues seeing colours",Woman (including Trans Female/Trans Woman),41,Female,Mixed,United States,United States,United States,English,No,Full-Time
6a0cee8d4a96c8f7f6d16540,671d553e0d035028da7d29a1,APPROVED,Not Applicable,2026-05-19T23:17:45.722000Z,2026-05-19T23:58:00.097000Z,2026-05-19T23:58:00.567000Z,2026-05-19T23:59:00.532022Z,2415.0,C15DM49H,6361,English,Yes,"No, I have no issues seeing colours",Woman (including Trans Female/Trans Woman),35,Female,Mixed,United States,United States,United States,English,No,Full-Time
6a0ceeba312b75b39a2c51b0,6a0ac1c469f78cb7324e2587,APPROVED,Not Applicable,2026-05-19T23:14:12.079000Z,2026-05-19T23:40:45.965000Z,2026-05-19T23:40:46.435000Z,2026-05-19T23:41:46.392111Z,1594.0,C15DM49H,3,"English, Japanese",Yes,"No, I have no issues seeing colours",Man (including Trans Male/Trans Man),32,Male,White,United States,United States,United States,English,No,Full-Time
6a0ceef041ce210526cde976,6987e4e84c30cc8f8cdeaacc,RETURNED,Not Applicable,2026-05-19T23:14:58.727000Z,,,2026-05-20T14:30:58.973399Z,,,425,CONSENT_REVOKED,CONSENT_REVOKED,CONSENT_REVOKED,CONSENT_REVOKED,CONSENT_REVOKED,CONSENT_REVOKED,CONSENT_REVOKED,CONSENT_REVOKED,CONSENT_REVOKED,CONSENT_REVOKED,CONSENT_REVOKED,CONSENT_REVOKED,CONSENT_REVOKED
6a0cef53e10704c35b253a51,69a9b65c2ff9187ae9bda652,RETURNED,Not Applicable,2026-05-19T23:16:42.592000Z,,,2026-05-20T14:30:58.979677Z,,,1252,CONSENT_REVOKED,CONSENT_REVOKED,CONSENT_REVOKED,CONSENT_REVOKED,CONSENT_REVOKED,CONSENT_REVOKED,CONSENT_REVOKED,CONSENT_REVOKED,CONSENT_REVOKED,CONSENT_REVOKED,CONSENT_REVOKED,CONSENT_REVOKED,CONSENT_REVOKED
6a0cefac3a0bf6d5c8901852,6a0a786c91bcc0c586f461b8,APPROVED,Not Applicable,2026-05-19T23:18:08.061000Z,2026-05-19T23:39:37.463000Z,2026-05-19T23:39:37.895000Z,2026-05-19T23:40:37.877780Z,1290.0,C15DM49H,8,English,Yes,"No, I have no issues seeing colours",Woman (including Trans Female/Trans Woman),29,Female,White,United States,United States,United States,English,Yes,Part-Time
6a0cefc62899bd51b567a6bf,66b3e078bef7d6dd6c53e015,RETURNED,Not Applicable,,,,2026-05-20T14:30:58.981860Z,,,5610,CONSENT_REVOKED,CONSENT_REVOKED,CONSENT_REVOKED,CONSENT_REVOKED,CONSENT_REVOKED,CONSENT_REVOKED,CONSENT_REVOKED,CONSENT_REVOKED,CONSENT_REVOKED,CONSENT_REVOKED,CONSENT_REVOKED,CONSENT_REVOKED,CONSENT_REVOKED
6a0cefe2b6fd7917e3c2079c,69bb6ea6f7b02d5d054f9762,RETURNED,Not Applicable,2026-05-19T23:19:03.747000Z,,,2026-05-20T14:30:58.986961Z,,,128,CONSENT_REVOKED,CONSENT_REVOKED,CONSENT_REVOKED,CONSENT_REVOKED,CONSENT_REVOKED,CONSENT_REVOKED,CONSENT_REVOKED,CONSENT_REVOKED,CONSENT_REVOKED,CONSENT_REVOKED,CONSENT_REVOKED,CONSENT_REVOKED,CONSENT_REVOKED
6a0cf007a16019baa01d60ab,69c8a810f79f59c92448e9d1,RETURNED,Not Applicable,2026-05-19T23:19:55.477000Z,,,2026-05-20T14:30:58.988153Z,,,943,CONSENT_REVOKED,CONSENT_REVOKED,CONSENT_REVOKED,CONSENT_REVOKED,CONSENT_REVOKED,CONSENT_REVOKED,CONSENT_REVOKED,CONSENT_REVOKED,CONSENT_REVOKED,CONSENT_REVOKED,CONSENT_REVOKED,CONSENT_REVOKED,CONSENT_REVOKED
6a0cf089f28574a94b2e28c6,6a075c97f74183d5db618583,APPROVED,Not Applicable,2026-05-19T23:21:48.413000Z,2026-05-19T23:58:02.216000Z,2026-05-19T23:58:02.657000Z,2026-05-19T23:59:02.650272Z,2174.0,C15DM49H,57,"Spanish, English",Yes,"No, I have no issues seeing colours",Woman (including Trans Female/Trans Woman),28,Female,Other,United States,United States,United States,Spanish,No,Full-Time
6a0cf107687ebf13def5b708,69d5268ebb337f58e3988493,APPROVED,Not Applicable,2026-05-19T23:23:57.358000Z,2026-05-19T23:38:48.719000Z,2026-05-19T23:38:49.191000Z,2026-05-19T23:39:49.145695Z,892.0,C15DM49H,267,"English, Spanish",Yes,"No, I have no issues seeing colours",Woman (including Trans Female/Trans Woman),33,Female,White,Mexico,United States,Mexico,Spanish,Yes,Unemployed (and job seeking)
6a0cf182b49fc8792dc46c9a,6837417531fcfb27279c92c6,RETURNED,Not Applicable,2026-05-19T23:25:59.580000Z,,,2026-05-20T14:30:58.992268Z,,,1322,CONSENT_REVOKED,CONSENT_REVOKED,CONSENT_REVOKED,CONSENT_REVOKED,CONSENT_REVOKED,CONSENT_REVOKED,CONSENT_REVOKED,CONSENT_REVOKED,CONSENT_REVOKED,CONSENT_REVOKED,CONSENT_REVOKED,CONSENT_REVOKED,CONSENT_REVOKED
6a0cf1d680bc0be8fbb33524,67508fdb923229a00abf2aa7,APPROVED,Not Applicable,2026-05-19T23:27:25.855000Z,2026-05-19T23:40:36.712000Z,2026-05-19T23:40:37.168000Z,2026-05-19T23:41:37.137764Z,791.0,C15DM49H,7609,English,Yes,"No, I have no issues seeing colours",Man (including Trans Male/Trans Man),59,Male,White,United States,United States,United States,English,No,Full-Time
6a0cf22131e8f1330f67e096,69fcabb75187591977a8dc6f,RETURNED,Not Applicable,,,,2026-05-20T14:30:58.985927Z,,,119,CONSENT_REVOKED,CONSENT_REVOKED,CONSENT_REVOKED,CONSENT_REVOKED,CONSENT_REVOKED,CONSENT_REVOKED,CONSENT_REVOKED,CONSENT_REVOKED,CONSENT_REVOKED,CONSENT_REVOKED,CONSENT_REVOKED,CONSENT_REVOKED,CONSENT_REVOKED
6a0cf23ed6905b034a6b3da0,6a0b755a88b3aa117275120b,APPROVED,Not Applicable,2026-05-19T23:29:35.077000Z,2026-05-20T00:12:06.081000Z,2026-05-20T00:12:06.597000Z,2026-05-20T00:13:06.548517Z,2552.0,C15DM49H,12,English,Yes,"No, I have no issues seeing colours",Man (including Trans Male/Trans Man),36,Male,Black,United States,United States,United States,English,No,Due to start a new job within the next month
6a0cf2e10c8a44e03b78f27c,69fbbab931439e963363f3ef,RETURNED,Not Applicable,2026-05-19T23:31:54.470000Z,,,2026-05-20T14:30:58.978431Z,,,98,CONSENT_REVOKED,CONSENT_REVOKED,CONSENT_REVOKED,CONSENT_REVOKED,CONSENT_REVOKED,CONSENT_REVOKED,CONSENT_REVOKED,CONSENT_REVOKED,CONSENT_REVOKED,CONSENT_REVOKED,CONSENT_REVOKED,CONSENT_REVOKED,CONSENT_REVOKED
6a0cf44aaf3a1992e646848e,69e647c7080a3a3f5c87ca21,APPROVED,Not Applicable,2026-05-19T23:37:55.487000Z,2026-05-19T23:51:06.822000Z,2026-05-19T23:51:07.276000Z,2026-05-19T23:52:07.248850Z,792.0,C15DM49H,551,English,Yes,"No, I have no issues seeing colours",Woman (including Trans Female/Trans Woman),29,Female,White,United States,United States,United States,English,No,"Not in paid work (e.g. homemaker', 'retired or disabled)"
6a0cf4726b038fc64c41343f,69da791d468dc1fef00dac00,APPROVED,Not Applicable,2026-05-19T23:38:36.367000Z,2026-05-20T00:21:59.876000Z,2026-05-20T00:22:00.488000Z,2026-05-20T00:23:00.421344Z,2604.0,C15DM49H,323,English,Yes,"No, I have no issues seeing colours",Woman (including Trans Female/Trans Woman),49,Female,White,United States,United States,United States,English,No,Full-Time
6a0cf4919b32f342eee83cf5,664a7e1665f30b00d2685ba3,APPROVED,Not Applicable,2026-05-19T23:39:07.332000Z,2026-05-20T00:03:07.548000Z,2026-05-20T00:03:08.049000Z,2026-05-20T00:04:08.003260Z,1441.0,C15DM49H,794,English,Yes,"No, I have no issues seeing colours",Woman (including Trans Female/Trans Woman),59,Female,White,United States,United States,United States,English,No,"Not in paid work (e.g. homemaker', 'retired or disabled)"
6a0cf4bb3d3fda291e504b87,67a85137a6f2eda1f128b8c0,RETURNED,Not Applicable,2026-05-19T23:39:42.061000Z,,,2026-05-20T14:30:58.994822Z,,,1446,CONSENT_REVOKED,CONSENT_REVOKED,CONSENT_REVOKED,CONSENT_REVOKED,CONSENT_REVOKED,CONSENT_REVOKED,CONSENT_REVOKED,CONSENT_REVOKED,CONSENT_REVOKED,CONSENT_REVOKED,CONSENT_REVOKED,CONSENT_REVOKED,CONSENT_REVOKED
6a0cf4fe2deca143fe5fc326,69ebf5451d1c7c1018b88ea8,RETURNED,Not Applicable,2026-05-19T23:44:39.667000Z,,,2026-05-20T14:30:58.987428Z,,,419,CONSENT_REVOKED,CONSENT_REVOKED,CONSENT_REVOKED,CONSENT_REVOKED,CONSENT_REVOKED,CONSENT_REVOKED,CONSENT_REVOKED,CONSENT_REVOKED,CONSENT_REVOKED,CONSENT_REVOKED,CONSENT_REVOKED,CONSENT_REVOKED,CONSENT_REVOKED
6a0cf4ff3d985ab5f2af3061,69e7ee6637e005bae61a12b2,RETURNED,Not Applicable,,,,2026-05-20T14:30:59.004891Z,,,875,CONSENT_REVOKED,CONSENT_REVOKED,CONSENT_REVOKED,CONSENT_REVOKED,CONSENT_REVOKED,CONSENT_REVOKED,CONSENT_REVOKED,CONSENT_REVOKED,CONSENT_REVOKED,CONSENT_REVOKED,CONSENT_REVOKED,CONSENT_REVOKED,CONSENT_REVOKED
6a0cf59714cb99fc81413428,699288bfa36a91c33ada5723,RETURNED,Not Applicable,2026-05-19T23:43:23.971000Z,,,2026-05-20T14:30:58.995432Z,,,1562,CONSENT_REVOKED,CONSENT_REVOKED,CONSENT_REVOKED,CONSENT_REVOKED,CONSENT_REVOKED,CONSENT_REVOKED,CONSENT_REVOKED,CONSENT_REVOKED,CONSENT_REVOKED,CONSENT_REVOKED,CONSENT_REVOKED,CONSENT_REVOKED,CONSENT_REVOKED
6a0cf5c1c4ecf732fb6221a6,69f141fa88e27e29d4677eda,APPROVED,Not Applicable,2026-05-19T23:44:05.821000Z,2026-05-19T23:52:31.598000Z,2026-05-19T23:52:32.100000Z,2026-05-19T23:53:32.016367Z,506.0,C15DM49H,81,English,Yes,"No, I have no issues seeing colours",Man (including Trans Male/Trans Man),32,Male,Asian,United States,United States,United States,English,No,Full-Time
6a0cf66bd8cf67398c08c738,6a09ed28e46b23c32ad77c20,APPROVED,Not Applicable,2026-05-19T23:47:45.772000Z,2026-05-20T00:00:38.479000Z,2026-05-20T00:00:38.925000Z,2026-05-20T00:01:39.052038Z,773.0,C15DM49H,26,English,Yes,"No, I have no issues seeing colours",Woman (including Trans Female/Trans Woman),24,Female,White,United States,United States,United States,English,No,"Not in paid work (e.g. homemaker', 'retired or disabled)"
6a0cf6bc827ca9ed0c601b32,5d54683b3e80200018bbf5ec,APPROVED,Not Applicable,2026-05-19T23:48:19.418000Z,2026-05-20T00:00:31.763000Z,2026-05-20T00:00:32.304000Z,2026-05-20T00:01:32.663481Z,733.0,C15DM49H,1147,English,Yes,"No, I have no issues seeing colours",Man (including Trans Male/Trans Man),33,Male,Asian,United States,United States,United States,Vietnamese,No,"Not in paid work (e.g. homemaker', 'retired or disabled)"
6a0cf776e6f9582d0152671d,69e81c78fc516b45c69fd217,APPROVED,Not Applicable,2026-05-19T23:52:01.980000Z,2026-05-20T00:24:26.681000Z,2026-05-20T00:24:27.138000Z,2026-05-20T00:25:27.099996Z,1945.0,C15DM49H,398,English,Yes,"No, I have no issues seeing colours",Woman (including Trans Female/Trans Woman),37,Female,Black,United States,United States,United States,English,No,Part-Time
6a0cf7c62b5e4a1ec81a2b98,69a0e29f0bef8a6fcdc99094,APPROVED,Not Applicable,2026-05-19T23:52:47.849000Z,2026-05-20T00:07:24.091000Z,2026-05-20T00:07:24.563000Z,2026-05-20T00:08:24.494095Z,877.0,C15DM49H,1044,English,Yes,"No, I have no issues seeing colours",Woman (including Trans Female/Trans Woman),57,Female,White,United States,United States,United States,English,No,Other
6a0cf7dc4aad1cc4e626dee9,5acc2d21436f550001003111,APPROVED,Not Applicable,2026-05-19T23:53:12.799000Z,2026-05-20T00:13:19.553000Z,2026-05-20T00:13:20.044000Z,2026-05-20T00:14:19.995911Z,1207.0,C15DM49H,4787,English,Yes,"No, I have no issues seeing colours",Man (including Trans Male/Trans Man),35,Male,Black,United States,United States,United States,English,No,Full-Time
6a0cf848868b8ae66858a700,69cda385d1b88e624f0a031e,APPROVED,Not Applicable,2026-05-19T23:55:05.879000Z,2026-05-20T00:36:31.351000Z,2026-05-20T00:36:31.832000Z,2026-05-20T00:37:31.817711Z,2486.0,C15DM49H,94,"English, Mandarin, Cantonese",Yes,"No, I have no issues seeing colours",Woman (including Trans Female/Trans Woman),58,Female,Asian,China,United States,China,Chinese,No,Part-Time
6a0cf913100124f305c1efd9,561487ad7ffc8a0012812266,RETURNED,Not Applicable,2026-05-19T23:58:34.633000Z,,,2026-05-20T14:30:59.007679Z,,,7731,CONSENT_REVOKED,CONSENT_REVOKED,CONSENT_REVOKED,CONSENT_REVOKED,CONSENT_REVOKED,CONSENT_REVOKED,CONSENT_REVOKED,CONSENT_REVOKED,CONSENT_REVOKED,CONSENT_REVOKED,CONSENT_REVOKED,CONSENT_REVOKED,CONSENT_REVOKED
6a0dbcfd1fd47f5757cb3051,67d0a57b0a4981c5e65c3bcc,RETURNED,Not Applicable,2026-05-20T13:54:14.848000Z,,,2026-05-20T14:30:58.993752Z,,,9417,CONSENT_REVOKED,CONSENT_REVOKED,CONSENT_REVOKED,CONSENT_REVOKED,CONSENT_REVOKED,CONSENT_REVOKED,CONSENT_REVOKED,CONSENT_REVOKED,CONSENT_REVOKED,CONSENT_REVOKED,CONSENT_REVOKED,CONSENT_REVOKED,CONSENT_REVOKED
6a0dbd04fa97f7a634048e46,66ff44c7da088df3cdf9cd0f,RETURNED,Not Applicable,2026-05-20T13:54:29.280000Z,,,2026-05-20T14:30:59.030284Z,,,1085,CONSENT_REVOKED,CONSENT_REVOKED,CONSENT_REVOKED,CONSENT_REVOKED,CONSENT_REVOKED,CONSENT_REVOKED,CONSENT_REVOKED,CONSENT_REVOKED,CONSENT_REVOKED,CONSENT_REVOKED,CONSENT_REVOKED,CONSENT_REVOKED,CONSENT_REVOKED
6a0dbd04fb17234cbf62b6cc,5f4f9bc1f7598f06b2dc816f,RETURNED,Not Applicable,2026-05-20T13:54:17.237000Z,,,2026-05-20T14:30:59.014607Z,,,11898,CONSENT_REVOKED,CONSENT_REVOKED,CONSENT_REVOKED,CONSENT_REVOKED,CONSENT_REVOKED,CONSENT_REVOKED,CONSENT_REVOKED,CONSENT_REVOKED,CONSENT_REVOKED,CONSENT_REVOKED,CONSENT_REVOKED,CONSENT_REVOKED,CONSENT_REVOKED
6a0dbd07fa46dec9b8f34a8d,698a55fca47516446100a19e,RETURNED,Not Applicable,2026-05-20T13:54:23.682000Z,,,2026-05-20T14:30:59.009688Z,,,1833,CONSENT_REVOKED,CONSENT_REVOKED,CONSENT_REVOKED,CONSENT_REVOKED,CONSENT_REVOKED,CONSENT_REVOKED,CONSENT_REVOKED,CONSENT_REVOKED,CONSENT_REVOKED,CONSENT_REVOKED,CONSENT_REVOKED,CONSENT_REVOKED,CONSENT_REVOKED
6a0dbd08d3a44b9a87fbfc11,5f51529b15e36638fe535eae,RETURNED,Not Applicable,2026-05-20T13:54:20.292000Z,,,2026-05-20T14:30:59.025999Z,,,17283,CONSENT_REVOKED,CONSENT_REVOKED,CONSENT_REVOKED,CONSENT_REVOKED,CONSENT_REVOKED,CONSENT_REVOKED,CONSENT_REVOKED,CONSENT_REVOKED,CONSENT_REVOKED,CONSENT_REVOKED,CONSENT_REVOKED,CONSENT_REVOKED,CONSENT_REVOKED
6a0dbd1069a84824f501584f,6a01d9e896ff38118705f22d,RETURNED,Not Applicable,2026-05-20T13:54:42.625000Z,,,2026-05-20T14:30:59.011414Z,,,41,CONSENT_REVOKED,CONSENT_REVOKED,CONSENT_REVOKED,CONSENT_REVOKED,CONSENT_REVOKED,CONSENT_REVOKED,CONSENT_REVOKED,CONSENT_REVOKED,CONSENT_REVOKED,CONSENT_REVOKED,CONSENT_REVOKED,CONSENT_REVOKED,CONSENT_REVOKED
6a0dbd1b71520eae212febdd,66463e4efb99fba5a67a010a,APPROVED,Not Applicable,2026-05-20T13:54:39.515000Z,2026-05-20T14:05:42.452000Z,2026-05-20T14:05:43.053000Z,2026-05-20T14:06:43.057711Z,663.0,C15DM49H,9599,English,Yes,"No, I have no issues seeing colours",Man (including Trans Male/Trans Man),32,Male,Black,United States,United States,United States,English,Yes,Full-Time
6a0dbd1e031a4df2aae5280c,5f988a053b4bf5186a5d6693,RETURNED,Not Applicable,2026-05-20T13:54:42.965000Z,,,2026-05-20T14:30:59.029341Z,,,3472,CONSENT_REVOKED,CONSENT_REVOKED,CONSENT_REVOKED,CONSENT_REVOKED,CONSENT_REVOKED,CONSENT_REVOKED,CONSENT_REVOKED,CONSENT_REVOKED,CONSENT_REVOKED,CONSENT_REVOKED,CONSENT_REVOKED,CONSENT_REVOKED,CONSENT_REVOKED
6a0dbd1e0fda0c15acb31737,5f3d6975ef131710ed519c7a,APPROVED,Not Applicable,2026-05-20T13:54:43.463000Z,2026-05-20T14:04:21.650000Z,2026-05-20T14:04:22.125000Z,2026-05-20T14:05:22.052162Z,579.0,C15DM49H,10878,English,Yes,"No, I have no issues seeing colours",Man (including Trans Male/Trans Man),37,Male,Mixed,United States,United States,United States,English,No,Full-Time
6a0dbd233d7bc113442a2cc7,5af1c4dfaec2b600010a96c9,RETURNED,Not Applicable,2026-05-20T13:55:00.448000Z,,,2026-05-20T14:30:59.181699Z,,,6997,CONSENT_REVOKED,CONSENT_REVOKED,CONSENT_REVOKED,CONSENT_REVOKED,CONSENT_REVOKED,CONSENT_REVOKED,CONSENT_REVOKED,CONSENT_REVOKED,CONSENT_REVOKED,CONSENT_REVOKED,CONSENT_REVOKED,CONSENT_REVOKED,CONSENT_REVOKED
6a0dbd45e1e8a30d3cc08099,636d6ce3fb3683ff33f9e514,RETURNED,Not Applicable,2026-05-20T14:04:07.775000Z,,,2026-05-20T14:30:59.009676Z,,,13498,CONSENT_REVOKED,CONSENT_REVOKED,CONSENT_REVOKED,CONSENT_REVOKED,CONSENT_REVOKED,CONSENT_REVOKED,CONSENT_REVOKED,CONSENT_REVOKED,CONSENT_REVOKED,CONSENT_REVOKED,CONSENT_REVOKED,CONSENT_REVOKED,CONSENT_REVOKED
6a0dbddc47136e4b7e2aa964,69f3bed543ff6fba45cfa37c,RETURNED,Not Applicable,2026-05-20T13:58:13.115000Z,,,2026-05-20T14:30:59.014307Z,,,276,CONSENT_REVOKED,CONSENT_REVOKED,CONSENT_REVOKED,CONSENT_REVOKED,CONSENT_REVOKED,CONSENT_REVOKED,CONSENT_REVOKED,CONSENT_REVOKED,CONSENT_REVOKED,CONSENT_REVOKED,CONSENT_REVOKED,CONSENT_REVOKED,CONSENT_REVOKED
6a0dbde3af54587082478585,5f2042752276432e3a7ef104,APPROVED,Not Applicable,2026-05-20T13:57:59.526000Z,2026-05-20T14:16:19.116000Z,2026-05-20T14:16:19.564000Z,2026-05-20T14:17:19.503745Z,1100.0,C15DM49H,8412,English,Yes,"No, I have no issues seeing colours",Woman (including Trans Female/Trans Woman),44,Female,White,United States,United States,United States,English,DATA_EXPIRED,DATA_EXPIRED
6a0dbdecc3432b412dbb1422,6a0263cfb9fa22917a46f9c9,APPROVED,Not Applicable,2026-05-20T13:58:09.409000Z,2026-05-20T14:15:12.429000Z,2026-05-20T14:15:12.888000Z,2026-05-20T14:16:12.845911Z,1024.0,C15DM49H,38,English,Yes,"No, I have no issues seeing colours",Woman (including Trans Female/Trans Woman),28,Female,White,United States,United States,United States,English,No,Full-Time
6a0dbeb96ec47735d5918c1c,69ebb894f8655d8b98d1b469,APPROVED,Not Applicable,2026-05-20T14:02:08.824000Z,2026-05-20T14:33:24.267000Z,2026-05-20T14:33:24.759000Z,2026-05-20T14:34:24.717480Z,1876.0,C15DM49H,225,English,Yes,"No, I have no issues seeing colours",Woman (including Trans Female/Trans Woman),35,Female,Mixed,United States,United States,United States,English,No,Full-Time
6a0dbed2354635a27bac9c69,6a0769890467ab73646aced4,REJECTED,Not Applicable,2026-05-20T14:01:59.403000Z,2026-05-20T14:07:33.397000Z,2026-05-20T14:30:18.045000Z,2026-05-20T14:30:59.030693Z,334.0,C15DM49H,21,CONSENT_REVOKED,CONSENT_REVOKED,CONSENT_REVOKED,CONSENT_REVOKED,CONSENT_REVOKED,CONSENT_REVOKED,CONSENT_REVOKED,CONSENT_REVOKED,CONSENT_REVOKED,CONSENT_REVOKED,CONSENT_REVOKED,CONSENT_REVOKED,CONSENT_REVOKED
6a0dbf7259baf4959e1a8979,6a0b5da611a832bb96ad780c,RETURNED,Not Applicable,2026-05-20T14:04:45.566000Z,,,2026-05-20T14:30:59.023697Z,,,12,CONSENT_REVOKED,CONSENT_REVOKED,CONSENT_REVOKED,CONSENT_REVOKED,CONSENT_REVOKED,CONSENT_REVOKED,CONSENT_REVOKED,CONSENT_REVOKED,CONSENT_REVOKED,CONSENT_REVOKED,CONSENT_REVOKED,CONSENT_REVOKED,CONSENT_REVOKED
6a0dbf77b45e29d7e0bdb66b,67574b45d3ce260ceb80bbce,RETURNED,Not Applicable,2026-05-20T14:04:42.099000Z,,,2026-05-20T14:30:59.034476Z,,,1960,CONSENT_REVOKED,CONSENT_REVOKED,CONSENT_REVOKED,CONSENT_REVOKED,CONSENT_REVOKED,CONSENT_REVOKED,CONSENT_REVOKED,CONSENT_REVOKED,CONSENT_REVOKED,CONSENT_REVOKED,CONSENT_REVOKED,CONSENT_REVOKED,CONSENT_REVOKED
6a0dbf8ec26e077d05b728ba,62b07a6728903d01b9796889,RETURNED,Not Applicable,2026-05-20T14:06:39.173000Z,,,2026-05-20T14:30:59.028186Z,,,1868,CONSENT_REVOKED,CONSENT_REVOKED,CONSENT_REVOKED,CONSENT_REVOKED,CONSENT_REVOKED,CONSENT_REVOKED,CONSENT_REVOKED,CONSENT_REVOKED,CONSENT_REVOKED,CONSENT_REVOKED,CONSENT_REVOKED,CONSENT_REVOKED,CONSENT_REVOKED
6a0dbfc6ced221c1bd840a24,6634e0e2300e0d377e2cf876,RETURNED,Not Applicable,2026-05-20T14:06:17.797000Z,,,2026-05-20T14:30:59.023975Z,,,2842,CONSENT_REVOKED,CONSENT_REVOKED,CONSENT_REVOKED,CONSENT_REVOKED,CONSENT_REVOKED,CONSENT_REVOKED,CONSENT_REVOKED,CONSENT_REVOKED,CONSENT_REVOKED,CONSENT_REVOKED,CONSENT_REVOKED,CONSENT_REVOKED,CONSENT_REVOKED
6a0dbfc79e9271e455cb1f67,66593d0f9249db6b5074fda1,RETURNED,Not Applicable,,,,2026-05-20T14:30:59.025315Z,,,209,CONSENT_REVOKED,CONSENT_REVOKED,CONSENT_REVOKED,CONSENT_REVOKED,CONSENT_REVOKED,CONSENT_REVOKED,CONSENT_REVOKED,CONSENT_REVOKED,CONSENT_REVOKED,CONSENT_REVOKED,CONSENT_REVOKED,CONSENT_REVOKED,CONSENT_REVOKED
6a0dbfe09bbe061122d76620,643ebfff661435ecda5a3580,APPROVED,Not Applicable,2026-05-20T14:06:29.369000Z,2026-05-20T14:58:48.862000Z,2026-05-20T14:58:49.385000Z,2026-05-20T14:59:49.349902Z,3140.0,C15DM49H,7125,English,Yes,"Yes, I'm colourblind",Woman (including Trans Female/Trans Woman),70,Female,White,United States,United States,United States,English,No,"Not in paid work (e.g. homemaker', 'retired or disabled)"
6a0dbfeeb7caa5f3aee9c0d2,678951eaacd3135a38c86ec9,APPROVED,Not Applicable,2026-05-20T14:13:49.737000Z,2026-05-20T14:52:51.561000Z,2026-05-20T14:52:52.044000Z,2026-05-20T14:53:51.986221Z,2342.0,C15DM49H,3029,English,Yes,"No, I have no issues seeing colours",Woman (including Trans Female/Trans Woman),50,Female,Mixed,United States,United States,United States,English,No,Full-Time
6a0dc02a83f334b3d0bde53b,6990045689cf6bafc0d83c99,APPROVED,Not Applicable,2026-05-20T14:07:38.773000Z,2026-05-20T14:33:25.333000Z,2026-05-20T14:33:25.911000Z,2026-05-20T14:34:25.860045Z,1547.0,C15DM49H,925,English,Yes,"No, I have no issues seeing colours",Woman (including Trans Female/Trans Woman),54,Female,White,United States,United States,United States,English,No,Other
6a0dc09f2c7630589b3bce98,60e5cb4ca01a593fce9a379d,RETURNED,Not Applicable,2026-05-20T14:09:39.778000Z,,,2026-05-20T14:30:59.052178Z,,,7651,CONSENT_REVOKED,CONSENT_REVOKED,CONSENT_REVOKED,CONSENT_REVOKED,CONSENT_REVOKED,CONSENT_REVOKED,CONSENT_REVOKED,CONSENT_REVOKED,CONSENT_REVOKED,CONSENT_REVOKED,CONSENT_REVOKED,CONSENT_REVOKED,CONSENT_REVOKED
6a0dc1a4da6732fa131ecedc,63f0e61bbeb61d5ced623832,APPROVED,Not Applicable,2026-05-20T14:14:11.925000Z,2026-05-20T14:25:26.408000Z,2026-05-20T14:25:26.877000Z,2026-05-20T14:26:26.819624Z,675.0,C15DM49H,7135,English,Yes,"No, I have no issues seeing colours",Woman (including Trans Female/Trans Woman),53,Female,White,United States,United States,United States,English,No,Full-Time
6a0dc1a9b2396fcadb085d3e,69d834f811b9ae679f0231bb,APPROVED,Not Applicable,2026-05-20T14:14:09.402000Z,2026-05-20T14:35:05.069000Z,2026-05-20T14:35:10.578000Z,2026-05-20T14:36:05.475696Z,1256.0,C15DM49H,683,English,Yes,"No, I have no issues seeing colours",Man (including Trans Male/Trans Man),48,Male,Black,United States,United States,United States,English,No,Full-Time
6a0dc2028ab51333ced29533,697a42adc8b5a8fe8b93b4c4,RETURNED,Not Applicable,2026-05-20T14:15:33.262000Z,,,2026-05-20T14:30:59.023396Z,,,745,CONSENT_REVOKED,CONSENT_REVOKED,CONSENT_REVOKED,CONSENT_REVOKED,CONSENT_REVOKED,CONSENT_REVOKED,CONSENT_REVOKED,CONSENT_REVOKED,CONSENT_REVOKED,CONSENT_REVOKED,CONSENT_REVOKED,CONSENT_REVOKED,CONSENT_REVOKED
6a0dc2038f0d7617b39d010f,6a03787abf800316054ada2c,RETURNED,Not Applicable,2026-05-20T14:15:35.594000Z,,,2026-05-20T14:30:59.049425Z,,,4,CONSENT_REVOKED,CONSENT_REVOKED,CONSENT_REVOKED,CONSENT_REVOKED,CONSENT_REVOKED,CONSENT_REVOKED,CONSENT_REVOKED,CONSENT_REVOKED,CONSENT_REVOKED,CONSENT_REVOKED,CONSENT_REVOKED,CONSENT_REVOKED,CONSENT_REVOKED
6a0dc23b8ea5e7e64288ba06,69d6c274933540ae9bbf4891,APPROVED,Not Applicable,2026-05-20T14:16:30.567000Z,2026-05-20T14:31:44.053000Z,2026-05-20T14:31:44.564000Z,2026-05-20T14:32:44.521164Z,914.0,C15DM49H,748,English,Yes,"No, I have no issues seeing colours",Man (including Trans Male/Trans Man),33,Male,Asian,United States,United States,United States,Chinese,No,Full-Time
6a0dc26ef25296b97f43e482,612b86da38f96808af7bb1da,APPROVED,Not Applicable,2026-05-20T14:17:23.510000Z,2026-05-20T14:26:22.456000Z,2026-05-20T14:26:22.933000Z,2026-05-20T14:27:22.909092Z,539.0,C15DM49H,10833,English,Yes,"No, I have no issues seeing colours",Woman (including Trans Female/Trans Woman),62,Female,White,United States,United States,United States,English,DATA_EXPIRED,DATA_EXPIRED
6a0dc3139769c04667762cfa,69fa820a41b79def08596d8a,RETURNED,Not Applicable,,,,2026-05-20T14:30:59.111585Z,,,197,CONSENT_REVOKED,CONSENT_REVOKED,CONSENT_REVOKED,CONSENT_REVOKED,CONSENT_REVOKED,CONSENT_REVOKED,CONSENT_REVOKED,CONSENT_REVOKED,CONSENT_REVOKED,CONSENT_REVOKED,CONSENT_REVOKED,CONSENT_REVOKED,CONSENT_REVOKED
6a0dc3269895296419d717e1,600efc0ddfc7b602e6313c41,APPROVED,Not Applicable,2026-05-20T14:20:25.803000Z,2026-05-20T14:49:52.300000Z,2026-05-20T14:49:52.775000Z,2026-05-20T14:50:52.715703Z,1767.0,C15DM49H,2403,English,Yes,"No, I have no issues seeing colours",Man (including Trans Male/Trans Man),40,Male,White,United States,United States,United States,English,No,Full-Time
6a0dc461f336b1411e665e63,6a08a6151508e4ade0cd3f60,APPROVED,Not Applicable,2026-05-20T14:26:14.420000Z,2026-05-20T14:35:03.308000Z,2026-05-20T14:35:08.174000Z,2026-05-20T14:36:03.762949Z,529.0,C15DM49H,28,English,Yes,"No, I have no issues seeing colours",Woman (including Trans Female/Trans Woman),26,Female,White,United States,United States,United States,English,Yes,Full-Time
6a0dc497dc1d8d969a93682e,6372d1f14a6bd3713c1c0acf,RETURNED,Not Applicable,2026-05-20T14:26:51.956000Z,,,2026-05-20T14:30:59.050273Z,,,9388,CONSENT_REVOKED,CONSENT_REVOKED,CONSENT_REVOKED,CONSENT_REVOKED,CONSENT_REVOKED,CONSENT_REVOKED,CONSENT_REVOKED,CONSENT_REVOKED,CONSENT_REVOKED,CONSENT_REVOKED,CONSENT_REVOKED,CONSENT_REVOKED,CONSENT_REVOKED
6a0dc574f32161f0c3851fe4,69541b501339e5505ee16911,RETURNED,Not Applicable,,,,2026-05-20T14:30:59.041093Z,,,508,CONSENT_REVOKED,CONSENT_REVOKED,CONSENT_REVOKED,CONSENT_REVOKED,CONSENT_REVOKED,CONSENT_REVOKED,CONSENT_REVOKED,CONSENT_REVOKED,CONSENT_REVOKED,CONSENT_REVOKED,CONSENT_REVOKED,CONSENT_REVOKED,CONSENT_REVOKED
6a0dc58cbb52830a9b4d7ec8,67acfb244f95ff16b8c04704,APPROVED,Not Applicable,2026-05-20T14:32:48.979000Z,2026-05-20T15:05:00.042000Z,2026-05-20T15:05:00.545000Z,2026-05-20T15:06:00.498476Z,1932.0,C15DM49H,945,English,Yes,"No, I have no issues seeing colours",Woman (including Trans Female/Trans Woman),37,Female,White,United States,United States,United States,English,No,Full-Time
6a0dc5d5d6f4ca2887637979,69975f69fad4f187ad0e9799,APPROVED,Not Applicable,2026-05-20T14:31:53.833000Z,2026-05-20T14:46:35.533000Z,2026-05-20T14:46:36.050000Z,2026-05-20T14:47:35.985659Z,882.0,C15DM49H,466,English,Yes,"No, I have no issues seeing colours",Woman (including Trans Female/Trans Woman),36,Female,White,United Kingdom,United States,United States,English,No,Unemployed (and job seeking)
6a0dc5d7dd62f13d0fdb2aed,69f293919615cd783da13136,APPROVED,Not Applicable,2026-05-20T14:32:10.147000Z,2026-05-20T14:56:01.738000Z,2026-05-20T14:56:02.203000Z,2026-05-20T14:57:02.153236Z,1432.0,C15DM49H,138,English,Yes,"No, I have no issues seeing colours",Woman (including Trans Female/Trans Woman),45,Female,White,United States,United States,United States,English,No,"Not in paid work (e.g. homemaker', 'retired or disabled)"
6a0dc6493f2875ad2b523eaf,69ffe7240172a30c8891eff7,APPROVED,Not Applicable,2026-05-20T14:35:20.302000Z,2026-05-20T14:49:59.153000Z,2026-05-20T14:49:59.649000Z,2026-05-20T14:50:59.591167Z,879.0,C15DM49H,81,"English, Farsi, Dari",Yes,"No, I have no issues seeing colours",Woman (including Trans Female/Trans Woman),37,Female,Other,Iran,United States,Afghanistan,Farsi,No,Full-Time
6a0dc65627664793d47404bf,69f0e9913cd4aa53a03f1989,APPROVED,Not Applicable,2026-05-20T14:34:03.438000Z,2026-05-20T15:01:55.635000Z,2026-05-20T15:01:56.138000Z,2026-05-20T15:02:56.111907Z,1673.0,C15DM49H,76,English,Yes,"No, I have no issues seeing colours",Woman (including Trans Female/Trans Woman),44,Female,Mixed,United States,United States,United States,English,No,Other
6a0dc69f67a110dcf0ca8301,60feba6596fcb1e4a5eedc07,APPROVED,Not Applicable,2026-05-20T14:35:16.419000Z,2026-05-20T14:44:39.188000Z,2026-05-20T14:44:39.646000Z,2026-05-20T14:45:39.596434Z,563.0,C15DM49H,732,English,Yes,"No, I have no issues seeing colours",Woman (including Trans Female/Trans Woman),36,Female,White,United States,United States,United States,English,No,Full-Time
6a0dca0cbfcdf9a599b8a0fb,69dcffa0052191fe84953a25,APPROVED,Not Applicable,2026-05-20T14:49:54.594000Z,2026-05-20T15:09:38.054000Z,2026-05-20T15:09:38.533000Z,2026-05-20T15:10:38.458345Z,1184.0,C15DM49H,100,English,Yes,"No, I have no issues seeing colours",Woman (including Trans Female/Trans Woman),50,Female,White,United States,United States,United States,English,No,"Not in paid work (e.g. homemaker', 'retired or disabled)"
6a0dca106abfa60a7a68b11a,6a0daeb41822c6ae499edbb8,APPROVED,Not Applicable,2026-05-20T14:50:03.796000Z,2026-05-20T15:04:19.298000Z,2026-05-20T15:04:19.828000Z,2026-05-20T15:05:19.805475Z,856.0,C15DM49H,3,English,Yes,"No, I have no issues seeing colours",Woman (including Trans Female/Trans Woman),32,Female,White,United States,United States,United States,English,No,Part-Time
6a0dca553d70506b61f31a62,6a04a190759ef57a7975f6aa,APPROVED,Not Applicable,2026-05-20T14:51:05.135000Z,2026-05-20T15:03:14.248000Z,2026-05-20T15:11:04.571000Z,2026-05-20T15:04:14.677083Z,730.0,C15DM49H,19,English,Yes,"No, I have no issues seeing colours",Woman (including Trans Female/Trans Woman),29,Female,White,United States,United States,United States,English,No,"Not in paid work (e.g. homemaker', 'retired or disabled)"
6a0dca678cd563ce84087373,6a0a860088a5a25faa46f022,APPROVED,Not Applicable,2026-05-20T14:56:49.676000Z,2026-05-20T15:24:29.280000Z,2026-05-20T15:24:29.780000Z,2026-05-20T15:25:29.708133Z,1660.0,C15DM49H,17,English,Yes,"No, I have no issues seeing colours",Non-binary (would like to give more detail),24,Male,Black,United States,United States,United States,English,No,Unemployed (and job seeking)
6a0dcb509330cfad4aeed8ae,5c4d1a6c9ce35100019dbc88,APPROVED,Not Applicable,2026-05-20T14:55:15.488000Z,2026-05-20T15:11:22.679000Z,2026-05-20T15:11:23.199000Z,2026-05-20T15:12:23.145994Z,968.0,C15DM49H,12039,English,Yes,"No, I have no issues seeing colours",Man (including Trans Male/Trans Man),38,Male,White,United States,United States,United States,English,No,Full-Time
6a0dcb723fb0c4fdb8094142,67d8b5e7ceb82869824198a2,APPROVED,Not Applicable,2026-05-20T14:55:46.174000Z,2026-05-20T15:28:11.289000Z,2026-05-20T15:28:11.790000Z,2026-05-20T15:29:11.721107Z,1946.0,C15DM49H,5527,English,Yes,"No, I have no issues seeing colours",Woman (including Trans Female/Trans Woman),64,Female,White,United States,United States,United States,English,No,Part-Time
6a0dcb8681edd95ee5b2f3ad,695fbd81f0c32a051fefa7aa,APPROVED,Not Applicable,2026-05-20T15:05:48.165000Z,2026-05-20T15:31:32.575000Z,2026-05-20T15:31:33.022000Z,2026-05-20T15:32:32.979717Z,1545.0,C15DM49H,720,English,Yes,"No, I have no issues seeing colours",Woman (including Trans Female/Trans Woman),22,Female,Black,United States,United States,United States,English,No,Other
6a0dccee47c9a0c59ee6c702,6a087e1e000567c7cc046ea5,APPROVED,Not Applicable,2026-05-20T15:03:40.282000Z,2026-05-20T15:14:09.663000Z,2026-05-20T15:14:10.184000Z,2026-05-20T15:15:10.131330Z,630.0,C15DM49H,43,English,Yes,"No, I have no issues seeing colours",Woman (including Trans Female/Trans Woman),20,Female,White,United States,United States,United States,English,Yes,Part-Time
6a0dcd85bbc6db56633e6c44,695fce769624d60dc12f6698,APPROVED,Not Applicable,2026-05-20T15:04:40.736000Z,2026-05-20T15:16:43.935000Z,2026-05-20T15:16:44.755000Z,2026-05-20T15:17:44.345406Z,724.0,C15DM49H,1090,English,Yes,"No, I have no issues seeing colours",Man (including Trans Male/Trans Man),61,Male,White,United States,United States,United States,English,No,Unemployed (and job seeking)
6a0dcd9e3062be239b72b5a6,66578f9949d4c30ce9fb26f0,APPROVED,Not Applicable,2026-05-20T15:05:06.104000Z,2026-05-20T15:17:09.674000Z,2026-05-20T15:17:10.158000Z,2026-05-20T15:18:10.103634Z,724.0,C15DM49H,3068,"Spanish, English",Yes,"No, I have no issues seeing colours",Woman (including Trans Female/Trans Woman),44,Female,Mixed,Mexico,United States,United States,English,No,DATA_EXPIRED
6a0dcea4d22fc81c2de99488,69b019ffcc8da75260b6a538,APPROVED,Not Applicable,2026-05-20T15:09:36.663000Z,2026-05-20T15:36:02.082000Z,2026-05-20T15:36:02.514000Z,2026-05-20T15:37:02.459565Z,1586.0,C15DM49H,183,English,Yes,"No, I have no issues seeing colours",Man (including Trans Male/Trans Man),48,Male,White,United States,United States,United States,English,No,Unemployed (and job seeking)
6a0dcebb60130a487a0a340d,6a01e2a6266303837203b4e2,APPROVED,Not Applicable,2026-05-20T15:09:50.248000Z,2026-05-20T15:20:43.614000Z,2026-05-20T15:20:44.071000Z,2026-05-20T15:21:44.024555Z,654.0,C15DM49H,38,English,Yes,"No, I have no issues seeing colours",Man (including Trans Male/Trans Man),34,Male,White,United States,United States,United Kingdom,English,No,DATA_EXPIRED
6a0dcfcfc2a2f5234fc8cd8a,615914a33224dc31f1045612,APPROVED,Not Applicable,2026-05-20T15:14:48.010000Z,2026-05-20T15:34:19.996000Z,2026-05-20T15:34:20.526000Z,2026-05-20T15:35:20.463270Z,1172.0,C15DM49H,11729,English,Yes,"No, I have no issues seeing colours",Man (including Trans Male/Trans Man),65,Male,White,United States,United States,United States,English,No,Full-Time
6a0dd0773a957b76f44359cc,67055b370e3c0c4965a03128,APPROVED,Not Applicable,2026-05-20T15:17:14.815000Z,2026-05-20T15:31:12.423000Z,2026-05-20T15:31:12.910000Z,2026-05-20T15:32:12.869319Z,838.0,C15DM49H,9010,English,Yes,"No, I have no issues seeing colours",Man (including Trans Male/Trans Man),37,Male,Mixed,United States,United States,United States,English,No,Full-Time
6a0dd077600aafec169e3c55,6114ba31072fc0bcc226b89d,APPROVED,Not Applicable,2026-05-20T15:17:41.469000Z,2026-05-20T15:53:31.895000Z,2026-05-20T15:53:32.404000Z,2026-05-20T15:54:32.373624Z,2151.0,C15DM49H,1308,English,Yes,"No, I have no issues seeing colours",Man (including Trans Male/Trans Man),36,Female,White,United States,United States,United States,English,No,Unemployed (and job seeking)
6a0dd081366db622c1bc8fae,66b68e2b2c21a7ed557cf866,APPROVED,Not Applicable,2026-05-20T15:17:28.004000Z,2026-05-20T15:35:29.675000Z,2026-05-20T15:35:30.156000Z,2026-05-20T15:36:30.121048Z,1082.0,C15DM49H,7674,English,Yes,"No, I have no issues seeing colours",Man (including Trans Male/Trans Man),58,Male,White,United States,United States,United States,English,No,Full-Time
6a0dd1632e33b650210535cb,66664254d3042b2831ba182e,APPROVED,Not Applicable,2026-05-20T15:21:14.144000Z,2026-05-20T15:39:48.301000Z,2026-05-20T15:39:48.765000Z,2026-05-20T15:40:48.715212Z,1115.0,C15DM49H,1771,English,Yes,"No, I have no issues seeing colours",Woman (including Trans Female/Trans Woman),76,Female,White,United States,United States,United States,English,No,Part-Time
6a0dd23ce284c86a51ffd623,69dd53ebdf64767c78148ad2,APPROVED,Not Applicable,2026-05-20T15:24:48.022000Z,2026-05-20T15:32:43.705000Z,2026-05-20T15:32:44.414000Z,2026-05-20T15:33:44.393444Z,476.0,C15DM49H,426,English,Yes,"No, I have no issues seeing colours",Woman (including Trans Female/Trans Woman),25,Female,White,United States,United States,United States,English,No,Full-Time
6a0dd324b8851d7e2d53d832,6737b69daf0903583088288c,APPROVED,Not Applicable,2026-05-20T15:28:42.209000Z,2026-05-20T15:51:13.529000Z,2026-05-20T15:51:14.007000Z,2026-05-20T15:52:13.980244Z,1352.0,C15DM49H,578,English,Yes,"No, I have no issues seeing colours",Woman (including Trans Female/Trans Woman),67,Female,White,United States,United States,United States,English,No,"Not in paid work (e.g. homemaker', 'retired or disabled)"
6a0dd35cdbd9ddab381a1a5f,62dd2f0668b37a65531fae67,APPROVED,Not Applicable,2026-05-20T15:31:24.134000Z,2026-05-20T15:52:26.125000Z,2026-05-20T15:52:26.637000Z,2026-05-20T15:53:26.595178Z,1262.0,C15DM49H,4183,English,Yes,"No, I have no issues seeing colours",Man (including Trans Male/Trans Man),42,Male,White,United States,United States,United States,English,DATA_EXPIRED,DATA_EXPIRED
6a0dd3d317ba8ff1329f832c,69fa8298a3bb9436669673f4,APPROVED,Not Applicable,2026-05-20T15:32:00.801000Z,2026-05-20T15:44:41.577000Z,2026-05-20T15:49:38.664000Z,2026-05-20T15:45:42.011909Z,761.0,C15DM49H,96,English,Yes,"No, I have no issues seeing colours",Man (including Trans Male/Trans Man),26,Male,White,United States,United States,United States,English,No,Other
6a0dd3d4ceba67467096e053,69fba5f0b606ae92dce08da4,APPROVED,Not Applicable,2026-05-20T15:31:40.668000Z,2026-05-20T15:53:41.872000Z,2026-05-20T15:53:42.347000Z,2026-05-20T15:54:42.315657Z,1322.0,C15DM49H,23,"German, English",Yes,"No, I have no issues seeing colours",Woman (including Trans Female/Trans Woman),35,Female,Mixed,United States,United States,United States,English,No,"Not in paid work (e.g. homemaker', 'retired or disabled)"
6a0dd424f404b7b166a387b5,69d4809712608616e25e8eb0,APPROVED,Not Applicable,2026-05-20T15:33:00.477000Z,2026-05-20T15:47:01.946000Z,2026-05-20T15:47:02.511000Z,2026-05-20T15:48:02.479552Z,842.0,C15DM49H,302,English,Yes,"No, I have no issues seeing colours",Woman (including Trans Female/Trans Woman),32,Female,White,United States,United States,United States,English,No,"Not in paid work (e.g. homemaker', 'retired or disabled)"
6a0dd48d5ffa5eee9e0e24d1,69fe1353fdfc5b290e3cd8b5,APPROVED,Not Applicable,2026-05-20T15:34:43.080000Z,2026-05-20T15:53:01.832000Z,2026-05-20T15:53:02.322000Z,2026-05-20T15:54:02.240651Z,1099.0,C15DM49H,129,English,Yes,"No, I have no issues seeing colours",Woman (including Trans Female/Trans Woman),45,Female,White,United States,United States,United States,English,No,"Not in paid work (e.g. homemaker', 'retired or disabled)"
6a0dd4e5893f0e01d82a341e,66a5b59b28f1beaaf60ee41b,APPROVED,Not Applicable,2026-05-20T15:36:20.621000Z,2026-05-20T15:54:45.696000Z,2026-05-20T15:54:46.177000Z,2026-05-20T15:55:46.127417Z,1106.0,C15DM49H,3121,English,Yes,"No, I have no issues seeing colours",Woman (including Trans Female/Trans Woman),48,Female,Black,United States,United States,United States,English,Yes,Part-Time
6a0dd541bc654eeccf6a66c6,69ac7aca3a3e9276cf2c2499,APPROVED,Not Applicable,2026-05-20T15:37:41.237000Z,2026-05-20T16:01:44.090000Z,2026-05-20T16:01:44.602000Z,2026-05-20T16:02:44.520521Z,1443.0,C15DM49H,199,English,Yes,"No, I have no issues seeing colours",Woman (including Trans Female/Trans Woman),39,Female,White,United States,United States,United States,English,No,Unemployed (and job seeking)
6a0dd5cfeb0b244f65936c39,6a036f04b28a32bee00469ea,APPROVED,Not Applicable,2026-05-20T15:40:03.414000Z,2026-05-20T15:56:02.747000Z,2026-05-20T15:56:03.199000Z,2026-05-20T15:57:03.168095Z,960.0,C15DM49H,20,"English, Telugu, Hindi",Yes,"No, I have no issues seeing colours",Woman (including Trans Female/Trans Woman),35,Female,Asian,India,United States,India,Telugu,No,Part-Time
6a0dd6f80df3ca049a1f76dd,5da6139c002c29001335b5a2,APPROVED,Not Applicable,2026-05-20T15:45:04.850000Z,2026-05-20T16:03:02.579000Z,2026-05-20T16:03:03.053000Z,2026-05-20T16:04:03.003525Z,1078.0,C15DM49H,11346,English,Yes,"No, I have no issues seeing colours",Man (including Trans Male/Trans Man),32,Male,White,United States,United States,Germany,English,Yes,Full-Time
6a0dd78212fc59dbc1625f96,67ad10cb2581d35c87fadd2d,APPROVED,Not Applicable,2026-05-20T15:47:18.240000Z,2026-05-20T15:54:28.392000Z,2026-05-20T16:13:37.297000Z,2026-05-20T16:01:11.673812Z,431.0,C15DM49H,799,English,Yes,"No, I have no issues seeing colours",Woman (including Trans Female/Trans Woman),27,Female,White,United States,United States,United States,English,No,"Not in paid work (e.g. homemaker', 'retired or disabled)"
6a0dd8c634fc1e1d7607a50c,67101014b833fd5fb2bfb9bd,APPROVED,Not Applicable,2026-05-20T15:53:08.078000Z,2026-05-20T16:09:15.170000Z,2026-05-20T16:09:15.741000Z,2026-05-20T16:10:15.647848Z,968.0,C15DM49H,3336,English,Yes,"No, I have no issues seeing colours",Man (including Trans Male/Trans Man),45,Male,White,United States,United States,United States,English,DATA_EXPIRED,DATA_EXPIRED
6a0dd946947e784cb5fe7a2d,6a03d2da39aa2eeb5f74e10d,APPROVED,Not Applicable,2026-05-20T15:55:06.249000Z,2026-05-20T16:21:55.099000Z,2026-05-20T16:21:55.582000Z,2026-05-20T16:22:55.531551Z,1609.0,C15DM49H,41,English,Yes,"No, I have no issues seeing colours",Woman (including Trans Female/Trans Woman),22,Female,Mixed,United States,United States,United States,English,No,Due to start a new job within the next month
6a0dd9499435396c4a6a699e,6a05e1b2bef0d658663c0f91,APPROVED,Not Applicable,2026-05-20T15:54:54.934000Z,2026-05-20T16:11:27.339000Z,2026-05-20T16:11:27.805000Z,2026-05-20T16:12:27.849031Z,993.0,C15DM49H,30,English,Yes,"No, I have no issues seeing colours",Woman (including Trans Female/Trans Woman),35,Female,White,United States,United States,United States,English,No,Part-Time
6a0ddaa9464d7b50e64271bf,6a0091893a075a43cb2ded67,APPROVED,Not Applicable,2026-05-20T16:01:26.172000Z,2026-05-20T16:09:04Z,2026-05-20T16:09:04.507000Z,2026-05-20T16:10:04.460920Z,458.0,C15DM49H,4,English,Yes,"No, I have no issues seeing colours",Man (including Trans Male/Trans Man),24,Male,Black,United States,United States,United States,English,No,Full-Time
6a0ddae8f77ad0520cf390fb,6a0831615c056a9c822f077d,APPROVED,Not Applicable,2026-05-20T16:01:49.684000Z,2026-05-20T16:38:27.361000Z,2026-05-20T16:38:27.812000Z,2026-05-20T16:39:27.773294Z,2198.0,C15DM49H,6,English,Yes,"No, I have no issues seeing colours",Woman (including Trans Female/Trans Woman),29,Female,Mixed,United States,United States,United States,English,No,Full-Time
6a0ddb9dc941f440fd7cd1c0,662acd8fd604c93c4700fca6,APPROVED,Not Applicable,2026-05-20T16:04:51.172000Z,2026-05-20T16:26:40.554000Z,2026-05-20T16:26:41.043000Z,2026-05-20T16:27:41.008826Z,1310.0,C15DM49H,1159,English,Yes,"No, I have no issues seeing colours",Man (including Trans Male/Trans Man),41,Male,Black,United States,United States,United States,English,No,Part-Time
6a0ddc24b78bdcf54aed2582,6a0a84a6f0de4c74d348697a,APPROVED,Not Applicable,2026-05-20T16:07:32.556000Z,2026-05-20T16:17:43.531000Z,2026-05-20T16:17:44.031000Z,2026-05-20T16:18:44.317243Z,611.0,C15DM49H,3,English,Yes,"No, I have no issues seeing colours",Man (including Trans Male/Trans Man),23,Male,White,United States,United States,United States,English,Yes,Unemployed (and job seeking)
6a0ddcc7edc569dd1b859d75,69af89f9a007e159445fa6df,APPROVED,Not Applicable,2026-05-20T16:09:47.890000Z,2026-05-20T16:18:51.559000Z,2026-05-20T16:18:52.146000Z,2026-05-20T16:19:52.126039Z,544.0,C15DM49H,417,English,Yes,"No, I have no issues seeing colours",Man (including Trans Male/Trans Man),20,Male,White,United States,United States,United States,English,Yes,Unemployed (and job seeking)
6a0ddd50a4ff1e51b86338b3,66747a68ffbb5cc37d6d2773,APPROVED,Not Applicable,2026-05-20T16:12:04.657000Z,2026-05-20T16:27:04.684000Z,2026-05-20T16:27:05.150000Z,2026-05-20T16:28:05.100050Z,901.0,C15DM49H,582,"English, Spanish",Yes,"No, I have no issues seeing colours",Woman (including Trans Female/Trans Woman),27,Female,White,United States,United States,United States,English,DATA_EXPIRED,DATA_EXPIRED
6a0dde134f2482a276b69702,6a00be0df10688d16d8ca748,APPROVED,Not Applicable,2026-05-20T16:15:48.081000Z,2026-05-20T16:56:19.676000Z,2026-05-20T16:56:20.222000Z,2026-05-20T16:57:20.139986Z,2432.0,C15DM49H,106,English,Yes,"No, I have no issues seeing colours",Man (including Trans Male/Trans Man),36,Male,White,United States,United States,United States,English,No,Full-Time
6a0ddeb11569f5f9f718b6cd,677325421675c69275202d2d,APPROVED,Not Applicable,2026-05-20T16:18:05.882000Z,2026-05-20T16:51:38.754000Z,2026-05-20T16:51:39.268000Z,2026-05-20T16:52:39.166680Z,2013.0,C15DM49H,1917,English,Yes,"No, I have no issues seeing colours",Woman (including Trans Female/Trans Woman),41,Female,White,United States,United States,United States,English,No,Full-Time
6a0ddf423af6b90b5bd8bc1b,69ef6b26daeb7891d94977c1,APPROVED,Not Applicable,2026-05-20T16:20:30.079000Z,2026-05-20T16:42:20.493000Z,2026-05-20T16:42:20.976000Z,2026-05-20T16:43:20.916359Z,1311.0,C15DM49H,315,English,Yes,"No, I have no issues seeing colours",Man (including Trans Male/Trans Man),43,Male,White,United States,United States,United States,English,No,Part-Time
6a0ddff339e640e97a18f7c9,69c2b081005211bc39e200e6,APPROVED,Not Applicable,2026-05-20T16:23:19.815000Z,2026-05-20T16:49:30.981000Z,2026-05-20T16:49:31.525000Z,2026-05-20T16:50:31.483177Z,1572.0,C15DM49H,54,English,Yes,"No, I have no issues seeing colours",Woman (including Trans Female/Trans Woman),62,Female,White,United States,United States,United States,English,No,Part-Time
6a0de0c87899f3796dbad4a0,69de542be5cd1d5071a7f50a,APPROVED,Not Applicable,2026-05-20T16:26:54.243000Z,2026-05-20T16:48:46.506000Z,2026-05-20T16:48:46.996000Z,2026-05-20T16:49:46.964605Z,1313.0,C15DM49H,51,English,Yes,"No, I have no issues seeing colours",Man (including Trans Male/Trans Man),48,Male,White,United States,United States,United States,English,Yes,Full-Time
6a0de0e7660f67614cb5b384,6a0a1a914212a3ebeffd6b0f,APPROVED,Not Applicable,2026-05-20T16:27:30.296000Z,2026-05-20T16:45:09.390000Z,2026-05-20T16:45:09.845000Z,2026-05-20T16:46:09.801575Z,1060.0,C15DM49H,50,English,Yes,"No, I have no issues seeing colours",Woman (including Trans Female/Trans Woman),27,Female,Black,United States,United States,United States,English,Yes,Unemployed (and job seeking)
6a0de1eb15e72095fa2a4395,698f7e1a356b9b345a18bc75,APPROVED,Not Applicable,2026-05-20T16:32:00.185000Z,2026-05-20T16:48:41.726000Z,2026-05-20T16:48:42.217000Z,2026-05-20T16:49:42.176294Z,1002.0,C15DM49H,1006,English,Yes,"No, I have no issues seeing colours",Woman (including Trans Female/Trans Woman),29,Female,White,Lithuania,United States,Lithuania,Lithuanian,No,Unemployed (and job seeking)
6a0de2ab5312080bfcf7d9af,66fcd1c4584eed5dbd49859c,APPROVED,Not Applicable,2026-05-20T16:34:59.250000Z,2026-05-20T16:52:21.720000Z,2026-05-20T16:52:22.336000Z,2026-05-20T16:53:22.249912Z,1043.0,C15DM49H,1124,"English, Spanish",Yes,"No, I have no issues seeing colours",Woman (including Trans Female/Trans Woman),40,Female,White,United States,United States,United States,English,No,Other
6a0de40924dd848b859c982e,66351f1595e2d14689bec294,APPROVED,Not Applicable,2026-05-20T16:40:49.877000Z,2026-05-20T17:04:06.027000Z,2026-05-20T17:04:06.511000Z,2026-05-20T17:05:06.455028Z,1397.0,C15DM49H,298,English,Yes,"No, I have no issues seeing colours",Woman (including Trans Female/Trans Woman),41,Female,Asian,United States,United States,United States,English,Yes,Other
6a0de523b0c14b849f366249,628f827eeb876ed2617881e7,APPROVED,Not Applicable,2026-05-20T16:45:38.800000Z,2026-05-20T17:02:03.706000Z,2026-05-20T17:02:04.187000Z,2026-05-20T17:03:04.199012Z,985.0,C15DM49H,8605,"English, Spanish",Yes,"No, I have no issues seeing colours",Man (including Trans Male/Trans Man),35,Male,White,United States,United States,United States,English,DATA_EXPIRED,Full-Time
6a0de56956cd9c0a6575e88a,69d3e65eb6e6b81c7c0b234a,APPROVED,Not Applicable,2026-05-20T16:54:52.153000Z,2026-05-20T17:08:22.723000Z,2026-05-20T17:08:23.191000Z,2026-05-20T17:09:23.163675Z,811.0,C15DM49H,481,English,Yes,"No, I have no issues seeing colours",Man (including Trans Male/Trans Man),36,Male,Mixed,United States,United States,United States,English,No,Unemployed (and job seeking)
6a0de601c7fd27b88f7d0e67,6a0132d8ae8aef335a291057,APPROVED,Not Applicable,2026-05-20T16:49:32.286000Z,2026-05-20T17:11:41.793000Z,2026-05-20T17:11:42.258000Z,2026-05-20T17:12:42.211110Z,1330.0,C15DM49H,39,English,Yes,"No, I have no issues seeing colours",Woman (including Trans Female/Trans Woman),34,Female,White,United States,United States,United States,English,No,Unemployed (and job seeking)
6a0de62adaea6d06889a2da3,6a01d17339c7a346421eacb2,APPROVED,Not Applicable,2026-05-20T16:49:52.984000Z,2026-05-20T17:09:29.992000Z,2026-05-20T17:09:30.486000Z,2026-05-20T17:10:30.451988Z,1178.0,C15DM49H,36,English,Yes,"No, I have no issues seeing colours",Man (including Trans Male/Trans Man),46,Male,White,United States,United States,Ireland,English,No,Full-Time
6a0de691d30e348b1a93df28,69b58d907f39e186ec474b28,APPROVED,Not Applicable,2026-05-20T16:51:34.466000Z,2026-05-20T17:14:19.319000Z,2026-05-20T17:14:19.822000Z,2026-05-20T17:15:19.764367Z,1365.0,C15DM49H,123,English,Yes,"No, I have no issues seeing colours",Non-binary (would like to give more detail),19,Male,Other,United States,United States,United States,English,Yes,Unemployed (and job seeking)
6a0de6a130d9fc060908bba5,69fa80e122442e766220480e,APPROVED,Not Applicable,2026-05-20T16:57:24.995000Z,2026-05-20T17:28:10.794000Z,2026-05-20T17:28:11.253000Z,2026-05-20T17:29:11.207061Z,1846.0,C15DM49H,207,English,Yes,"No, I have no issues seeing colours",Man (including Trans Male/Trans Man),27,Male,Black,United States,United States,United States,English,No,Full-Time
6a0de6e3ba8f8c156fd6aafb,69caad211e19c8bb9813e469,APPROVED,Not Applicable,2026-05-20T16:52:54.755000Z,2026-05-20T17:20:36.122000Z,2026-05-20T17:20:36.594000Z,2026-05-20T17:21:36.516579Z,1662.0,C15DM49H,493,English,Yes,"No, I have no issues seeing colours",Man (including Trans Male/Trans Man),44,Male,White,United States,United States,United States,English,No,Full-Time
6a0de755c7b8a583c6214dc1,69b59de7265c760450f6fde2,APPROVED,Not Applicable,2026-05-20T16:54:50.194000Z,2026-05-20T17:07:27.305000Z,2026-05-20T17:07:28.908000Z,2026-05-20T17:08:27.699750Z,758.0,C15DM49H,29,English,Yes,"No, I have no issues seeing colours",Man (including Trans Male/Trans Man),28,Male,Mixed,United States,United States,United States,English,No,Unemployed (and job seeking)
6a0de91cdd5bbb61ad694d8c,61531a9bd8acf4e88e083892,APPROVED,Not Applicable,2026-05-20T17:02:25.249000Z,2026-05-20T17:13:47.048000Z,2026-05-20T17:13:47.517000Z,2026-05-20T17:14:47.460989Z,682.0,C15DM49H,4119,English,Yes,"No, I have no issues seeing colours",Man (including Trans Male/Trans Man),48,Male,Black,United States,United States,United States,English,DATA_EXPIRED,DATA_EXPIRED
6a0dea0c6f979b76c7a94039,6a0ba1047f3aa61ff412ce86,APPROVED,Not Applicable,2026-05-20T17:06:24.949000Z,2026-05-20T17:18:18.220000Z,2026-05-20T17:18:18.759000Z,2026-05-20T17:19:18.689382Z,714.0,C15DM49H,27,English,Yes,"No, I have no issues seeing colours",Man (including Trans Male/Trans Man),20,Male,White,United States,United States,United States,English,Yes,Unemployed (and job seeking)
6a0dea8dfa6e853bdccffe8c,6991551b7b0c4970e11f07db,APPROVED,Not Applicable,2026-05-20T17:08:31.881000Z,2026-05-20T17:33:37.565000Z,2026-05-20T17:33:38.169000Z,2026-05-20T17:34:38.155366Z,1506.0,C15DM49H,1997,English,Yes,"No, I have no issues seeing colours",Woman (including Trans Female/Trans Woman),37,Prefer not to say,Asian,China,United States,China,Chinese,No,Unemployed (and job seeking)
6a0deab188ee3898f12ad447,69417b22e57b2188a215d5bf,APPROVED,Not Applicable,2026-05-20T17:11:01.372000Z,2026-05-20T17:35:51.018000Z,2026-05-20T17:35:51.490000Z,2026-05-20T17:36:51.426052Z,1490.0,C15DM49H,1279,English,Yes,"No, I have no issues seeing colours",Man (including Trans Male/Trans Man),37,Male,White,United States,United States,United States,English,No,Full-Time
6a0deb4ea877025d25182a76,69ffbfb26679866d3a10ddbc,APPROVED,Not Applicable,2026-05-20T17:11:55.062000Z,2026-05-20T17:40:21.884000Z,2026-05-20T17:45:56.586000Z,2026-05-20T17:41:22.363463Z,1707.0,C15DM49H,3,English,Yes,"No, I have no issues seeing colours",Man (including Trans Male/Trans Man),54,Prefer not to say,Prefer not to say,United States,United States,United States,English,No,Full-Time
6a0deb58adb09b60e5b0b07e,698d1752d68218ffc4c6540a,APPROVED,Not Applicable,2026-05-20T17:11:55.760000Z,2026-05-20T17:20:56.992000Z,2026-05-20T17:20:58.680000Z,2026-05-20T17:21:57.451937Z,542.0,C15DM49H,175,English,Yes,"No, I have no issues seeing colours",Woman (including Trans Female/Trans Woman),25,Female,White,United Kingdom,United States,United Kingdom,English,No,Full-Time
6a0debee93c667d9f0b5e89e,65c12aec64a50727ccd1ac6e,APPROVED,Not Applicable,2026-05-20T17:14:26.463000Z,2026-05-20T17:32:41.116000Z,2026-05-20T17:32:41.563000Z,2026-05-20T17:33:41.517856Z,1095.0,C15DM49H,6966,English,Yes,"No, I have no issues seeing colours",Woman (including Trans Female/Trans Woman),37,Female,Black,United States,United States,United States,English,No,Full-Time
6a0ded269e22e257fdbddf3e,68c9abcce7eac7108f2484ab,APPROVED,Not Applicable,2026-05-20T17:19:39.664000Z,2026-05-20T17:42:44.047000Z,2026-05-20T17:42:44.524000Z,2026-05-20T17:43:44.470888Z,1385.0,C15DM49H,927,English,Yes,"No, I have no issues seeing colours",Woman (including Trans Female/Trans Woman),58,Female,Asian,China,United States,United States,Chinese,No,"Not in paid work (e.g. homemaker', 'retired or disabled)"
6a0ded700ea5ee39c8911605,6a021778d56e3ab5c4fbdf19,APPROVED,Not Applicable,2026-05-20T17:20:52.282000Z,2026-05-20T17:49:18.564000Z,2026-05-20T17:49:19.027000Z,2026-05-20T17:50:18.971892Z,1707.0,C15DM49H,43,"Spanish, English",Yes,"No, I have no issues seeing colours",Woman (including Trans Female/Trans Woman),35,Female,White,Cuba,United States,Cuba,Spanish,No,Unemployed (and job seeking)
6a0dee35415c628aed00043d,67acc79639c8b179b56eb0b6,APPROVED,Not Applicable,2026-05-20T17:24:10.211000Z,2026-05-20T17:37:28.774000Z,2026-05-20T17:37:29.217000Z,2026-05-20T17:38:29.191660Z,799.0,C15DM49H,701,English,Yes,"No, I have no issues seeing colours",Woman (including Trans Female/Trans Woman),30,Female,White,United States,United States,United States,English,No,Full-Time
6a0def2ccaac3ff118b154d4,622a4950fe920c5a243b8b8c,APPROVED,Not Applicable,2026-05-20T17:30:01.105000Z,2026-05-20T18:15:37.601000Z,2026-05-20T18:15:38.080000Z,2026-05-20T18:16:38.009804Z,2737.0,C15DM49H,923,English,Yes,"No, I have no issues seeing colours",Woman (including Trans Female/Trans Woman),60,Female,White,United States,United States,United States,English,No,Part-Time
6a0df0473bfa583ccbcb7083,69f2861c6f0ebfa1e6fb9f7a,APPROVED,Not Applicable,2026-05-20T17:34:08.834000Z,2026-05-20T17:42:01.272000Z,2026-05-20T17:42:01.710000Z,2026-05-20T17:43:01.674859Z,473.0,C15DM49H,100,English,Yes,"No, I have no issues seeing colours",Woman (including Trans Female/Trans Woman),18,Female,Black,United States,United States,United States,English,Yes,Due to start a new job within the next month
6a0df0760c4f318f5f033cee,6138f7e0ad42e592ca5f2024,APPROVED,Not Applicable,2026-05-20T17:33:48.136000Z,2026-05-20T17:51:07.077000Z,2026-05-20T17:51:07.518000Z,2026-05-20T17:52:07.469872Z,1039.0,C15DM49H,5382,English,Yes,"No, I have no issues seeing colours",Man (including Trans Male/Trans Man),38,Male,Black,United States,United States,United States,English,No,"Not in paid work (e.g. homemaker', 'retired or disabled)"
6a0df162503a421751df91e3,5f18005918868d0b9752e772,APPROVED,Not Applicable,2026-05-20T17:37:51.259000Z,2026-05-20T17:53:33.764000Z,2026-05-20T17:53:34.207000Z,2026-05-20T17:54:34.180304Z,943.0,C15DM49H,102,English,Yes,"No, I have no issues seeing colours",Man (including Trans Male/Trans Man),25,Male,White,United States,United States,United States,English,No,Full-Time
6a0df163dd698d3b3bd80235,607dc630d2d30aa7e8699c23,APPROVED,Not Applicable,2026-05-20T17:37:44.595000Z,2026-05-20T17:53:48.903000Z,2026-05-20T17:53:49.363000Z,2026-05-20T17:54:49.315158Z,965.0,C15DM49H,11493,"English, Polish",Yes,"No, I have no issues seeing colours",Man (including Trans Male/Trans Man),35,Male,White,Poland,United States,United States,Polish,No,Full-Time
6a0df1d3545e6a2e54d77ba1,697a57ee90b4f7c55c8bfe94,APPROVED,Not Applicable,2026-05-20T17:39:53.338000Z,2026-05-20T17:53:21.369000Z,2026-05-20T17:53:21.875000Z,2026-05-20T17:54:21.813089Z,809.0,C15DM49H,943,"English, Korean",Yes,"No, I have no issues seeing colours",Woman (including Trans Female/Trans Woman),26,Female,Asian,United States,United States,United States,Korean,Yes,Unemployed (and job seeking)
6a0df20dbecad667b1d33021,67cc63a3a8d24ad74be65272,APPROVED,Not Applicable,2026-05-20T17:40:32.508000Z,2026-05-20T17:54:47.408000Z,2026-05-20T17:54:47.885000Z,2026-05-20T17:55:47.828486Z,855.0,C15DM49H,5691,English,Yes,"No, I have no issues seeing colours",Man (including Trans Male/Trans Man),59,Male,White,United States,United States,United States,English,DATA_EXPIRED,DATA_EXPIRED
6a0df3624f02b60dd708847a,660dfb0b513cd3c8af03656e,APPROVED,Not Applicable,2026-05-20T17:46:13.462000Z,2026-05-20T17:55:56.217000Z,2026-05-20T17:55:56.743000Z,2026-05-20T17:56:56.692199Z,583.0,C15DM49H,8028,English,Yes,"No, I have no issues seeing colours",Woman (including Trans Female/Trans Woman),44,Female,White,United States,United States,United States,English,No,Full-Time
6a0df4274514b4370880e605,6a0215de34f903beea05044b,APPROVED,Not Applicable,2026-05-20T17:55:26.567000Z,2026-05-20T18:15:55.203000Z,2026-05-20T18:15:55.644000Z,2026-05-20T18:16:55.632905Z,1229.0,C15DM49H,31,English,Yes,"No, I have no issues seeing colours",Woman (including Trans Female/Trans Woman),27,Female,White,United States,United States,United States,English,No,"Not in paid work (e.g. homemaker', 'retired or disabled)"
6a0df4922ed2abc318d2c03a,669bd78975f22207e8e90ac0,APPROVED,Not Applicable,2026-05-20T17:51:28.654000Z,2026-05-20T18:02:53.204000Z,2026-05-20T18:02:53.702000Z,2026-05-20T18:03:53.659142Z,685.0,C15DM49H,8043,English,Yes,"No, I have no issues seeing colours",Man (including Trans Male/Trans Man),37,Male,White,United States,United States,United States,English,Yes,Full-Time
6a0df5166e8a882b6d61597e,6723d2acbc2d23b9506b2b46,APPROVED,Not Applicable,2026-05-20T17:53:31.730000Z,2026-05-20T18:15:26.491000Z,2026-05-20T18:15:26.985000Z,2026-05-20T18:16:26.904861Z,1315.0,C15DM49H,1214,English,Yes,"No, I have no issues seeing colours",Woman (including Trans Female/Trans Woman),49,Female,White,United States,United States,United States,English,No,Full-Time
6a0df52f15f43455fbdf30ef,69d875fba9413026d5e37b64,APPROVED,Not Applicable,2026-05-20T17:54:00.641000Z,2026-05-20T18:26:17.926000Z,2026-05-20T18:26:18.399000Z,2026-05-20T18:27:18.352881Z,1938.0,C15DM49H,141,"Arabic, English",Yes,"No, I have no issues seeing colours",Woman (including Trans Female/Trans Woman),34,Female,Black,Sudan,United States,United States,Arabic,No,"Not in paid work (e.g. homemaker', 'retired or disabled)"
6a0df571190b261d848c2689,69d2cd4b68f653e4a5da40b4,APPROVED,Not Applicable,2026-05-20T17:55:01.146000Z,2026-05-20T18:05:01.828000Z,2026-05-20T18:05:02.336000Z,2026-05-20T18:06:02.258516Z,601.0,C15DM49H,1213,English,Yes,"No, I have no issues seeing colours",Man (including Trans Male/Trans Man),21,Male,White,United States,United States,United States,English,No,Full-Time
6a0df59340ea53ad3ae0d25e,6a0b90d0d94ed48dc2b9ea78,APPROVED,Not Applicable,2026-05-20T17:55:34.954000Z,2026-05-20T18:08:12.198000Z,2026-05-20T18:08:12.682000Z,2026-05-20T18:09:12.629626Z,758.0,C15DM49H,57,English,Yes,"No, I have no issues seeing colours",Man (including Trans Male/Trans Man),33,Male,White,United States,United States,United States,English,No,Full-Time
6a0df75609846aacafa531c8,69cc052225146b98a7ae8323,APPROVED,Not Applicable,2026-05-20T18:03:07.197000Z,2026-05-20T18:31:05.789000Z,2026-05-20T18:31:08.958000Z,2026-05-20T18:32:06.273965Z,1679.0,C15DM49H,424,"Chinese, English",Yes,"No, I have no issues seeing colours",Woman (including Trans Female/Trans Woman),44,Female,Asian,Hong Kong,United States,United States,Chinese,No,"Not in paid work (e.g. homemaker', 'retired or disabled)"
6a0df7da8d4ce0281e862438,69f9231004b4c562e84bf443,APPROVED,Not Applicable,2026-05-20T18:05:19.659000Z,2026-05-20T18:31:44.502000Z,2026-05-20T18:31:44.983000Z,2026-05-20T18:32:44.935343Z,1585.0,C15DM49H,56,English,Yes,"No, I have no issues seeing colours",Woman (including Trans Female/Trans Woman),46,Female,White,United States,United States,United States,English,No,"Not in paid work (e.g. homemaker', 'retired or disabled)"
6a0df7e812adcdfe1412ea4e,6413ba814d48703a89b5ee31,APPROVED,Not Applicable,2026-05-20T18:14:42.334000Z,2026-05-20T18:27:53.273000Z,2026-05-20T18:27:53.759000Z,2026-05-20T18:28:53.700471Z,791.0,C15DM49H,784,English,Yes,"No, I have no issues seeing colours",Man (including Trans Male/Trans Man),22,Male,Other,United States,United States,United States,English,DATA_EXPIRED,Part-Time
6a0df84da0cd1ca0abf441b4,69c5828f71483527b951a1b7,APPROVED,Not Applicable,2026-05-20T18:07:18.584000Z,2026-05-20T18:21:48.109000Z,2026-05-20T18:21:48.544000Z,2026-05-20T18:22:48.508113Z,870.0,C15DM49H,880,English,Yes,"No, I have no issues seeing colours",Woman (including Trans Female/Trans Woman),31,Female,Asian,China,United States,United States,English,No,Unemployed (and job seeking)
6a0df8e08a8ea12cdd540794,69c595862a585f09cc99aa88,APPROVED,Not Applicable,2026-05-20T18:11:59.212000Z,2026-05-20T18:45:49.509000Z,2026-05-20T18:45:50.026000Z,2026-05-20T18:46:49.974797Z,2031.0,C15DM49H,429,English,Yes,"No, I have no issues seeing colours",Woman (including Trans Female/Trans Woman),29,Male,White,United States,United States,United States,English,Yes,Part-Time
6a0df8f486916cc7cf5ac1ee,666ad9cd9e785efb19474220,APPROVED,Not Applicable,2026-05-20T18:10:04.153000Z,2026-05-20T18:34:13.604000Z,2026-05-20T18:34:14.108000Z,2026-05-20T18:35:14.042573Z,1450.0,C15DM49H,3055,English,Yes,"No, I have no issues seeing colours",Woman (including Trans Female/Trans Woman),52,Female,Mixed,United States,United States,United States,English,No,Full-Time
6a0dfa475109aef184752a1a,608832bd3e28d0394114ffa4,APPROVED,Not Applicable,2026-05-20T18:15:41.544000Z,2026-05-20T18:34:54.638000Z,2026-05-20T18:34:55.117000Z,2026-05-20T18:35:55.050678Z,1154.0,C15DM49H,446,English,Yes,"No, I have no issues seeing colours",Woman (including Trans Female/Trans Woman),27,Female,White,United States,United States,United States,English,Yes,"Not in paid work (e.g. homemaker', 'retired or disabled)"
6a0dfa62385a37ff9d005539,66fba0b5e6f17a41ef364732,APPROVED,Not Applicable,2026-05-20T18:16:05.052000Z,2026-05-20T18:27:32.117000Z,2026-05-20T18:27:32.563000Z,2026-05-20T18:28:32.506140Z,688.0,C15DM49H,748,English,Yes,"No, I have no issues seeing colours",Man (including Trans Male/Trans Man),29,Male,White,United States,United States,United States,English,DATA_EXPIRED,DATA_EXPIRED
6a0dfb7a2e039404b77a0ec1,6a0d1a477a24a6c53ab4d82c,APPROVED,Not Applicable,2026-05-20T18:20:48.529000Z,2026-05-20T18:31:37.943000Z,2026-05-20T18:31:38.421000Z,2026-05-20T18:32:38.370119Z,650.0,C15DM49H,11,English,Yes,"No, I have no issues seeing colours",Man (including Trans Male/Trans Man),34,Male,White,United States,United States,United States,English,Yes,Full-Time
6a0dfcd5fdf92b4d54adf91e,6a09253169b1464dfae22d6e,APPROVED,Not Applicable,2026-05-20T18:26:32.326000Z,2026-05-20T18:35:01.872000Z,2026-05-20T18:35:02.334000Z,2026-05-20T18:36:02.293042Z,510.0,C15DM49H,34,English,Yes,"No, I have no issues seeing colours",Woman (including Trans Female/Trans Woman),19,Female,White,United States,United States,United States,English,Yes,Unemployed (and job seeking)
6a0dfd2b803d057723766ffd,69c16b869bbaf9f54a22ad6b,APPROVED,Not Applicable,2026-05-20T18:34:20.654000Z,2026-05-20T18:55:58.088000Z,2026-05-20T18:55:58.592000Z,2026-05-20T18:56:58.531452Z,1298.0,C15DM49H,592,English,Yes,"No, I have no issues seeing colours",Man (including Trans Male/Trans Man),34,Male,Black,United States,United States,United States,English,No,Full-Time
6a0dfdea8283c24f77ed746c,66b0090537df317442571541,APPROVED,Not Applicable,2026-05-20T18:32:26.838000Z,2026-05-20T19:07:25.546000Z,2026-05-20T19:07:26.098000Z,2026-05-20T19:08:26.061027Z,2099.0,C15DM49H,2275,English,Yes,"No, I have no issues seeing colours",Man (including Trans Male/Trans Man),61,Male,Other,United States,United States,United States,English,No,Full-Time
6a0dfe21d738fa0170acc910,6118b3bf8ec743208bae28c8,APPROVED,Not Applicable,2026-05-20T18:32:10.975000Z,2026-05-20T18:53:26.782000Z,2026-05-20T18:53:27.253000Z,2026-05-20T18:54:27.218804Z,1276.0,C15DM49H,2701,English,Yes,"No, I have no issues seeing colours",Man (including Trans Male/Trans Man),31,Male,White,United States,United States,United States,English,No,Part-Time
6a0dff09e6babe9d364fbc3d,694b928edc7747d82753b849,APPROVED,Not Applicable,2026-05-20T18:35:58.376000Z,2026-05-20T18:49:23.948000Z,2026-05-20T18:49:24.401000Z,2026-05-20T18:50:24.354654Z,806.0,C15DM49H,1372,English,Yes,"No, I have no issues seeing colours",Man (including Trans Male/Trans Man),29,Male,White,United States,United States,United States,English,No,Part-Time
6a0dff4864b65cbb3454f68d,69e84d1de6f7a9d3a4f1fdaa,APPROVED,Not Applicable,2026-05-20T18:37:15.246000Z,2026-05-20T18:56:44.763000Z,2026-05-20T18:56:45.218000Z,2026-05-20T18:57:45.180166Z,1170.0,C15DM49H,41,"English, Polish",Yes,"No, I have no issues seeing colours",Woman (including Trans Female/Trans Woman),37,Female,White,Poland,United States,Poland,Polish,No,Full-Time
6a0dffb40a78f393326f409e,66e739f07dd765fe0446ddb7,APPROVED,Not Applicable,2026-05-20T18:38:49.754000Z,2026-05-20T18:58:46.783000Z,2026-05-20T18:58:47.216000Z,2026-05-20T18:59:47.173309Z,1198.0,C15DM49H,1269,English,Yes,"No, I have no issues seeing colours",Man (including Trans Male/Trans Man),53,Male,White,United States,United States,United States,English,DATA_EXPIRED,DATA_EXPIRED
6a0e00498a63ef996169b17b,6a0529f03dcc499646401610,APPROVED,Not Applicable,2026-05-20T18:41:20.118000Z,2026-05-20T18:58:23.639000Z,2026-05-20T18:58:24.116000Z,2026-05-20T18:59:24.043861Z,1024.0,C15DM49H,67,"English, Spanish",Yes,"No, I have no issues seeing colours",Woman (including Trans Female/Trans Woman),40,Female,White,United States,United States,United States,English,Yes,Full-Time
6a0e01795c9c2e235612eaae,69a6f2a23f81acd5eb40caba,APPROVED,Not Applicable,2026-05-20T18:46:21.533000Z,2026-05-20T19:05:48.830000Z,2026-05-20T19:05:49.344000Z,2026-05-20T19:06:49.265625Z,1168.0,C15DM49H,447,English,Yes,"No, I have no issues seeing colours",Woman (including Trans Female/Trans Woman),31,Female,Mixed,United States,United States,United States,English,No,Unemployed (and job seeking)
6a0e025c19e05f0f2568454a,698cf4dee24b87ad4c3038e1,APPROVED,Not Applicable,2026-05-20T18:50:04.531000Z,2026-05-20T19:17:32.550000Z,2026-05-20T19:17:33.039000Z,2026-05-20T19:18:32.977525Z,1649.0,C15DM49H,827,English,Yes,"No, I have no issues seeing colours",Man (including Trans Male/Trans Man),37,Male,White,United States,United States,United States,English,No,Unemployed (and job seeking)
6a0e02c2842108fbf9a5318f,69416f4716fda7b2fb54b6d9,APPROVED,Not Applicable,2026-05-20T18:51:49.508000Z,2026-05-20T19:06:10.887000Z,2026-05-20T19:06:11.400000Z,2026-05-20T19:07:11.353702Z,862.0,C15DM49H,2300,English,Yes,"No, I have no issues seeing colours",Man (including Trans Male/Trans Man),30,Male,White,United States,United States,United States,English,No,Full-Time
6a0e032f4915d4aa1f0f8171,69d48e6065a703133e6b6b68,APPROVED,Not Applicable,2026-05-20T18:53:38.476000Z,2026-05-20T19:13:01.048000Z,2026-05-20T19:13:01.530000Z,2026-05-20T19:14:01.491416Z,1163.0,C15DM49H,190,English,Yes,"No, I have no issues seeing colours",Woman (including Trans Female/Trans Woman),22,Female,White,United States,United States,United States,English,Yes,Part-Time
6a0e03be3ec2eacf90a62769,69fd15ecdd5e690e98031782,APPROVED,Not Applicable,2026-05-20T18:56:40.691000Z,2026-05-20T19:28:47.950000Z,2026-05-20T19:28:48.374000Z,2026-05-20T19:29:48.347945Z,1928.0,C15DM49H,22,English,Yes,"No, I have no issues seeing colours",Man (including Trans Male/Trans Man),45,Male,White,United States,United States,United States,English,No,Other
6a0e03f6faf814e1e18aa6f6,629e2781136f152f6592f171,APPROVED,Not Applicable,2026-05-20T18:57:22Z,2026-05-20T19:13:48.626000Z,2026-05-20T19:13:49.103000Z,2026-05-20T19:14:49.057601Z,987.0,C15DM49H,9543,"English, Spanish",Yes,"No, I have no issues seeing colours",Man (including Trans Male/Trans Man),31,Male,White,United States,United States,United States,English,No,DATA_EXPIRED
6a0e045a59b4cf68682ad45d,67055cc13379ce2679625258,APPROVED,Not Applicable,2026-05-20T18:58:37.235000Z,2026-05-20T19:22:59Z,2026-05-20T19:22:59.485000Z,2026-05-20T19:23:59.429639Z,1462.0,C15DM49H,2105,English,Yes,"No, I have no issues seeing colours",Woman (including Trans Female/Trans Woman),59,Female,White,United States,United States,United States,English,DATA_EXPIRED,DATA_EXPIRED
6a0e058400fa1d36639151ca,69c900959ef695a7c83668c6,APPROVED,Not Applicable,2026-05-20T19:04:01.568000Z,2026-05-20T19:29:02.710000Z,2026-05-20T19:29:03.181000Z,2026-05-20T19:30:03.114350Z,1502.0,C15DM49H,484,"English, Spanish",Yes,"No, I have no issues seeing colours",Woman (including Trans Female/Trans Woman),36,Female,White,El Salvador,United States,El Salvador,Spanish,No,Full-Time
6a0e061986b4c4b55b1ef426,6a0baf5f27b302205f407d3c,APPROVED,Not Applicable,2026-05-20T19:06:06.487000Z,2026-05-20T19:14:46.206000Z,2026-05-20T19:14:46.661000Z,2026-05-20T19:15:46.631059Z,520.0,C15DM49H,13,English,Yes,"No, I have no issues seeing colours",Man (including Trans Male/Trans Man),23,Male,White,United States,United States,United States,English,No,Due to start a new job within the next month
6a0e06263d3fe8a908684551,693b65ff4fa299fcac0b14f4,APPROVED,Not Applicable,2026-05-20T19:07:45.703000Z,2026-05-20T19:20:59.174000Z,2026-05-20T19:20:59.727000Z,2026-05-20T19:21:59.671234Z,794.0,C15DM49H,85,English,Yes,"No, I have no issues seeing colours",Woman (including Trans Female/Trans Woman),48,Female,Mixed,United States,United States,United States,English,Yes,Full-Time
6a0e07d469ed8802c1a8d90c,67aad067b49c4688a6459b1b,APPROVED,Not Applicable,2026-05-20T19:13:40.398000Z,2026-05-20T19:46:16.927000Z,2026-05-20T19:46:17.447000Z,2026-05-20T19:47:17.387388Z,1957.0,C15DM49H,1115,English,Yes,"No, I have no issues seeing colours",Man (including Trans Male/Trans Man),45,Male,Black,United States,United States,United States,English,DATA_EXPIRED,DATA_EXPIRED
6a0e07ec45480a3786cd704e,5c0fcccc1f6f150001487111,APPROVED,Not Applicable,2026-05-20T19:13:54.031000Z,2026-05-20T19:33:30.279000Z,2026-05-20T19:33:30.773000Z,2026-05-20T19:34:30.745789Z,1177.0,C15DM49H,10221,English,Yes,"No, I have no issues seeing colours",Woman (including Trans Female/Trans Woman),62,Female,White,United States,United States,United States,English,No,"Not in paid work (e.g. homemaker', 'retired or disabled)"
6a0e083174c9e514d2d5b9f3,6987834362e70c22e6809aee,APPROVED,Not Applicable,2026-05-20T19:15:00.878000Z,2026-05-20T19:34:04.130000Z,2026-05-20T19:34:04.613000Z,2026-05-20T19:35:04.548151Z,1144.0,C15DM49H,745,"English, Spanish",Yes,"No, I have no issues seeing colours",Man (including Trans Male/Trans Man),33,Male,Black,United States,United States,United States,English,No,Other
6a0e0935f11757adbcbf8d06,67574ff1297b5a8b5d132ba8,APPROVED,Not Applicable,2026-05-20T19:19:22.149000Z,2026-05-20T19:25:26.163000Z,2026-05-21T18:13:02.234000Z,2026-05-21T18:13:02.356690Z,365.0,C15DM49H,510,English,Yes,"No, I have no issues seeing colours",Woman (including Trans Female/Trans Woman),30,Female,White,United States,United States,United States,English,No,Full-Time
6a0e09f2c7a7df391a94cbe6,6a0202affc5e03bca4b0c327,APPROVED,Not Applicable,2026-05-20T19:22:43.574000Z,2026-05-20T19:34:08.392000Z,2026-05-20T19:34:08.865000Z,2026-05-20T19:35:08.814336Z,685.0,C15DM49H,72,English,Yes,"No, I have no issues seeing colours",Man (including Trans Male/Trans Man),45,Male,White,United States,United States,United States,English,No,Part-Time
6a0e0a249e88f083ce8aa70c,6a036834e5511d6c260fda8b,APPROVED,Not Applicable,2026-05-20T19:23:19.304000Z,2026-05-20T19:41:09.414000Z,2026-05-20T19:41:09.899000Z,2026-05-20T19:42:09.794847Z,1071.0,C15DM49H,36,"English, Spanish",Yes,"Yes, I'm colourblind",Woman (including Trans Female/Trans Woman),31,Female,White,United States,United States,United States,Spanish,No,Full-Time
6a0e0abe902a87af7d560294,68c0d83c241d4e29e89b10a3,APPROVED,Not Applicable,2026-05-20T19:25:55.293000Z,2026-05-20T19:43:03.969000Z,2026-05-20T19:43:04.432000Z,2026-05-20T19:44:04.411322Z,1029.0,C15DM49H,44,English,Yes,"No, I have no issues seeing colours",Woman (including Trans Female/Trans Woman),21,Female,Asian,United States,United States,United States,English,Yes,Other
6a0e0ad3c87b38fc2c67e67c,6962e62c7de247bcaa2145f2,APPROVED,Not Applicable,2026-05-20T19:26:17.124000Z,2026-05-20T19:45:11.482000Z,2026-05-20T19:45:11.922000Z,2026-05-20T19:46:11.879197Z,1135.0,C15DM49H,1435,English,Yes,"Yes, I'm colourblind",Man (including Trans Male/Trans Man),53,Male,Asian,Hong Kong,United States,United States,Cantonese,No,Full-Time
6a0e0b703cd819d41aa3f313,6314e875f7c98f1d344b2e3f,APPROVED,Not Applicable,2026-05-20T19:28:52.020000Z,2026-05-20T19:57:37.496000Z,2026-05-20T19:57:37.983000Z,2026-05-20T19:58:37.927801Z,1726.0,C15DM49H,2904,English,Yes,"Yes, I'm colourblind",Man (including Trans Male/Trans Man),35,Male,White,United States,United States,United States,English,No,Full-Time
6a0e0b898389b59045e6d54b,6a045e7d619304cffac181c1,APPROVED,Not Applicable,2026-05-20T19:29:16.380000Z,2026-05-20T19:42:29.889000Z,2026-05-20T19:42:30.360000Z,2026-05-20T19:43:30.348553Z,794.0,C15DM49H,18,English,Yes,"No, I have no issues seeing colours",Woman (including Trans Female/Trans Woman),25,Female,Mixed,United States,United States,United States,English,Yes,Part-Time
6a0e0ca015353065dd4df5fe,6a01bdb6b0976a5caf48b396,APPROVED,Not Applicable,2026-05-20T19:33:57.468000Z,2026-05-20T19:54:00.755000Z,2026-05-20T19:54:01.284000Z,2026-05-20T19:55:01.238552Z,1204.0,C15DM49H,72,English,Yes,"No, I have no issues seeing colours",Man (including Trans Male/Trans Man),39,Male,White,United States,United States,United States,English,No,Part-Time
6a0e0cbf8116485ca74c4615,66be6ceec893e327db92ca2d,APPROVED,Not Applicable,2026-05-20T19:34:27.525000Z,2026-05-20T19:51:14.927000Z,2026-05-20T19:51:15.423000Z,2026-05-20T19:52:15.378364Z,1008.0,C15DM49H,4211,English,Yes,"No, I have no issues seeing colours",Man (including Trans Male/Trans Man),53,Male,White,United States,United States,United States,English,No,Part-Time
6a0e0df946d90175fd0ea4d0,6a0d2fea5a90a092af229371,APPROVED,Not Applicable,2026-05-20T19:39:40.341000Z,2026-05-20T19:52:30.719000Z,2026-05-20T19:52:31.223000Z,2026-05-20T19:53:31.193170Z,771.0,C15DM49H,1,English,Yes,"No, I have no issues seeing colours",Woman (including Trans Female/Trans Woman),23,Female,Black,Jamaica,United States,Jamaica,English,No,Due to start a new job within the next month
6a0e0e6e5f6ebf4ed243fe04,6a0b4b98c3979b2ae4e8ecef,APPROVED,Not Applicable,2026-05-20T19:41:37.126000Z,2026-05-20T20:03:17.092000Z,2026-05-20T20:03:17.584000Z,2026-05-20T20:04:17.579828Z,1300.0,C15DM49H,20,English,Yes,"No, I have no issues seeing colours",Woman (including Trans Female/Trans Woman),28,Female,Other,United States,United States,United States,English,Yes,Unemployed (and job seeking)
6a0e0eb2a6f85188727e186a,6a060ea2a3d50015e67f53db,APPROVED,Not Applicable,2026-05-20T19:43:33.842000Z,2026-05-20T20:08:29.262000Z,2026-05-20T20:08:29.729000Z,2026-05-20T20:09:29.678509Z,1496.0,C15DM49H,8,English,Yes,"No, I have no issues seeing colours",Woman (including Trans Female/Trans Woman),27,Female,Black,United States,United States,United States,English,No,Unemployed (and job seeking)
6a0e0edbe8f4815580bde15d,665c64f2f948d3e83dff8f62,APPROVED,Not Applicable,2026-05-20T19:47:08.562000Z,2026-05-20T19:55:55.111000Z,2026-05-20T19:55:55.585000Z,2026-05-20T19:56:55.532457Z,527.0,C15DM49H,466,English,Yes,"No, I have no issues seeing colours",Man (including Trans Male/Trans Man),25,Male,Asian,United States,United States,United States,English,No,Unemployed (and job seeking)
6a0e10ce47d7bf247f1c95e7,69fce3ef0b9da8b3ad46eedd,APPROVED,Not Applicable,2026-05-20T19:51:49.683000Z,2026-05-20T20:11:12.348000Z,2026-05-20T20:11:12.836000Z,2026-05-20T20:12:12.778266Z,1163.0,C15DM49H,78,English,Yes,"No, I have no issues seeing colours",Man (including Trans Male/Trans Man),43,Male,White,United States,United States,United States,English,No,"Not in paid work (e.g. homemaker', 'retired or disabled)"
6a0e117f10281bc7f136ae8f,65f08b5479f172bd6781d1d8,APPROVED,Not Applicable,2026-05-20T19:54:44.056000Z,2026-05-20T20:18:09.591000Z,2026-05-20T20:18:10.083000Z,2026-05-20T20:19:09.990154Z,1406.0,C15DM49H,2982,English,Yes,"No, I have no issues seeing colours",Woman (including Trans Female/Trans Woman),50,Female,White,United States,United States,United States,English,No,Full-Time
6a0e11bbba9f5a5d7afee22e,6119e2fc2605933b16ea87c0,APPROVED,Not Applicable,2026-05-20T19:55:44.268000Z,2026-05-20T20:11:11.249000Z,2026-05-20T20:11:11.728000Z,2026-05-20T20:12:11.667465Z,927.0,C15DM49H,1602,English,Yes,"No, I have no issues seeing colours",Woman (including Trans Female/Trans Woman),25,Female,White,United States,United States,United States,English,No,Due to start a new job within the next month
6a0e11e2735131e412f63829,69fc91c42ca2c80f110680ae,APPROVED,Not Applicable,2026-05-20T19:56:30.322000Z,2026-05-20T20:33:50.714000Z,2026-05-20T20:33:51.243000Z,2026-05-20T20:34:51.176953Z,2241.0,C15DM49H,28,English,Yes,"No, I have no issues seeing colours",Woman (including Trans Female/Trans Woman),37,Female,White,United States,United States,United States,English,No,Part-Time
6a0e1273cab8f5cff89c8bd9,694186e0b412c1013e4c97f0,APPROVED,Not Applicable,2026-05-20T19:58:46.460000Z,2026-05-20T20:20:39.466000Z,2026-05-20T20:20:39.957000Z,2026-05-20T20:21:39.903742Z,1314.0,C15DM49H,115,English,Yes,"No, I have no issues seeing colours",Woman (including Trans Female/Trans Woman),45,Female,Black,United States,United States,United States,English,No,Other
6a0e12d44a814ca74a269d5f,69ab075232e2303f295e8045,APPROVED,Not Applicable,2026-05-20T20:00:33.092000Z,2026-05-20T20:11:44.919000Z,2026-05-20T20:11:45.468000Z,2026-05-20T20:12:45.398728Z,672.0,C15DM49H,231,English,Yes,"No, I have no issues seeing colours",Woman (including Trans Female/Trans Woman),22,Female,Black,United States,United States,United States,English,Yes,Unemployed (and job seeking)
6a0e140a96d6929379033d34,69f699fd7f2e846a788a0c55,APPROVED,Not Applicable,2026-05-20T20:05:37.779000Z,2026-05-20T20:16:41.190000Z,2026-05-20T20:16:41.654000Z,2026-05-20T20:17:41.580712Z,664.0,C15DM49H,180,English,Yes,"No, I have no issues seeing colours",Woman (including Trans Female/Trans Woman),39,Female,Black,United States,United States,United States,English,No,Full-Time
6a0e1453c04ae7a779e4cf08,5d62e779ff0e43001c691bef,APPROVED,Not Applicable,2026-05-20T20:06:49.184000Z,2026-05-20T20:18:25.463000Z,2026-05-20T20:18:25.966000Z,2026-05-20T20:19:25.881760Z,697.0,C15DM49H,2322,English,Yes,"No, I have no issues seeing colours",Non-binary (would like to give more detail),27,Male,Other,United States,United States,United States,English,No,Unemployed (and job seeking)
6a0e14bd925e0aacc274574c,699e4bcadd64768ae7feedad,APPROVED,Not Applicable,2026-05-20T20:10:42.680000Z,2026-05-20T20:37:15.042000Z,2026-05-20T20:37:15.491000Z,2026-05-20T20:38:15.461340Z,1593.0,C15DM49H,542,English,Yes,"No, I have no issues seeing colours",Man (including Trans Male/Trans Man),72,Male,White,United States,United States,United States,English,No,"Not in paid work (e.g. homemaker', 'retired or disabled)"
6a0e156d7cf2451215d01812,69fc17b5b1ba56c71c663442,APPROVED,Not Applicable,2026-05-20T20:12:11.914000Z,2026-05-20T20:40:02.781000Z,2026-05-20T20:40:03.277000Z,2026-05-20T20:41:03.213535Z,1671.0,C15DM49H,105,English,Yes,"No, I have no issues seeing colours",Woman (including Trans Female/Trans Woman),49,Female,White,United States,United States,United States,English,No,Full-Time
6a0e15891acc3bb2e251122f,69dbec3c7131f41464b9f39c,APPROVED,Not Applicable,2026-05-20T20:11:57.608000Z,2026-05-20T20:23:19.773000Z,2026-05-20T20:23:20.254000Z,2026-05-20T20:24:20.653667Z,683.0,C15DM49H,558,English,Yes,"No, I have no issues seeing colours",Woman (including Trans Female/Trans Woman),49,Female,White,United States,United States,United States,English,No,Part-Time
6a0e16c16b7f90270710d9aa,69fb544e9fe2df67915e7ae8,APPROVED,Not Applicable,2026-05-20T20:18:29.097000Z,2026-05-20T20:29:15.910000Z,2026-05-20T20:29:16.430000Z,2026-05-20T20:30:16.378325Z,647.0,C15DM49H,98,English,Yes,"Yes, I'm colourblind",Man (including Trans Male/Trans Man),44,Male,White,United States,United States,United States,English,No,Full-Time
6a0e16dac7712ff23f8c058b,6a05015789cd7f778e4f8eca,APPROVED,Not Applicable,2026-05-20T20:17:35.612000Z,2026-05-20T20:46:05.148000Z,2026-05-20T20:46:05.616000Z,2026-05-20T20:47:05.553529Z,1710.0,C15DM49H,31,English,Yes,"No, I have no issues seeing colours",Woman (including Trans Female/Trans Woman),53,Female,Prefer not to say,United States,United States,United States,English,No,"Not in paid work (e.g. homemaker', 'retired or disabled)"
6a0e171845b70cb0170727c9,69d96f890979157ef7d5e567,APPROVED,Not Applicable,2026-05-20T20:18:48.689000Z,2026-05-20T20:37:37.264000Z,2026-05-20T20:37:37.785000Z,2026-05-20T20:38:37.739436Z,1129.0,C15DM49H,501,English,Yes,"No, I have no issues seeing colours",Woman (including Trans Female/Trans Woman),45,Female,Mixed,Germany,United States,United States,English,No,Part-Time
6a0e17239607dd94c3d207cf,69f243dd071eef61f1100ea3,APPROVED,Not Applicable,2026-05-20T20:20:52.008000Z,2026-05-20T20:39:29.217000Z,2026-05-20T20:39:29.700000Z,2026-05-20T20:40:29.630867Z,1118.0,C15DM49H,36,English,Yes,"No, I have no issues seeing colours",Woman (including Trans Female/Trans Woman),25,Female,Black,United States,United States,United States,English,No,Due to start a new job within the next month
6a0e179ceedb216250608a59,69b0a53a81b5d0ecb7364ba9,APPROVED,Not Applicable,2026-05-20T20:20:59.809000Z,2026-05-20T20:43:42.790000Z,2026-05-20T20:43:43.284000Z,2026-05-20T20:44:43.240493Z,1363.0,C15DM49H,206,English,Yes,"No, I have no issues seeing colours",Non-binary (would like to give more detail),45,Female,Black,United States,United States,United States,English,No,Part-Time
6a0e184423e4e13a7a3dee8d,6a00f884304f981fcb6dfa27,APPROVED,Not Applicable,2026-05-20T20:23:39.656000Z,2026-05-20T20:47:59.884000Z,2026-05-20T20:48:00.385000Z,2026-05-20T20:49:00.390707Z,1461.0,C15DM49H,51,English,Yes,"No, I have no issues seeing colours",Woman (including Trans Female/Trans Woman),32,Female,Mixed,United States,United States,United States,English,No,Part-Time
6a0f123d7b6251113a55113b,641386b1cb9a9c1e3569d4ee,APPROVED,Not Applicable,2026-05-21T14:10:08.183000Z,2026-05-21T14:20:50.563000Z,2026-05-21T14:20:51.078000Z,2026-05-21T14:21:51.136171Z,643.0,C15DM49H,8950,English,Yes,"No, I have no issues seeing colours",Woman (including Trans Female/Trans Woman),54,Female,White,United States,United States,United States,English,No,Part-Time
6a0f1248bb40a0f76895c384,5fc3d41149c0c8728f07b95b,APPROVED,Not Applicable,2026-05-21T14:10:40.400000Z,2026-05-21T14:26:53.360000Z,2026-05-21T14:26:53.859000Z,2026-05-21T14:27:53.783829Z,973.0,C15DM49H,15820,English,Yes,"No, I have no issues seeing colours",Man (including Trans Male/Trans Man),34,Male,White,United States,United States,United States,English,No,Full-Time
6a0f1249312f91ac7c13348d,5cb149aad4a95c0016492c6c,APPROVED,Not Applicable,2026-05-21T14:10:21.421000Z,2026-05-21T14:28:36.948000Z,2026-05-21T14:28:37.445000Z,2026-05-21T14:29:37.420432Z,1096.0,C15DM49H,1183,"English, Spanish",Yes,"No, I have no issues seeing colours",Man (including Trans Male/Trans Man),43,Male,Mixed,United States,United States,United States,English,No,Full-Time
6a0f124c04cf575768b0940c,5ffc9218eb4ab30bbeb6c301,APPROVED,Not Applicable,2026-05-21T14:10:22.725000Z,2026-05-21T14:26:25.175000Z,2026-05-21T14:26:25.681000Z,2026-05-21T14:27:25.632666Z,963.0,C15DM49H,7395,English,Yes,"No, I have no issues seeing colours",Man (including Trans Male/Trans Man),32,Male,White,United States,United States,United States,English,Yes,Full-Time
6a0f126a76fcf8e94ca54c63,69beddef130e4b750f5a4823,APPROVED,Not Applicable,2026-05-21T14:10:54.484000Z,2026-05-21T14:25:24.164000Z,2026-05-21T14:25:24.678000Z,2026-05-21T14:26:24.615863Z,870.0,C15DM49H,640,English,Yes,"No, I have no issues seeing colours",Man (including Trans Male/Trans Man),21,Male,Asian,United States,United States,United States,English,Yes,"Not in paid work (e.g. homemaker', 'retired or disabled)"
6a0f126afcca939554e3e386,69a10aa966e154a340d5f248,APPROVED,Not Applicable,2026-05-21T14:10:56.433000Z,2026-05-21T14:26:47.992000Z,2026-05-21T14:26:48.454000Z,2026-05-21T14:27:48.433993Z,952.0,C15DM49H,40,"Spanish, English",Yes,"No, I have no issues seeing colours",Woman (including Trans Female/Trans Woman),40,Female,Black,Puerto Rico,United States,Puerto Rico,Spanish,No,Part-Time
6a0f130c1e0891849e5eaca8,69c99526257c07d9762462bf,APPROVED,Not Applicable,2026-05-21T14:15:21.664000Z,2026-05-21T14:37:02.951000Z,2026-05-21T14:37:03.509000Z,2026-05-21T14:38:03.448629Z,1302.0,C15DM49H,323,English,Yes,"No, I have no issues seeing colours",Woman (including Trans Female/Trans Woman),19,Female,Black,United States,United States,United States,English,No,Unemployed (and job seeking)
6a0f13228ea58e202bfb8fcc,69e410564a737147040cc747,APPROVED,Not Applicable,2026-05-21T14:14:03.287000Z,2026-05-21T14:33:50.107000Z,2026-05-21T14:33:50.594000Z,2026-05-21T14:34:50.672380Z,1187.0,C15DM49H,470,English,Yes,"No, I have no issues seeing colours",Man (including Trans Male/Trans Man),35,Male,Black,United States,United States,United States,English,No,Unemployed (and job seeking)
6a0f13b72b5e68ff0f61ae67,6a08513154fb6d839ca00215,APPROVED,Not Applicable,2026-05-21T14:16:28.585000Z,2026-05-21T14:26:55.379000Z,2026-05-21T14:26:55.853000Z,2026-05-21T14:27:55.832531Z,627.0,C15DM49H,14,English,Yes,"No, I have no issues seeing colours",Woman (including Trans Female/Trans Woman),28,Female,White,United States,United States,United States,English,No,Full-Time
6a0f143a40e64276ad8282af,6a0df4be35d5a9dad7e32658,APPROVED,Not Applicable,2026-05-21T14:18:37.247000Z,2026-05-21T14:29:32.332000Z,2026-05-21T14:29:32.828000Z,2026-05-21T14:30:32.777189Z,656.0,C15DM49H,14,English,Yes,"No, I have no issues seeing colours",Man (including Trans Male/Trans Man),33,Male,White,Russian Federation,United States,Russian Federation,Russian,No,Part-Time
6a0f14d7cb8897cefec5dc2a,6a0b01ba1d662e1a08cbdd0f,APPROVED,Not Applicable,2026-05-21T14:21:15.787000Z,2026-05-21T14:30:05.768000Z,2026-05-21T14:30:06.253000Z,2026-05-21T14:31:06.201355Z,530.0,C15DM49H,68,English,Yes,"No, I have no issues seeing colours",Woman (including Trans Female/Trans Woman),26,Female,White,United States,United States,United States,English,No,Full-Time
6a0f160d07deabb143ab20ea,6a00ef044553ed5e8e71380e,APPROVED,Not Applicable,2026-05-21T14:27:07.087000Z,2026-05-21T14:37:24.437000Z,2026-05-21T14:37:25.007000Z,2026-05-21T14:38:24.936828Z,618.0,C15DM49H,140,English,Yes,"No, I have no issues seeing colours",Woman (including Trans Female/Trans Woman),31,Female,White,United States,United States,United States,English,No,"Not in paid work (e.g. homemaker', 'retired or disabled)"
6a0f16123019507553fa2e69,6715d573359c7aa68386b8e8,APPROVED,Not Applicable,2026-05-21T14:26:29.627000Z,2026-05-21T14:49:39.260000Z,2026-05-21T14:49:39.758000Z,2026-05-21T14:50:39.718481Z,1390.0,C15DM49H,366,English,Yes,"No, I have no issues seeing colours",Woman (including Trans Female/Trans Woman),38,Female,White,United States,United States,United States,English,Yes,Full-Time
6a0f163afd7b99ff37abd659,69de9bf22f3f8963d7736bcd,APPROVED,Not Applicable,2026-05-21T14:27:11.151000Z,2026-05-21T14:43:23.321000Z,2026-05-21T14:43:23.900000Z,2026-05-21T14:44:23.846483Z,973.0,C15DM49H,311,English,Yes,"No, I have no issues seeing colours",Woman (including Trans Female/Trans Woman),69,Female,White,United States,United States,United States,English,No,Unemployed (and job seeking)
6a0f165662add51173a67968,674bea1eb044fbe75795fef1,APPROVED,Not Applicable,2026-05-21T14:27:44.763000Z,2026-05-21T14:47:23.555000Z,2026-05-21T14:47:24.109000Z,2026-05-21T14:48:24.056076Z,1179.0,C15DM49H,7198,English,Yes,"No, I have no issues seeing colours",Woman (including Trans Female/Trans Woman),48,Female,White,United States,United States,United States,English,Yes,Full-Time
6a0f165f7e00eed6f45651d0,69e5362e25ca0fdd9c52f5fd,APPROVED,Not Applicable,2026-05-21T14:27:47.924000Z,2026-05-21T14:39:45.642000Z,2026-05-21T14:39:46.146000Z,2026-05-21T14:40:46.087396Z,718.0,C15DM49H,55,English,Yes,"No, I have no issues seeing colours",Woman (including Trans Female/Trans Woman),19,Female,White,United States,United States,United States,English,Yes,Part-Time
6a0f16aeca0f196f0e9d7939,6a0da20d58dc03d6d264ea8d,APPROVED,Not Applicable,2026-05-21T14:29:06.979000Z,2026-05-21T14:41:23.910000Z,2026-05-21T14:41:24.368000Z,2026-05-21T14:42:24.338055Z,737.0,C15DM49H,27,English,Yes,"No, I have no issues seeing colours",Woman (including Trans Female/Trans Woman),57,Female,White,United States,United States,United States,English,No,"Not in paid work (e.g. homemaker', 'retired or disabled)"
6a0f1700fd02459df51c7855,6761979b9b33ef4e3797b087,APPROVED,Not Applicable,2026-05-21T14:30:29.392000Z,2026-05-21T14:47:36.743000Z,2026-05-21T14:47:37.247000Z,2026-05-21T14:48:37.196209Z,1028.0,C15DM49H,391,English,Yes,"No, I have no issues seeing colours",Woman (including Trans Female/Trans Woman),49,Female,White,United States,United States,United States,English,DATA_EXPIRED,DATA_EXPIRED
6a0f17daee0bd2b4c7941441,6a035d852c54809e1f623997,APPROVED,Not Applicable,2026-05-21T14:34:05.278000Z,2026-05-21T14:44:31.457000Z,2026-05-21T14:44:31.984000Z,2026-05-21T14:45:31.901301Z,627.0,C15DM49H,22,English,Yes,"No, I have no issues seeing colours",Man (including Trans Male/Trans Man),32,Male,White,United States,United States,United States,English,No,Part-Time
6a0f18c68d66e690dc9ce78b,67ad581c7825ebbd7a5365e0,APPROVED,Not Applicable,2026-05-21T14:38:02.786000Z,2026-05-21T14:48:10.799000Z,2026-05-21T14:48:11.293000Z,2026-05-21T14:49:11.238255Z,609.0,C15DM49H,1347,English,Yes,"No, I have no issues seeing colours",Woman (including Trans Female/Trans Woman),42,Female,White,United States,United States,United States,English,DATA_EXPIRED,DATA_EXPIRED
6a0f194a590a53bb34ca8bff,69fb7b50e0f33c5b7935bb6d,APPROVED,Not Applicable,2026-05-21T14:40:16.685000Z,2026-05-21T14:52:06.550000Z,2026-05-21T14:52:07.062000Z,2026-05-21T14:53:07.001353Z,710.0,C15DM49H,154,English,Yes,"No, I have no issues seeing colours",Man (including Trans Male/Trans Man),52,Male,Black,United States,United States,United States,English,No,Full-Time
6a0f19a2da5f2a5965c5dc58,69b36887857d2815f3b432eb,APPROVED,Not Applicable,2026-05-21T14:41:43.293000Z,2026-05-21T14:59:19.478000Z,2026-05-21T14:59:19.965000Z,2026-05-21T15:00:19.942739Z,1057.0,C15DM49H,128,English,Yes,"No, I have no issues seeing colours",Woman (including Trans Female/Trans Woman),44,Female,White,United States,United States,United States,English,No,Other
6a0f19b03730b0bf9d7731fa,69e8227d8f82ba45151b405a,APPROVED,Not Applicable,2026-05-21T14:41:56.912000Z,2026-05-21T14:56:31.274000Z,2026-05-21T14:56:31.831000Z,2026-05-21T14:57:31.763984Z,875.0,C15DM49H,47,English,Yes,"No, I have no issues seeing colours",Man (including Trans Male/Trans Man),46,Male,White,United States,United States,United States,English,No,Full-Time
6a0f1a54dd900499264bea38,675df96b5f9fce8b022ec062,APPROVED,Not Applicable,2026-05-21T14:44:39.550000Z,2026-05-21T14:58:06.329000Z,2026-05-21T14:58:06.854000Z,2026-05-21T14:59:06.803362Z,807.0,C15DM49H,1721,"Arabic, English",Yes,"No, I have no issues seeing colours",Man (including Trans Male/Trans Man),32,Male,White,United States,United States,United States,English,No,Unemployed (and job seeking)
6a0f1a65a454ea50a0b2b992,69fccfe91355d6c05a4831e4,APPROVED,Not Applicable,2026-05-21T14:44:58.168000Z,2026-05-21T15:04:32.886000Z,2026-05-21T15:04:33.384000Z,2026-05-21T15:05:33.365553Z,1175.0,C15DM49H,89,English,Yes,"No, I have no issues seeing colours",Man (including Trans Male/Trans Man),44,Male,White,United States,United States,United States,English,No,Full-Time
6a0f1b3f18c8b6eeaf1201e0,69698d11f5bfe29e8a4e092f,APPROVED,Not Applicable,2026-05-21T14:48:44.913000Z,2026-05-21T15:18:14.779000Z,2026-05-21T15:18:15.295000Z,2026-05-21T15:19:15.238452Z,1770.0,C15DM49H,318,English,Yes,"No, I have no issues seeing colours",Woman (including Trans Female/Trans Woman),61,Female,White,United States,United States,United States,English,Yes,"Not in paid work (e.g. homemaker', 'retired or disabled)"
6a0f1b8e0c7c73897dc29db5,661156fb2f5344cd9a7050ea,APPROVED,Not Applicable,2026-05-21T14:50:42.224000Z,2026-05-21T15:16:43.848000Z,2026-05-21T15:16:44.355000Z,2026-05-21T15:17:44.302358Z,1562.0,C15DM49H,104,English,Yes,"No, I have no issues seeing colours",Woman (including Trans Female/Trans Woman),34,Female,Black,United States,United States,United States,English,No,Full-Time
6a0f1c1ae0da750c9d8fb5a9,69a09a7cabf45204b7e055bf,APPROVED,Not Applicable,2026-05-21T14:54:06.507000Z,2026-05-21T15:09:16.381000Z,2026-05-21T15:09:16.873000Z,2026-05-21T15:10:16.827931Z,910.0,C15DM49H,1276,English,Yes,"No, I have no issues seeing colours",Non-binary (would like to give more detail),27,Female,White,United States,United States,United States,English,No,Full-Time
6a0f1d318b0494fd71d947b2,6730202dcb4ba16a3665fd44,APPROVED,Not Applicable,2026-05-21T14:56:55.866000Z,2026-05-21T15:21:12.152000Z,2026-05-21T15:21:12.712000Z,2026-05-21T15:22:12.613044Z,1457.0,C15DM49H,2015,English,Yes,"No, I have no issues seeing colours",Woman (including Trans Female/Trans Woman),52,Female,White,United States,United States,United States,Armenian,No,Part-Time
6a0f1d9105baff3bcf4f4c27,67ac058432a6fc14919e4f86,APPROVED,Not Applicable,2026-05-21T14:58:29.971000Z,2026-05-21T15:24:30.509000Z,2026-05-21T15:24:30.974000Z,2026-05-21T15:25:30.951249Z,1561.0,C15DM49H,358,English,Yes,"No, I have no issues seeing colours",Man (including Trans Male/Trans Man),56,Male,White,United States,United States,United States,English,No,Unemployed (and job seeking)
6a0f1d9adb9b2213d839527a,653b00b25d4734b333b03fc9,APPROVED,Not Applicable,2026-05-21T14:58:44.735000Z,2026-05-21T15:12:55.946000Z,2026-05-21T15:12:56.447000Z,2026-05-21T15:13:56.423423Z,852.0,C15DM49H,6345,English,Yes,"No, I have no issues seeing colours",Man (including Trans Male/Trans Man),67,Male,White,United States,United States,United States,English,No,"Not in paid work (e.g. homemaker', 'retired or disabled)"
6a0f1ddb2ec7426a164d6701,697c1bff86128c353f30eb0e,APPROVED,Not Applicable,2026-05-21T14:59:44.325000Z,2026-05-21T15:28:16.003000Z,2026-05-21T15:28:16.479000Z,2026-05-21T15:29:16.427888Z,1712.0,C15DM49H,587,English,Yes,"No, I have no issues seeing colours",Non-binary (would like to give more detail),25,Female,White,United States,United States,United States,English,No,Part-Time
6a0f1e7662fc829e02252476,69cfbf1964737a1c892da660,APPROVED,Not Applicable,2026-05-21T15:02:20.061000Z,2026-05-21T15:22:43.140000Z,2026-05-21T15:22:43.699000Z,2026-05-21T15:23:43.775046Z,1224.0,C15DM49H,109,English,Yes,"No, I have no issues seeing colours",Woman (including Trans Female/Trans Woman),30,Female,White,United States,United States,United States,English,No,Full-Time
6a0f1f110d6bb52dfc8e873c,69a83a40e18b6ee6b98fdcdf,APPROVED,Not Applicable,2026-05-21T15:04:52.357000Z,2026-05-21T15:12:58.369000Z,2026-05-21T15:12:59.055000Z,2026-05-21T15:13:58.997394Z,487.0,C15DM49H,498,English,Yes,"No, I have no issues seeing colours",Woman (including Trans Female/Trans Woman),27,Female,White,United States,United States,United States,English,No,Full-Time
6a0f202a0f9b147c1c0d437b,699531a9eb3623d9116b11b2,APPROVED,Not Applicable,2026-05-21T15:09:35.765000Z,2026-05-21T15:21:35.696000Z,2026-05-21T15:21:36.235000Z,2026-05-21T15:22:36.231758Z,720.0,C15DM49H,37,English,Yes,"No, I have no issues seeing colours",Non-binary (would like to give more detail),21,Male,White,United States,United States,United States,English,Yes,Unemployed (and job seeking)
6a0f211a2d9dc9813ca56df1,67dec724b733c6c7437e449b,APPROVED,Not Applicable,2026-05-21T15:13:42.022000Z,2026-05-21T15:26:24.072000Z,2026-05-21T15:26:24.621000Z,2026-05-21T15:27:24.590496Z,763.0,C15DM49H,1013,English,Yes,"No, I have no issues seeing colours",Man (including Trans Male/Trans Man),55,Male,Mixed,United States,United States,United States,English,No,Full-Time
6a0f211b46b93e19ac98ba59,60a07dab2b21a84ed893146f,APPROVED,Not Applicable,2026-05-21T15:22:32.037000Z,2026-05-21T15:34:51.779000Z,2026-05-21T15:34:52.235000Z,2026-05-21T15:35:52.193942Z,740.0,C15DM49H,2356,English,Yes,"No, I have no issues seeing colours",Man (including Trans Male/Trans Man),32,Male,White,United States,United States,United States,English,No,Full-Time
6a0f22df490674a47273fcfc,6941901cb6f5559514afe451,APPROVED,Not Applicable,2026-05-21T15:25:29.002000Z,2026-05-21T15:55:47.977000Z,2026-05-21T15:55:48.484000Z,2026-05-21T15:56:48.438491Z,1819.0,C15DM49H,2131,"English, Russian, Spanish",Yes,"No, I have no issues seeing colours",Woman (including Trans Female/Trans Woman),33,Female,Mixed,United States,United States,United States,English,No,Full-Time
6a0f2357bfc8d9b8eb075c19,6a0b86d1790e4040e916df06,APPROVED,Not Applicable,2026-05-21T15:23:09.358000Z,2026-05-21T15:34:43.730000Z,2026-05-21T15:34:44.195000Z,2026-05-21T15:35:44.170217Z,695.0,C15DM49H,13,English,Yes,"No, I have no issues seeing colours",Woman (including Trans Female/Trans Woman),40,Female,White,United States,United States,United States,English,No,Other
6a0f242a402e7ac41651ef3b,6a0d1b0dfa95ca90850f7150,APPROVED,Not Applicable,2026-05-21T15:26:36.406000Z,2026-05-21T15:41:50.688000Z,2026-05-21T15:41:51.166000Z,2026-05-21T15:42:51.109102Z,915.0,C15DM49H,5,English,Yes,"No, I have no issues seeing colours",Man (including Trans Male/Trans Man),19,Male,White,United States,United States,United States,English,Yes,Part-Time
6a0f2475febc03010ee759a5,6a01d4c030128f24be8b0dae,APPROVED,Not Applicable,2026-05-21T15:28:36.198000Z,2026-05-21T15:41:34.611000Z,2026-05-21T15:41:35.135000Z,2026-05-21T15:42:35.095858Z,779.0,C15DM49H,70,English,Yes,"No, I have no issues seeing colours",Woman (including Trans Female/Trans Woman),21,Female,Mixed,United States,United States,United States,English,Yes,Unemployed (and job seeking)
6a0f24a14457626a3c308eec,663bc1fffe8f3c3d18dbb776,APPROVED,Not Applicable,2026-05-21T15:28:40.974000Z,2026-05-21T15:48:40.272000Z,2026-05-21T15:48:40.781000Z,2026-05-21T15:49:40.749869Z,1200.0,C15DM49H,146,English,Yes,"No, I have no issues seeing colours",Woman (including Trans Female/Trans Woman),48,Female,White,United States,United States,United States,English,No,"Not in paid work (e.g. homemaker', 'retired or disabled)"
6a0f262300d5f01943db25d2,6a04b3e7cc81d284ee5ec2fe,APPROVED,Not Applicable,2026-05-21T15:35:03.695000Z,2026-05-21T15:56:21.933000Z,2026-05-21T15:56:22.452000Z,2026-05-21T15:57:22.397636Z,1279.0,C15DM49H,21,English,Yes,"No, I have no issues seeing colours",Woman (including Trans Female/Trans Woman),41,Female,Mixed,United States,United States,United States,English,No,Other
6a0f26b59df483bac1cc7f2b,5f4ae7cb6b68b56c2acb12c8,APPROVED,Not Applicable,2026-05-21T15:37:54.767000Z,2026-05-21T16:04:09.242000Z,2026-05-21T16:04:09.708000Z,2026-05-21T16:05:09.682220Z,1575.0,C15DM49H,2618,English,Yes,"No, I have no issues seeing colours",Woman (including Trans Female/Trans Woman),45,Female,White,United States,United States,United States,English,No,Full-Time
6a0f279816d559355fb09916,69da78cc643f30e986d59c43,APPROVED,Not Applicable,2026-05-21T15:42:06.237000Z,2026-05-21T16:06:00.839000Z,2026-05-21T16:06:01.438000Z,2026-05-21T16:07:01.378549Z,1435.0,C15DM49H,688,English,Yes,"No, I have no issues seeing colours",Man (including Trans Male/Trans Man),47,Male,White,United States,United States,United States,English,No,Other
6a0f27c25eee0aaec75354f6,670feba2e636f738625aa72d,APPROVED,Not Applicable,2026-05-21T15:44:09.876000Z,2026-05-21T16:08:35.157000Z,2026-05-21T16:08:35.671000Z,2026-05-21T16:09:35.596145Z,1466.0,C15DM49H,2039,English,Yes,"No, I have no issues seeing colours",Woman (including Trans Female/Trans Woman),39,Female,White,United States,United States,United States,English,No,Part-Time
6a0f28633e833f37d4e833be,69fa798729f65229c2635ae6,APPROVED,Not Applicable,2026-05-21T15:44:42.166000Z,2026-05-21T16:00:41.465000Z,2026-05-21T16:00:41.980000Z,2026-05-21T16:01:41.982044Z,960.0,C15DM49H,29,English,Yes,"No, I have no issues seeing colours",Woman (including Trans Female/Trans Woman),25,Female,White,United States,United States,United States,English,No,"Not in paid work (e.g. homemaker', 'retired or disabled)"
6a0f288da1ddd2835fd87847,6a0a3f3c895980278d782547,APPROVED,Not Applicable,2026-05-21T15:45:40.906000Z,2026-05-21T15:59:02.168000Z,2026-05-21T15:59:02.635000Z,2026-05-21T16:00:02.607158Z,802.0,C15DM49H,12,"English, Spanish",Yes,"No, I have no issues seeing colours",Woman (including Trans Female/Trans Woman),48,Female,Other,Dominican Republic,United States,Dominican Republic,Spanish,No,Unemployed (and job seeking)
6a0f2b2b7f0344f699d30277,670c17328b2ef3366ba42a34,APPROVED,Not Applicable,2026-05-21T15:56:31.778000Z,2026-05-21T16:06:01.137000Z,2026-05-21T16:06:06.653000Z,2026-05-21T16:07:01.618933Z,570.0,C15DM49H,6741,English,Yes,"No, I have no issues seeing colours",Man (including Trans Male/Trans Man),50,Male,White,United States,United States,United States,English,No,Full-Time
6a0f2b6631d4b92c86ba6bb2,698fc29bfd2a749c636b7b52,APPROVED,Not Applicable,2026-05-21T15:57:30.966000Z,2026-05-21T16:18:41.776000Z,2026-05-21T16:18:42.282000Z,2026-05-21T16:19:42.274419Z,1271.0,C15DM49H,711,English,Yes,"No, I have no issues seeing colours",Woman (including Trans Female/Trans Woman),70,Female,Black,United States,United States,United States,English,No,"Not in paid work (e.g. homemaker', 'retired or disabled)"
6a0f2ce0825edb59a6cf9806,6413bee5234ad46e9fc4ba75,APPROVED,Not Applicable,2026-05-21T16:04:01.761000Z,2026-05-21T16:29:10.505000Z,2026-05-21T16:29:11.045000Z,2026-05-21T16:30:10.962283Z,1509.0,C15DM49H,6565,English,Yes,"No, I have no issues seeing colours",Man (including Trans Male/Trans Man),58,Male,White,United States,United States,United States,English,No,Full-Time
6a0f2d761a04ba9a5fbb2324,663298e9fb8d4ab0415f49fb,APPROVED,Not Applicable,2026-05-21T16:06:23.222000Z,2026-05-21T16:36:06.817000Z,2026-05-21T16:36:07.384000Z,2026-05-21T16:37:07.336602Z,1784.0,C15DM49H,4426,English,Yes,"No, I have no issues seeing colours",Man (including Trans Male/Trans Man),53,Male,White,United States,United States,United States,English,No,Part-Time
6a0f2d86cca8f6f686f15613,5bef41fa54277d000114d6ad,APPROVED,Not Applicable,2026-05-21T16:06:38.642000Z,2026-05-21T16:22:12.091000Z,2026-05-21T16:22:12.537000Z,2026-05-21T16:23:12.535316Z,934.0,C15DM49H,14956,"English, Spanish",Yes,"No, I have no issues seeing colours",Man (including Trans Male/Trans Man),30,Male,White,United States,United States,United States,English,Yes,Full-Time
6a0f2e1768c8ca917714b943,6a0b6d755f53bcbbdf526cdd,APPROVED,Not Applicable,2026-05-21T16:08:59.129000Z,2026-05-21T16:24:30.416000Z,2026-05-21T16:24:30.874000Z,2026-05-21T16:25:30.836321Z,932.0,C15DM49H,42,English,Yes,"No, I have no issues seeing colours",Woman (including Trans Female/Trans Woman),21,Female,White,United States,United States,United States,English,No,Unemployed (and job seeking)
6a0f2e4afe87ae980eca4473,66c95504723c57c900715764,APPROVED,Not Applicable,2026-05-21T16:09:53.606000Z,2026-05-21T16:25:19.429000Z,2026-05-21T16:25:19.929000Z,2026-05-21T16:26:19.866936Z,926.0,C15DM49H,2152,English,Yes,"No, I have no issues seeing colours",Woman (including Trans Female/Trans Woman),25,Female,White,United States,United States,United States,English,No,Unemployed (and job seeking)
6a0f2e8f5e55eb6c4ce4f55d,695f9268f34da02e34dcfb82,APPROVED,Not Applicable,2026-05-21T16:11:25.435000Z,2026-05-21T16:37:26.663000Z,2026-05-21T16:37:27.245000Z,2026-05-21T16:38:27.155514Z,1562.0,C15DM49H,603,English,Yes,"Yes, I'm colourblind",Man (including Trans Male/Trans Man),39,Male,White,United States,United States,United States,English,Yes,Part-Time
6a0f3001497cc729999fd5e5,6a0147e5bf284d3890db2b3d,APPROVED,Not Applicable,2026-05-21T16:17:13.303000Z,2026-05-21T16:33:13.679000Z,2026-05-21T16:33:14.156000Z,2026-05-21T16:34:14.132950Z,961.0,C15DM49H,58,English,Yes,"No, I have no issues seeing colours",Woman (including Trans Female/Trans Woman),21,Female,White,United States,United States,United States,English,Yes,Unemployed (and job seeking)
6a0f307be8a80fdcf492a3a0,69fd6763ae7c72789d286a75,APPROVED,Not Applicable,2026-05-21T16:19:12.447000Z,2026-05-21T16:45:18.573000Z,2026-05-21T16:45:19.098000Z,2026-05-21T16:46:19.134371Z,1567.0,C15DM49H,103,English,Yes,"No, I have no issues seeing colours",Non-binary (would like to give more detail),40,Female,White,United States,United States,United States,English,Yes,Other
6a0f3151c8944932fe8c17da,69b72d4de7b49f5b911d0132,APPROVED,Not Applicable,2026-05-21T16:22:56.872000Z,2026-05-21T16:42:10.402000Z,2026-05-21T16:42:10.912000Z,2026-05-21T16:43:10.847566Z,1154.0,C15DM49H,289,English,Yes,"No, I have no issues seeing colours",Woman (including Trans Female/Trans Woman),55,Female,Black,United States,United States,United States,English,No,Part-Time
6a0f31fed448bcca6328d032,6942b60eac6ef1e796850695,APPROVED,Not Applicable,2026-05-21T16:25:38.468000Z,2026-05-21T16:44:24.047000Z,2026-05-21T16:44:24.531000Z,2026-05-21T16:45:24.476556Z,1126.0,C15DM49H,84,English,Yes,"No, I have no issues seeing colours",Woman (including Trans Female/Trans Woman),32,Female,White,United States,United States,United States,English,No,Full-Time
6a0f3242b9b969f21936c5aa,6a0e6d90f1541405e56928a4,APPROVED,Not Applicable,2026-05-21T16:26:46.437000Z,2026-05-21T16:38:29.628000Z,2026-05-21T16:38:30.150000Z,2026-05-21T16:39:30.059864Z,704.0,C15DM49H,3,"English, Japanese",Yes,"No, I have no issues seeing colours",Woman (including Trans Female/Trans Woman),20,Female,White,United States,United States,United States,English,Yes,Unemployed (and job seeking)
6a0f339c1a79b66836a52e3b,69fa213dcb7f69388cc2d662,APPROVED,Not Applicable,2026-05-21T16:32:32.085000Z,2026-05-21T16:47:26.229000Z,2026-05-21T16:47:26.702000Z,2026-05-21T16:48:26.672128Z,895.0,C15DM49H,25,English,Yes,"Yes, I'm colourblind",Woman (including Trans Female/Trans Woman),32,Female,Mixed,United States,United States,United States,English,Yes,Unemployed (and job seeking)
6a0f33d50149eb22e76a875f,6a077566f7ea052517e6557c,APPROVED,Not Applicable,2026-05-21T16:33:37.895000Z,2026-05-21T16:56:50.113000Z,2026-05-21T16:56:50.652000Z,2026-05-21T16:57:50.649980Z,1393.0,C15DM49H,92,English,Yes,"No, I have no issues seeing colours",Woman (including Trans Female/Trans Woman),23,Female,White,United States,United States,United States,English,Yes,Unemployed (and job seeking)
6a0f343dd7a39d2c58d09181,6562a00a9989d4018001bf4b,APPROVED,Not Applicable,2026-05-21T16:35:13.212000Z,2026-05-21T17:00:04.948000Z,2026-05-21T17:00:05.434000Z,2026-05-21T17:01:05.390747Z,1492.0,C15DM49H,675,English,Yes,"No, I have no issues seeing colours",Woman (including Trans Female/Trans Woman),21,Female,Black,United States,United States,United States,English,Yes,Other
6a0f3481757fd1e3a6bb8ac4,6a0dd9af0a1a6244c17c0f53,APPROVED,Not Applicable,2026-05-21T16:36:32.562000Z,2026-05-21T16:53:46.275000Z,2026-05-21T16:53:46.751000Z,2026-05-21T16:54:46.734745Z,1034.0,C15DM49H,31,English,Yes,"No, I have no issues seeing colours",Woman (including Trans Female/Trans Woman),41,Female,White,Germany,United States,United States,English,No,Full-Time
6a0f34d5d3381571db74f1eb,6998ed7cc30cb1c3d463fc57,APPROVED,Not Applicable,2026-05-21T16:37:46.581000Z,2026-05-21T17:02:24.150000Z,2026-05-21T17:02:24.642000Z,2026-05-21T17:03:24.619532Z,1478.0,C15DM49H,239,English,Yes,"No, I have no issues seeing colours",Woman (including Trans Female/Trans Woman),27,Female,White,United States,United States,United States,English,No,Unemployed (and job seeking)
6a0f35087c4e4e698c04b37e,5ce42b3454e33d001918923a,APPROVED,Not Applicable,2026-05-21T16:38:37.555000Z,2026-05-21T16:59:49.762000Z,2026-05-21T16:59:50.241000Z,2026-05-21T17:00:50.179245Z,1273.0,C15DM49H,5366,English,Yes,"No, I have no issues seeing colours",Man (including Trans Male/Trans Man),75,Male,White,United States,United States,United States,English,DATA_EXPIRED,DATA_EXPIRED
6a0f35fcec4180f5939a0bb8,6a0a0afed0a39dea2c96aa5d,APPROVED,Not Applicable,2026-05-21T16:42:49.979000Z,2026-05-21T17:18:28.102000Z,2026-05-21T17:18:28.557000Z,2026-05-21T17:19:28.529833Z,2139.0,C15DM49H,4,"English, Spanish",Yes,"No, I have no issues seeing colours",Woman (including Trans Female/Trans Woman),27,Female,Mixed,Peru,United States,United States,Spanish,Yes,Unemployed (and job seeking)
6a0f36a2c2943eb1995375bc,6a07b301c84ec1b694d5083b,APPROVED,Not Applicable,2026-05-21T16:47:29.236000Z,2026-05-21T16:56:30.723000Z,2026-05-21T16:56:31.293000Z,2026-05-21T16:57:31.247269Z,542.0,C15DM49H,16,English,Yes,"No, I have no issues seeing colours",Man (including Trans Male/Trans Man),48,Male,White,Poland,United States,United States,Polish,No,Other
6a0f3730d5adf2b1f8c0dd32,69efe7fb7be858fb921d3556,APPROVED,Not Applicable,2026-05-21T16:48:04.498000Z,2026-05-21T17:07:20.693000Z,2026-05-21T17:07:21.171000Z,2026-05-21T17:08:21.101050Z,1157.0,C15DM49H,298,English,Yes,"No, I have no issues seeing colours",Man (including Trans Male/Trans Man),29,Male,White,United States,United States,United States,English,No,Full-Time
6a0f373ff1d89b8c56ae244f,66f0143ab60af2f164a772e2,APPROVED,Not Applicable,2026-05-21T16:55:44.224000Z,2026-05-21T17:32:05.283000Z,2026-05-21T17:42:59.862000Z,2026-05-21T17:42:59.826805Z,2182.0,NOCODE,5870,English,Yes,"No, I have no issues seeing colours",Woman (including Trans Female/Trans Woman),35,Female,White,United States,United States,United States,English,Yes,Full-Time
6a0f395d322b5df50dbfd056,69ff9292bba93acd1d173d1d,APPROVED,Not Applicable,2026-05-21T16:57:25.675000Z,2026-05-21T17:12:42.450000Z,2026-05-21T17:12:42.900000Z,2026-05-21T17:13:42.862333Z,917.0,C15DM49H,82,English,Yes,"No, I have no issues seeing colours",Woman (including Trans Female/Trans Woman),30,Female,Black,United States,United States,United States,English,Yes,Full-Time
6a0f396f4218ae28a609340f,678af0a3161e3e871bbade54,APPROVED,Not Applicable,2026-05-21T16:57:27.867000Z,2026-05-21T17:26:07.100000Z,2026-05-21T17:26:07.565000Z,2026-05-21T17:27:07.542258Z,1720.0,C15DM49H,8124,English,Yes,"No, I have no issues seeing colours",Woman (including Trans Female/Trans Woman),25,Female,White,United States,United States,United States,English,No,Full-Time
6a0f3a2c30fe2808809a2da5,6a0a628aa38f09f021eb1736,APPROVED,Not Applicable,2026-05-21T17:00:41.396000Z,2026-05-21T17:11:14.740000Z,2026-05-21T17:11:15.197000Z,2026-05-21T17:12:15.172384Z,634.0,C15DM49H,21,English,Yes,"No, I have no issues seeing colours",Woman (including Trans Female/Trans Woman),23,Female,White,United States,United States,United States,English,Yes,Due to start a new job within the next month
6a0f3a4da2baebccdd4f08b9,65d3b99a393abc32c9767b01,APPROVED,Not Applicable,2026-05-21T17:01:13.119000Z,2026-05-21T17:50:27.783000Z,2026-05-21T17:50:28.278000Z,2026-05-21T17:51:28.236289Z,2955.0,C15DM49H,1968,English,Yes,"No, I have no issues seeing colours",Woman (including Trans Female/Trans Woman),71,Female,Asian,Trinidad and Tobago,United States,United States,English,No,Unemployed (and job seeking)
6a0f3abf021d7bcb5d67fe61,695fd0c0ced0515d13f39853,APPROVED,Not Applicable,2026-05-21T17:03:03.689000Z,2026-05-21T17:37:23.352000Z,2026-05-21T17:37:23.795000Z,2026-05-21T17:38:23.751699Z,2060.0,C15DM49H,328,"English, Spanish",Yes,"No, I have no issues seeing colours",Woman (including Trans Female/Trans Woman),38,Female,White,United States,United States,United States,English,No,"Not in paid work (e.g. homemaker', 'retired or disabled)"
6a0f3b9ff2f21f439d7828e8,6a0d11ac73c7d912bc09215c,APPROVED,Not Applicable,2026-05-21T17:06:42.318000Z,2026-05-21T17:22:23.069000Z,2026-05-21T17:22:23.560000Z,2026-05-21T17:23:23.543707Z,941.0,C15DM49H,6,"Nepali, Hindi, English",Yes,"No, I have no issues seeing colours",Woman (including Trans Female/Trans Woman),28,Female,Asian,Nepal,United States,United States,Nepali,No,Other
6a0f3c11c758918c971d6520,67284671361c94f87e1ace4b,APPROVED,Not Applicable,2026-05-21T17:08:37.116000Z,2026-05-21T17:24:58.502000Z,2026-05-21T17:24:58.989000Z,2026-05-21T17:25:58.946934Z,982.0,C15DM49H,23,English,Yes,"No, I have no issues seeing colours",Woman (including Trans Female/Trans Woman),21,Female,White,Germany,United States,United States,English,Yes,Full-Time
6a0f3c63e4125b753567ce12,60ff632a01371d68a406f893,APPROVED,Not Applicable,2026-05-21T17:09:59.785000Z,2026-05-21T17:19:09.780000Z,2026-05-21T17:19:10.241000Z,2026-05-21T17:20:10.222484Z,550.0,C15DM49H,3377,"English, French, Spanish",Yes,"No, I have no issues seeing colours",Woman (including Trans Female/Trans Woman),28,Female,White,United States,United States,United States,Spanish,No,Full-Time
6a0f3cb3ec3d992d130fc51e,67c34d9b878f52578c902a89,APPROVED,Not Applicable,2026-05-21T17:11:20.389000Z,2026-05-21T17:30:59.879000Z,2026-05-21T17:31:00.330000Z,2026-05-21T17:32:00.308889Z,1180.0,C15DM49H,3459,English,Yes,"No, I have no issues seeing colours",Woman (including Trans Female/Trans Woman),54,Female,Black,United States,United States,United States,English,No,"Not in paid work (e.g. homemaker', 'retired or disabled)"
6a0f3d128467d3bb4a7828ca,6713f4249a07e922923d25fa,APPROVED,Not Applicable,2026-05-21T17:13:06.260000Z,2026-05-21T17:23:58.228000Z,2026-05-21T17:23:58.707000Z,2026-05-21T17:24:58.684376Z,652.0,C15DM49H,1499,"Spanish, English",Yes,"No, I have no issues seeing colours",Woman (including Trans Female/Trans Woman),29,Female,White,United States,United States,United States,English,No,"Not in paid work (e.g. homemaker', 'retired or disabled)"
6a0f3e7cf110263fab239e3e,6a0cc5e43edfbc8547458efa,APPROVED,Not Applicable,2026-05-21T17:18:57.159000Z,2026-05-21T17:38:16.237000Z,2026-05-21T17:38:16.729000Z,2026-05-21T17:39:16.696398Z,1160.0,C15DM49H,6,English,Yes,"No, I have no issues seeing colours",Woman (including Trans Female/Trans Woman),41,Female,Black,United States,United States,United States,English,No,Full-Time
6a0f3f598d162fe255d8a5af,6a0b7375f10854be209c1d51,APPROVED,Not Applicable,2026-05-21T17:22:46.495000Z,2026-05-21T17:35:42.444000Z,2026-05-21T17:35:42.918000Z,2026-05-21T17:36:42.893886Z,776.0,C15DM49H,22,English,Yes,"No, I have no issues seeing colours",Woman (including Trans Female/Trans Woman),23,Female,White,United States,United States,United States,English,Yes,Due to start a new job within the next month
6a0f3fca0444161e1847bf6f,6782b152b9f7ae9d753eebea,APPROVED,Not Applicable,2026-05-21T17:26:51.234000Z,2026-05-21T17:39:52.647000Z,2026-05-21T17:39:53.124000Z,2026-05-21T17:40:53.099369Z,782.0,C15DM49H,1989,English,Yes,"No, I have no issues seeing colours",Woman (including Trans Female/Trans Woman),28,Female,White,United States,United States,United States,English,DATA_EXPIRED,DATA_EXPIRED
6a0f402f81f9524486f1bd7e,5fa4c21a04bc5912180291bc,APPROVED,Not Applicable,2026-05-21T17:33:10.927000Z,2026-05-21T18:09:01.469000Z,2026-05-21T18:18:58.571000Z,2026-05-21T18:18:58.533738Z,2151.0,NOCODE,12465,"English, Spanish",Yes,"No, I have no issues seeing colours",Man (including Trans Male/Trans Man),44,Male,Black,United States,United States,United States,English,Yes,Full-Time
6a0f41e18435935acb3480b8,6994e4cb0f3e1655a5eb7978,APPROVED,Not Applicable,2026-05-21T17:39:38.952000Z,2026-05-21T17:57:18.055000Z,2026-05-21T17:57:18.504000Z,2026-05-21T17:58:18.462858Z,1060.0,C15DM49H,1998,English,Yes,"No, I have no issues seeing colours",Woman (including Trans Female/Trans Woman),33,Female,White,United States,United States,United States,English,No,Full-Time
6a0f422dc874d95a338930ef,666f439ad64e15b3f825fbdb,APPROVED,Not Applicable,2026-05-21T17:34:47.137000Z,2026-05-21T17:56:00.578000Z,2026-05-21T17:56:01.057000Z,2026-05-21T17:57:00.990638Z,1274.0,C15DM49H,922,English,Yes,"No, I have no issues seeing colours",Woman (including Trans Female/Trans Woman),55,Female,White,United States,United States,United States,English,No,Part-Time
6a0f427bb1b80873dbf03fc5,5a8f13595292b80001235e09,APPROVED,Not Applicable,2026-05-21T17:36:03.853000Z,2026-05-21T17:59:13.849000Z,2026-05-21T17:59:14.324000Z,2026-05-21T18:00:14.292354Z,1390.0,C15DM49H,13868,"English, Vietnamese",Yes,"No, I have no issues seeing colours",Man (including Trans Male/Trans Man),39,Male,Mixed,United States,United States,United States,English,DATA_EXPIRED,DATA_EXPIRED
6a0f42d9aec5221663fbeb12,6a0a29432dc902793627211b,APPROVED,Not Applicable,2026-05-21T17:38:35.856000Z,2026-05-21T17:56:36.855000Z,2026-05-21T17:56:37.347000Z,2026-05-21T17:57:37.315408Z,1081.0,C15DM49H,30,English,Yes,"No, I have no issues seeing colours",Woman (including Trans Female/Trans Woman),39,Female,White,United States,United States,United States,English,No,Full-Time
6a0f4319907da7b060e0edd1,6559afa98072fc8a60039003,APPROVED,Not Applicable,2026-05-21T17:38:43.350000Z,2026-05-21T17:58:28.645000Z,2026-05-21T17:58:29.111000Z,2026-05-21T17:59:29.059366Z,1186.0,C15DM49H,17,"Armenian, English",Yes,"No, I have no issues seeing colours",Woman (including Trans Female/Trans Woman),36,Female,Other,United States,United States,United States,English,No,Due to start a new job within the next month
6a0f4372e7791a6f1ebe5fa1,69ecd931de881fe58fc2fb06,APPROVED,Not Applicable,2026-05-21T17:40:12.288000Z,2026-05-21T18:13:31.283000Z,2026-05-21T18:13:31.796000Z,2026-05-21T18:14:31.783634Z,1999.0,C15DM49H,103,English,Yes,"No, I have no issues seeing colours",Man (including Trans Male/Trans Man),65,Male,White,United States,United States,United States,English,No,Unemployed (and job seeking)
6a0f46f5c9e69695b10d903b,69c183011f4accd49a8cadc2,APPROVED,Not Applicable,2026-05-21T17:55:05.482000Z,2026-05-21T18:23:19.336000Z,2026-05-21T18:23:19.825000Z,2026-05-21T18:24:19.793946Z,1694.0,C15DM49H,322,English,Yes,"No, I have no issues seeing colours",Woman (including Trans Female/Trans Woman),31,Female,Mixed,Paraguay,United States,United States,English,No,Unemployed (and job seeking)
6a0f47cdf9fd86bebed791ee,6a0b4342858b03ad3dcb830a,APPROVED,Not Applicable,2026-05-21T17:58:41.267000Z,2026-05-21T18:17:03.116000Z,2026-05-21T18:17:03.638000Z,2026-05-21T18:18:03.556010Z,1102.0,C15DM49H,54,"English, Spanish",Yes,"No, I have no issues seeing colours",Man (including Trans Male/Trans Man),34,Male,White,United States,United States,United States,English,No,Full-Time
6a0f47d0007cb92a7a9484d8,5f1e7c6768c1bb8491f39191,APPROVED,Not Applicable,2026-05-21T17:58:45.524000Z,2026-05-21T18:14:17.131000Z,2026-05-21T18:14:17.589000Z,2026-05-21T18:15:17.557400Z,932.0,C15DM49H,5872,English,Yes,"No, I have no issues seeing colours",Woman (including Trans Female/Trans Woman),24,Female,White,United States,United States,United States,English,No,Part-Time
6a0f48997a201c64449c6862,69fe23260880c40b7b92e8f8,APPROVED,Not Applicable,2026-05-21T18:02:06.962000Z,2026-05-21T18:18:51.934000Z,2026-05-21T18:18:52.466000Z,2026-05-21T18:19:52.447561Z,1005.0,C15DM49H,4,English,Yes,"No, I have no issues seeing colours",Man (including Trans Male/Trans Man),31,Male,White,United States,United States,United States,English,No,Full-Time
6a0f4a67dffda63077714867,66aeec26cc2673ace980d19a,APPROVED,Not Applicable,2026-05-21T18:09:50.568000Z,2026-05-21T18:24:02.974000Z,2026-05-21T18:24:03.483000Z,2026-05-21T18:25:03.393643Z,853.0,C15DM49H,1715,English,Yes,"No, I have no issues seeing colours",Man (including Trans Male/Trans Man),52,Male,Other,United States,United States,United States,English,No,"Not in paid work (e.g. homemaker', 'retired or disabled)"
6a0f4adbf650ca47e8800685,69d41ca4a9ff77328042207d,APPROVED,Not Applicable,2026-05-21T18:11:44.593000Z,2026-05-21T18:29:28.242000Z,2026-05-21T18:29:28.753000Z,2026-05-21T18:30:28.743964Z,1064.0,C15DM49H,379,"Spanish, English",Yes,"Yes, I'm colourblind",Man (including Trans Male/Trans Man),53,Male,White,United States,United States,United States,English,No,Full-Time
6a0f4b4b3343513c325886d9,6a0e33404f04beba45d473e5,APPROVED,Not Applicable,2026-05-21T18:13:33.995000Z,2026-05-21T18:21:06.196000Z,2026-05-21T18:21:06.704000Z,2026-05-21T18:22:06.644689Z,453.0,C15DM49H,11,English,Yes,"No, I have no issues seeing colours",Man (including Trans Male/Trans Man),24,Male,White,United States,United States,United States,English,Yes,Full-Time
6a0f4b948daef5d88fc5f41a,69c5f74d5410c876ebdfd025,APPROVED,Not Applicable,2026-05-21T18:16:13.102000Z,2026-05-21T18:33:42.028000Z,2026-05-21T18:33:42.525000Z,2026-05-21T18:34:42.500522Z,1049.0,C15DM49H,415,English,Yes,"No, I have no issues seeing colours",Woman (including Trans Female/Trans Woman),58,Female,White,United States,United States,United States,English,No,"Not in paid work (e.g. homemaker', 'retired or disabled)"
6a0f4baa3796e82caa6b2aa5,66b4ce1902e71c591c34bf72,APPROVED,Not Applicable,2026-05-21T18:15:09.650000Z,2026-05-21T18:34:57.902000Z,2026-05-21T18:34:58.383000Z,2026-05-21T18:35:58.365566Z,1189.0,C15DM49H,1321,English,Yes,"No, I have no issues seeing colours",Man (including Trans Male/Trans Man),43,Male,White,United States,United States,United States,English,No,Full-Time
6a0f4c6a1326bc3826a10893,674f320a16eba7f4a31ed965,APPROVED,Not Applicable,2026-05-21T18:18:38.216000Z,2026-05-21T18:39:01.710000Z,2026-05-21T18:39:02.287000Z,2026-05-21T18:40:02.173548Z,1224.0,C15DM49H,1925,English,Yes,"No, I have no issues seeing colours",Man (including Trans Male/Trans Man),48,Male,White,United States,United States,United States,English,No,Unemployed (and job seeking)
6a0f4d2ceba8051fbed19b24,5ca6bbf13b5fcf00100996e9,APPROVED,Not Applicable,2026-05-21T18:21:36.273000Z,2026-05-21T18:30:58.970000Z,2026-05-21T18:31:01.263000Z,2026-05-21T18:31:59.418510Z,563.0,C15DM49H,7857,English,Yes,"No, I have no issues seeing colours",Man (including Trans Male/Trans Man),60,Male,White,United States,United States,United States,English,No,Full-Time
6a0f4db1405842575567fe67,69f015ec2ecf0140a5b231fe,APPROVED,Not Applicable,2026-05-21T18:25:10.839000Z,2026-05-21T18:40:53.135000Z,2026-05-21T18:40:53.634000Z,2026-05-21T18:41:53.607883Z,943.0,C15DM49H,76,English,Yes,"No, I have no issues seeing colours",Woman (including Trans Female/Trans Woman),23,Female,White,United States,United States,United States,English,No,Unemployed (and job seeking)
6a0f4db2c98f3a6098f4b096,677c0682ec510c0693fc5790,APPROVED,Not Applicable,2026-05-21T18:23:53.205000Z,2026-05-21T18:39:59.378000Z,2026-05-21T18:39:59.837000Z,2026-05-21T18:40:59.807111Z,967.0,C15DM49H,3978,English,Yes,"No, I have no issues seeing colours",Woman (including Trans Female/Trans Woman),50,Female,White,United States,United States,United States,English,No,Full-Time
6a0f4dc584a44d0e2cafb9c2,66412a3ce07d7c50170a3eff,APPROVED,Not Applicable,2026-05-21T18:24:10.356000Z,2026-05-21T18:35:17.371000Z,2026-05-21T18:35:17.884000Z,2026-05-21T18:36:17.826886Z,668.0,C15DM49H,1790,English,Yes,"No, I have no issues seeing colours",Man (including Trans Male/Trans Man),34,Male,White,United States,United States,United States,English,No,Full-Time
6a0f4ed3348ee3eea9fbeafe,6a0c952ede8f74d8758f646e,APPROVED,Not Applicable,2026-05-21T18:28:39.082000Z,2026-05-21T18:37:07.110000Z,2026-05-21T18:37:07.562000Z,2026-05-21T18:38:07.528244Z,509.0,C15DM49H,29,English,Yes,"No, I have no issues seeing colours",Woman (including Trans Female/Trans Woman),25,Female,White,United States,United States,United States,English,Yes,Part-Time
6a0f4fa5f46b89d7712de7d8,69fc78e8bbf7beab3c5c29ed,APPROVED,Not Applicable,2026-05-21T18:32:23.662000Z,2026-05-21T19:06:25.509000Z,2026-05-21T19:06:25.968000Z,2026-05-21T19:07:25.944936Z,2042.0,C15DM49H,50,English,Yes,"No, I have no issues seeing colours",Woman (including Trans Female/Trans Woman),28,Female,White,United States,United States,United States,English,No,Unemployed (and job seeking)
6a0f5014dbb48ddc746cd6ab,69f28efa79a51950a99d7912,APPROVED,Not Applicable,2026-05-21T18:41:16.052000Z,2026-05-21T19:01:46.888000Z,2026-05-21T19:01:47.371000Z,2026-05-21T19:02:47.348067Z,1231.0,C15DM49H,90,English,Yes,"No, I have no issues seeing colours",Non-binary (would like to give more detail),23,Female,White,United States,United States,United States,English,No,"Not in paid work (e.g. homemaker', 'retired or disabled)"
6a0f507b31c772a8d84d768d,6a079b09ce53755a336595e5,APPROVED,Not Applicable,2026-05-21T18:35:56.221000Z,2026-05-21T19:01:33.940000Z,2026-05-21T19:01:34.477000Z,2026-05-21T19:02:34.430050Z,1538.0,C15DM49H,32,English,Yes,"No, I have no issues seeing colours",Woman (including Trans Female/Trans Woman),48,Female,White,United States,United States,United States,English,No,Unemployed (and job seeking)
6a0f50e041f2fb21983bb2f7,69ef87a042c501ab5c54eeb1,APPROVED,Not Applicable,2026-05-21T18:37:38.466000Z,2026-05-21T18:51:26.812000Z,2026-05-21T18:51:27.287000Z,2026-05-21T18:52:27.269309Z,829.0,C15DM49H,218,English,Yes,"No, I have no issues seeing colours",Woman (including Trans Female/Trans Woman),37,Female,White,United States,United States,United States,English,No,Full-Time
6a0f5158cfeb798c6fb04ce4,670181df01d5807d3bca5093,APPROVED,Not Applicable,2026-05-21T18:39:41.402000Z,2026-05-21T18:59:21.978000Z,2026-05-21T18:59:22.493000Z,2026-05-21T19:00:22.447212Z,1181.0,C15DM49H,2771,"English, Spanish",Yes,"Yes, I'm colourblind",Woman (including Trans Female/Trans Woman),33,Female,Mixed,United States,United States,United States,English,Yes,Full-Time
6a0f51b5842432af7fd64b43,646ff124ef129159bf5f08f7,APPROVED,Not Applicable,2026-05-21T18:40:58.460000Z,2026-05-21T19:10:43.232000Z,2026-05-21T19:10:43.701000Z,2026-05-21T19:11:43.681644Z,1785.0,C15DM49H,7301,"English, Spanish",Yes,"No, I have no issues seeing colours",Man (including Trans Male/Trans Man),38,Male,White,United States,United States,United States,English,No,Full-Time
6a0f51e3980ed7ac08c42c92,6986527d13b151d8d6f7e2d1,APPROVED,Not Applicable,2026-05-21T18:41:42.525000Z,2026-05-21T18:56:08.103000Z,2026-05-21T18:56:08.608000Z,2026-05-21T18:57:08.578004Z,866.0,C15DM49H,687,English,Yes,"No, I have no issues seeing colours",Woman (including Trans Female/Trans Woman),38,Female,White,United States,United States,United States,English,No,Full-Time
6a0f5297a94cb6f6b0d99a8e,6a0785e649cf1d48d9814f44,APPROVED,Not Applicable,2026-05-21T18:44:58.650000Z,2026-05-21T19:14:47.920000Z,2026-05-21T19:14:48.421000Z,2026-05-21T19:15:48.382886Z,1790.0,C15DM49H,62,English,Yes,"No, I have no issues seeing colours",Woman (including Trans Female/Trans Woman),44,Female,Black,United States,United States,United States,English,Yes,Part-Time
6a0f539bc808099255be5f9d,671f48ecd819545f1b044941,APPROVED,Not Applicable,2026-05-21T18:51:39.689000Z,2026-05-21T19:14:53.700000Z,2026-05-21T19:14:54.187000Z,2026-05-21T19:15:54.159473Z,1395.0,C15DM49H,2364,English,Yes,"No, I have no issues seeing colours",Man (including Trans Male/Trans Man),37,Male,Black,United States,United States,United States,English,No,Full-Time
6a0f544d5e8a7ec323861f5b,6a0b71218fc9066439f3a13c,APPROVED,Not Applicable,2026-05-21T18:52:00.776000Z,2026-05-21T19:09:06.751000Z,2026-05-21T19:09:07.226000Z,2026-05-21T19:10:07.164393Z,1026.0,C15DM49H,13,English,Yes,"No, I have no issues seeing colours",Man (including Trans Male/Trans Man),31,Male,White,United States,United States,United States,English,No,Full-Time
6a0f59486001ab8d024fab66,698f87aa1d92ad49aa5a1c80,APPROVED,Not Applicable,2026-05-21T19:13:28.889000Z,2026-05-21T19:41:13.820000Z,2026-05-21T19:41:14.446000Z,2026-05-21T19:42:14.410296Z,1665.0,C15DM49H,342,English,Yes,"No, I have no issues seeing colours",Woman (including Trans Female/Trans Woman),51,Female,White,United States,United States,United States,English,No,Full-Time
6a0f786a04e2bbe7e503b4f6,69419c81ee92288e4d87076d,APPROVED,Not Applicable,2026-05-21T21:26:05.245000Z,2026-05-21T21:43:48.323000Z,2026-05-21T21:43:48.813000Z,2026-05-21T21:44:48.786025Z,1064.0,C15DM49H,1795,English,Yes,"No, I have no issues seeing colours",Woman (including Trans Female/Trans Woman),30,Female,White,United States,United States,United States,English,No,Part-Time
6a0f787591dedb7e338f665a,6a0e2257e15a1c76048f63f2,APPROVED,Not Applicable,2026-05-21T21:26:26.086000Z,2026-05-21T21:40:40.927000Z,2026-05-21T21:40:41.462000Z,2026-05-21T21:41:41.421050Z,855.0,C15DM49H,4,English,Yes,"No, I have no issues seeing colours",Man (including Trans Male/Trans Man),25,Male,White,United States,United States,Mexico,Spanish,No,Unemployed (and job seeking)
6a0f7877a73aade77f58cf70,67d0a021830da9af217a23a1,APPROVED,Not Applicable,2026-05-21T21:26:20.024000Z,2026-05-21T21:50:10.517000Z,2026-05-21T21:50:11.196000Z,2026-05-21T21:51:11.170543Z,1431.0,C15DM49H,2842,English,Yes,"No, I have no issues seeing colours",Woman (including Trans Female/Trans Woman),75,Female,White,United States,United States,United States,English,No,"Not in paid work (e.g. homemaker', 'retired or disabled)"
6a0cf510569849fd4578c7be,6a0be8a8032873b2e58f1ee1,REJECTED,Not Applicable,2026-05-19T23:41:07.536000Z,2026-05-19T23:46:41.232000Z,2026-05-21T21:25:00.390000Z,2026-05-20T14:30:59.012000Z,334.0,C18MPT4O,8,CONSENT_REVOKED,CONSENT_REVOKED,CONSENT_REVOKED,CONSENT_REVOKED,CONSENT_REVOKED,CONSENT_REVOKED,CONSENT_REVOKED,CONSENT_REVOKED,CONSENT_REVOKED,CONSENT_REVOKED,CONSENT_REVOKED,CONSENT_REVOKED,CONSENT_REVOKED
6a0dbdfb6710eb7891906817,69fcc70f28b90276561cf816,RETURNED,Not Applicable,2026-05-20T13:59:28.660000Z,,,2026-05-20T14:30:59.015000Z,,,38,CONSENT_REVOKED,CONSENT_REVOKED,CONSENT_REVOKED,CONSENT_REVOKED,CONSENT_REVOKED,CONSENT_REVOKED,CONSENT_REVOKED,CONSENT_REVOKED,CONSENT_REVOKED,CONSENT_REVOKED,CONSENT_REVOKED,CONSENT_REVOKED,CONSENT_REVOKED
6a0dc647ce701e0d95173215,69e7bc846cba08f9ba801f73,RETURNED,Not Applicable,,,,,,,328,CONSENT_REVOKED,CONSENT_REVOKED,CONSENT_REVOKED,CONSENT_REVOKED,CONSENT_REVOKED,CONSENT_REVOKED,CONSENT_REVOKED,CONSENT_REVOKED,CONSENT_REVOKED,CONSENT_REVOKED,CONSENT_REVOKED,CONSENT_REVOKED,CONSENT_REVOKED
6a0dc69760daeb9c4dc287be,69f4bb68bf5c197d2c923ac4,RETURNED,Not Applicable,2026-05-20T14:35:08.213000Z,,,,,,363,CONSENT_REVOKED,CONSENT_REVOKED,CONSENT_REVOKED,CONSENT_REVOKED,CONSENT_REVOKED,CONSENT_REVOKED,CONSENT_REVOKED,CONSENT_REVOKED,CONSENT_REVOKED,CONSENT_REVOKED,CONSENT_REVOKED,CONSENT_REVOKED,CONSENT_REVOKED
6a0dc8354cc69eaafc249542,667871d17d7fdf0358f82a28,RETURNED,Not Applicable,2026-05-20T14:52:00.019000Z,,,,,,12340,CONSENT_REVOKED,CONSENT_REVOKED,CONSENT_REVOKED,CONSENT_REVOKED,CONSENT_REVOKED,CONSENT_REVOKED,CONSENT_REVOKED,CONSENT_REVOKED,CONSENT_REVOKED,CONSENT_REVOKED,CONSENT_REVOKED,CONSENT_REVOKED,CONSENT_REVOKED
6a0dc8a5c8017517a8ad9a9d,66312361cf5d4099e1330532,RETURNED,Not Applicable,2026-05-20T14:43:53.739000Z,,,,,,3620,CONSENT_REVOKED,CONSENT_REVOKED,CONSENT_REVOKED,CONSENT_REVOKED,CONSENT_REVOKED,CONSENT_REVOKED,CONSENT_REVOKED,CONSENT_REVOKED,CONSENT_REVOKED,CONSENT_REVOKED,CONSENT_REVOKED,CONSENT_REVOKED,CONSENT_REVOKED
6a0dc8d83b917b5bef97e455,655a395e2828d333bae0ea4b,RETURNED,Not Applicable,2026-05-20T14:44:43.779000Z,,,,,,6409,CONSENT_REVOKED,CONSENT_REVOKED,CONSENT_REVOKED,CONSENT_REVOKED,CONSENT_REVOKED,CONSENT_REVOKED,CONSENT_REVOKED,CONSENT_REVOKED,CONSENT_REVOKED,CONSENT_REVOKED,CONSENT_REVOKED,CONSENT_REVOKED,CONSENT_REVOKED
6a0dc91c278004904ca437bd,64d52f57693a7ee7330c9518,RETURNED,Not Applicable,2026-05-20T14:45:54.747000Z,,,,,,1726,CONSENT_REVOKED,CONSENT_REVOKED,CONSENT_REVOKED,CONSENT_REVOKED,CONSENT_REVOKED,CONSENT_REVOKED,CONSENT_REVOKED,CONSENT_REVOKED,CONSENT_REVOKED,CONSENT_REVOKED,CONSENT_REVOKED,CONSENT_REVOKED,CONSENT_REVOKED
6a0dc92076a07d425be1941b,695fdf5b78ef5b3f0cc4d499,RETURNED,Not Applicable,2026-05-20T14:45:55.810000Z,,,,,,236,CONSENT_REVOKED,CONSENT_REVOKED,CONSENT_REVOKED,CONSENT_REVOKED,CONSENT_REVOKED,CONSENT_REVOKED,CONSENT_REVOKED,CONSENT_REVOKED,CONSENT_REVOKED,CONSENT_REVOKED,CONSENT_REVOKED,CONSENT_REVOKED,CONSENT_REVOKED
6a0dc9584e57ab14726082ed,69f8ba2715d3a1e13b67a6f3,RETURNED,Not Applicable,2026-05-20T14:46:53.422000Z,,,,,,152,CONSENT_REVOKED,CONSENT_REVOKED,CONSENT_REVOKED,CONSENT_REVOKED,CONSENT_REVOKED,CONSENT_REVOKED,CONSENT_REVOKED,CONSENT_REVOKED,CONSENT_REVOKED,CONSENT_REVOKED,CONSENT_REVOKED,CONSENT_REVOKED,CONSENT_REVOKED
6a0dca2c76a07d425be19439,612e88e81952522ab3d8d8a7,RETURNED,Not Applicable,2026-05-20T14:50:27.680000Z,,,,,,3506,CONSENT_REVOKED,CONSENT_REVOKED,CONSENT_REVOKED,CONSENT_REVOKED,CONSENT_REVOKED,CONSENT_REVOKED,CONSENT_REVOKED,CONSENT_REVOKED,CONSENT_REVOKED,CONSENT_REVOKED,CONSENT_REVOKED,CONSENT_REVOKED,CONSENT_REVOKED
6a0dca99bdeaa4954e93c7e4,696115582f37aeb252724d00,RETURNED,Not Applicable,2026-05-20T14:52:14.344000Z,,,,,,77,CONSENT_REVOKED,CONSENT_REVOKED,CONSENT_REVOKED,CONSENT_REVOKED,CONSENT_REVOKED,CONSENT_REVOKED,CONSENT_REVOKED,CONSENT_REVOKED,CONSENT_REVOKED,CONSENT_REVOKED,CONSENT_REVOKED,CONSENT_REVOKED,CONSENT_REVOKED
6a0dcb8d6492a58b7112e18d,697b6a31c5be61f911835aaa,RETURNED,Not Applicable,2026-05-20T14:56:22.354000Z,,,,,,1012,CONSENT_REVOKED,CONSENT_REVOKED,CONSENT_REVOKED,CONSENT_REVOKED,CONSENT_REVOKED,CONSENT_REVOKED,CONSENT_REVOKED,CONSENT_REVOKED,CONSENT_REVOKED,CONSENT_REVOKED,CONSENT_REVOKED,CONSENT_REVOKED,CONSENT_REVOKED
6a0dcc19ee87add433819bee,69fe03f4c6ed7ceb363e4d1e,RETURNED,Not Applicable,2026-05-20T14:58:33.334000Z,,,,,,54,CONSENT_REVOKED,CONSENT_REVOKED,CONSENT_REVOKED,CONSENT_REVOKED,CONSENT_REVOKED,CONSENT_REVOKED,CONSENT_REVOKED,CONSENT_REVOKED,CONSENT_REVOKED,CONSENT_REVOKED,CONSENT_REVOKED,CONSENT_REVOKED,CONSENT_REVOKED
6a0dcd36e640fb4a92e7ea0c,665d3b8935ef56ce74c4761f,RETURNED,Not Applicable,2026-05-20T15:03:22.267000Z,,,,,,4733,CONSENT_REVOKED,CONSENT_REVOKED,CONSENT_REVOKED,CONSENT_REVOKED,CONSENT_REVOKED,CONSENT_REVOKED,CONSENT_REVOKED,CONSENT_REVOKED,CONSENT_REVOKED,CONSENT_REVOKED,CONSENT_REVOKED,CONSENT_REVOKED,CONSENT_REVOKED
6a0dcf25a88b834c812e9308,660d6b2e957fa582ec87816f,RETURNED,Not Applicable,2026-05-20T15:11:38.514000Z,,,,,,1607,CONSENT_REVOKED,CONSENT_REVOKED,CONSENT_REVOKED,CONSENT_REVOKED,CONSENT_REVOKED,CONSENT_REVOKED,CONSENT_REVOKED,CONSENT_REVOKED,CONSENT_REVOKED,CONSENT_REVOKED,CONSENT_REVOKED,CONSENT_REVOKED,CONSENT_REVOKED
6a0dd0664f60fd60e00d929e,5deb341d35575a2547b1f85a,RETURNED,Not Applicable,,,,,,,5311,CONSENT_REVOKED,CONSENT_REVOKED,CONSENT_REVOKED,CONSENT_REVOKED,CONSENT_REVOKED,CONSENT_REVOKED,CONSENT_REVOKED,CONSENT_REVOKED,CONSENT_REVOKED,CONSENT_REVOKED,CONSENT_REVOKED,CONSENT_REVOKED,CONSENT_REVOKED
6a0dd3172d9009c3b445dba1,699a44983280eb15dfa56e8e,RETURNED,Not Applicable,2026-05-20T15:28:28.024000Z,,,,,,1992,CONSENT_REVOKED,CONSENT_REVOKED,CONSENT_REVOKED,CONSENT_REVOKED,CONSENT_REVOKED,CONSENT_REVOKED,CONSENT_REVOKED,CONSENT_REVOKED,CONSENT_REVOKED,CONSENT_REVOKED,CONSENT_REVOKED,CONSENT_REVOKED,CONSENT_REVOKED
6a0dd4c87286921adca6371d,6a091ecd1cd2684b2834e72a,RETURNED,Not Applicable,2026-05-20T15:35:41.897000Z,,,,,,21,CONSENT_REVOKED,CONSENT_REVOKED,CONSENT_REVOKED,CONSENT_REVOKED,CONSENT_REVOKED,CONSENT_REVOKED,CONSENT_REVOKED,CONSENT_REVOKED,CONSENT_REVOKED,CONSENT_REVOKED,CONSENT_REVOKED,CONSENT_REVOKED,CONSENT_REVOKED
6a0dd88aa37e8c71c176030f,6a03b60e83de01145b7b8080,TIMED-OUT,Not Applicable,2026-05-20T15:52:23.272000Z,,,,120081.0,,28,English,Yes,"No, I have no issues seeing colours",Man (including Trans Male/Trans Man),38,Male,Black,United States,United States,United States,English,Yes,Part-Time
6a0dd8deb371c3d6c94771c3,63b6be1516a2c70bb43fbccd,RETURNED,Not Applicable,,,,,,,2003,CONSENT_REVOKED,CONSENT_REVOKED,CONSENT_REVOKED,CONSENT_REVOKED,CONSENT_REVOKED,CONSENT_REVOKED,CONSENT_REVOKED,CONSENT_REVOKED,CONSENT_REVOKED,CONSENT_REVOKED,CONSENT_REVOKED,CONSENT_REVOKED,CONSENT_REVOKED
6a0dd90abe18764f475d04a3,69c09a332360dda2d150ccdc,RETURNED,Not Applicable,,,,,,,415,CONSENT_REVOKED,CONSENT_REVOKED,CONSENT_REVOKED,CONSENT_REVOKED,CONSENT_REVOKED,CONSENT_REVOKED,CONSENT_REVOKED,CONSENT_REVOKED,CONSENT_REVOKED,CONSENT_REVOKED,CONSENT_REVOKED,CONSENT_REVOKED,CONSENT_REVOKED
6a0dd911bdd6886cdfa43262,6992185a54b789ad926d0de1,RETURNED,Not Applicable,2026-05-20T15:53:57.507000Z,,,,,,521,CONSENT_REVOKED,CONSENT_REVOKED,CONSENT_REVOKED,CONSENT_REVOKED,CONSENT_REVOKED,CONSENT_REVOKED,CONSENT_REVOKED,CONSENT_REVOKED,CONSENT_REVOKED,CONSENT_REVOKED,CONSENT_REVOKED,CONSENT_REVOKED,CONSENT_REVOKED
6a0dd93539f436320e201397,61705235c277934df17055e6,RETURNED,Not Applicable,2026-05-20T15:54:37.403000Z,,,,,,16894,CONSENT_REVOKED,CONSENT_REVOKED,CONSENT_REVOKED,CONSENT_REVOKED,CONSENT_REVOKED,CONSENT_REVOKED,CONSENT_REVOKED,CONSENT_REVOKED,CONSENT_REVOKED,CONSENT_REVOKED,CONSENT_REVOKED,CONSENT_REVOKED,CONSENT_REVOKED
6a0dd972f11f245732318115,67563017947dfe388187d85d,RETURNED,Not Applicable,2026-05-20T15:55:39.838000Z,,,,,,3344,CONSENT_REVOKED,CONSENT_REVOKED,CONSENT_REVOKED,CONSENT_REVOKED,CONSENT_REVOKED,CONSENT_REVOKED,CONSENT_REVOKED,CONSENT_REVOKED,CONSENT_REVOKED,CONSENT_REVOKED,CONSENT_REVOKED,CONSENT_REVOKED,CONSENT_REVOKED
6a0dd9931f6e15df1c982ead,675f29c1c465ee80225d15e3,RETURNED,Not Applicable,2026-05-20T16:02:33.228000Z,,,,,,3046,CONSENT_REVOKED,CONSENT_REVOKED,CONSENT_REVOKED,CONSENT_REVOKED,CONSENT_REVOKED,CONSENT_REVOKED,CONSENT_REVOKED,CONSENT_REVOKED,CONSENT_REVOKED,CONSENT_REVOKED,CONSENT_REVOKED,CONSENT_REVOKED,CONSENT_REVOKED
6a0ddaf17a5355a8e0ecbb48,697f07ae9595abbff4c39ffb,RETURNED,Not Applicable,2026-05-20T16:03:02.023000Z,,,,,,516,CONSENT_REVOKED,CONSENT_REVOKED,CONSENT_REVOKED,CONSENT_REVOKED,CONSENT_REVOKED,CONSENT_REVOKED,CONSENT_REVOKED,CONSENT_REVOKED,CONSENT_REVOKED,CONSENT_REVOKED,CONSENT_REVOKED,CONSENT_REVOKED,CONSENT_REVOKED
6a0ddb482c47f3d9f376c2bf,6a01f99a7f583d0a32f23466,REJECTED,Not Applicable,2026-05-20T16:04:05.382000Z,2026-05-20T16:04:27.968000Z,2026-05-21T21:25:32.736000Z,2026-05-20T16:04:28.568000Z,23.0,C18MPT4O,19,CONSENT_REVOKED,CONSENT_REVOKED,CONSENT_REVOKED,CONSENT_REVOKED,CONSENT_REVOKED,CONSENT_REVOKED,CONSENT_REVOKED,CONSENT_REVOKED,CONSENT_REVOKED,CONSENT_REVOKED,CONSENT_REVOKED,CONSENT_REVOKED,CONSENT_REVOKED
6a0ddcac53f3bbf6cc30984e,69f2ba884cc121777f271bdc,RETURNED,Not Applicable,,,,,,,199,CONSENT_REVOKED,CONSENT_REVOKED,CONSENT_REVOKED,CONSENT_REVOKED,CONSENT_REVOKED,CONSENT_REVOKED,CONSENT_REVOKED,CONSENT_REVOKED,CONSENT_REVOKED,CONSENT_REVOKED,CONSENT_REVOKED,CONSENT_REVOKED,CONSENT_REVOKED
6a0ddcafdec48faf959c6fe5,6101bb2d3d9c4836fc6d8d8b,RETURNED,Not Applicable,,,,,,,602,CONSENT_REVOKED,CONSENT_REVOKED,CONSENT_REVOKED,CONSENT_REVOKED,CONSENT_REVOKED,CONSENT_REVOKED,CONSENT_REVOKED,CONSENT_REVOKED,CONSENT_REVOKED,CONSENT_REVOKED,CONSENT_REVOKED,CONSENT_REVOKED,CONSENT_REVOKED
6a0ddcd7fc8719da73afa407,69e713c58acc31a49c0445c4,RETURNED,Not Applicable,2026-05-20T16:10:05.169000Z,,,,,,330,CONSENT_REVOKED,CONSENT_REVOKED,CONSENT_REVOKED,CONSENT_REVOKED,CONSENT_REVOKED,CONSENT_REVOKED,CONSENT_REVOKED,CONSENT_REVOKED,CONSENT_REVOKED,CONSENT_REVOKED,CONSENT_REVOKED,CONSENT_REVOKED,CONSENT_REVOKED
6a0ddd39ccb0f781efac774a,6a0cf819dfa786f334fd861b,RETURNED,Not Applicable,,,,,,,12,CONSENT_REVOKED,CONSENT_REVOKED,CONSENT_REVOKED,CONSENT_REVOKED,CONSENT_REVOKED,CONSENT_REVOKED,CONSENT_REVOKED,CONSENT_REVOKED,CONSENT_REVOKED,CONSENT_REVOKED,CONSENT_REVOKED,CONSENT_REVOKED,CONSENT_REVOKED
6a0ddd7aa0a498f7de309d28,676ca3da9773676ad989ef10,RETURNED,Not Applicable,2026-05-20T16:12:45.102000Z,,,,,,11677,CONSENT_REVOKED,CONSENT_REVOKED,CONSENT_REVOKED,CONSENT_REVOKED,CONSENT_REVOKED,CONSENT_REVOKED,CONSENT_REVOKED,CONSENT_REVOKED,CONSENT_REVOKED,CONSENT_REVOKED,CONSENT_REVOKED,CONSENT_REVOKED,CONSENT_REVOKED
6a0dde0dadc26170c2f0284a,668ad967fbcbcb0fe1d5952c,RETURNED,Not Applicable,2026-05-20T16:15:14.273000Z,,,,,,933,CONSENT_REVOKED,CONSENT_REVOKED,CONSENT_REVOKED,CONSENT_REVOKED,CONSENT_REVOKED,CONSENT_REVOKED,CONSENT_REVOKED,CONSENT_REVOKED,CONSENT_REVOKED,CONSENT_REVOKED,CONSENT_REVOKED,CONSENT_REVOKED,CONSENT_REVOKED
6a0ddf0c045648f68670de5d,6a08e32fe0b9a85f5b9ff825,RETURNED,Not Applicable,,,,,,,30,CONSENT_REVOKED,CONSENT_REVOKED,CONSENT_REVOKED,CONSENT_REVOKED,CONSENT_REVOKED,CONSENT_REVOKED,CONSENT_REVOKED,CONSENT_REVOKED,CONSENT_REVOKED,CONSENT_REVOKED,CONSENT_REVOKED,CONSENT_REVOKED,CONSENT_REVOKED
6a0ddf1b2f106289d5bba884,69fc75699564f13649da0283,RETURNED,Not Applicable,2026-05-20T16:19:43.670000Z,,,,,,11,CONSENT_REVOKED,CONSENT_REVOKED,CONSENT_REVOKED,CONSENT_REVOKED,CONSENT_REVOKED,CONSENT_REVOKED,CONSENT_REVOKED,CONSENT_REVOKED,CONSENT_REVOKED,CONSENT_REVOKED,CONSENT_REVOKED,CONSENT_REVOKED,CONSENT_REVOKED
6a0ddfaa2e966cf271e75f83,66d0ac55c071f86833bfacb7,RETURNED,Not Applicable,2026-05-20T16:22:05.962000Z,,,,,,765,CONSENT_REVOKED,CONSENT_REVOKED,CONSENT_REVOKED,CONSENT_REVOKED,CONSENT_REVOKED,CONSENT_REVOKED,CONSENT_REVOKED,CONSENT_REVOKED,CONSENT_REVOKED,CONSENT_REVOKED,CONSENT_REVOKED,CONSENT_REVOKED,CONSENT_REVOKED
6a0ddfdcda27c3e358276656,69e957ad6c65e153a1c65ae2,RETURNED,Not Applicable,2026-05-20T16:22:59.810000Z,,,,,,46,CONSENT_REVOKED,CONSENT_REVOKED,CONSENT_REVOKED,CONSENT_REVOKED,CONSENT_REVOKED,CONSENT_REVOKED,CONSENT_REVOKED,CONSENT_REVOKED,CONSENT_REVOKED,CONSENT_REVOKED,CONSENT_REVOKED,CONSENT_REVOKED,CONSENT_REVOKED
6a0ddff43a67d3dc36021fb3,5ba6d507cf54e40001c45aaf,RETURNED,Not Applicable,2026-05-20T16:23:16.192000Z,,,,,,6977,CONSENT_REVOKED,CONSENT_REVOKED,CONSENT_REVOKED,CONSENT_REVOKED,CONSENT_REVOKED,CONSENT_REVOKED,CONSENT_REVOKED,CONSENT_REVOKED,CONSENT_REVOKED,CONSENT_REVOKED,CONSENT_REVOKED,CONSENT_REVOKED,CONSENT_REVOKED
6a0de1586fa2c4b5dcad5312,66e130986f83da332c8c6d4e,RETURNED,Not Applicable,2026-05-20T16:29:16.705000Z,,,,,,706,CONSENT_REVOKED,CONSENT_REVOKED,CONSENT_REVOKED,CONSENT_REVOKED,CONSENT_REVOKED,CONSENT_REVOKED,CONSENT_REVOKED,CONSENT_REVOKED,CONSENT_REVOKED,CONSENT_REVOKED,CONSENT_REVOKED,CONSENT_REVOKED,CONSENT_REVOKED
6a0de1732ac0d588edac0626,66fca3f26e3bd3053c0f7780,RETURNED,Not Applicable,2026-05-20T16:29:43.251000Z,,,,,,2315,CONSENT_REVOKED,CONSENT_REVOKED,CONSENT_REVOKED,CONSENT_REVOKED,CONSENT_REVOKED,CONSENT_REVOKED,CONSENT_REVOKED,CONSENT_REVOKED,CONSENT_REVOKED,CONSENT_REVOKED,CONSENT_REVOKED,CONSENT_REVOKED,CONSENT_REVOKED
6a0de1b670a08265d1854970,66f0d394b09c995902f6ac22,RETURNED,Not Applicable,2026-05-20T16:30:51.284000Z,,,,,,1084,CONSENT_REVOKED,CONSENT_REVOKED,CONSENT_REVOKED,CONSENT_REVOKED,CONSENT_REVOKED,CONSENT_REVOKED,CONSENT_REVOKED,CONSENT_REVOKED,CONSENT_REVOKED,CONSENT_REVOKED,CONSENT_REVOKED,CONSENT_REVOKED,CONSENT_REVOKED
6a0de3368b57165d8c1b9c21,56a7b5eac89737000b225d0e,RETURNED,Not Applicable,2026-05-20T16:37:17.369000Z,,,,,,6465,CONSENT_REVOKED,CONSENT_REVOKED,CONSENT_REVOKED,CONSENT_REVOKED,CONSENT_REVOKED,CONSENT_REVOKED,CONSENT_REVOKED,CONSENT_REVOKED,CONSENT_REVOKED,CONSENT_REVOKED,CONSENT_REVOKED,CONSENT_REVOKED,CONSENT_REVOKED
6a0de38e5622ac13af08680c,63f78071721a6cacdd63d835,RETURNED,Not Applicable,2026-05-20T16:38:44.472000Z,,,,,,5427,CONSENT_REVOKED,CONSENT_REVOKED,CONSENT_REVOKED,CONSENT_REVOKED,CONSENT_REVOKED,CONSENT_REVOKED,CONSENT_REVOKED,CONSENT_REVOKED,CONSENT_REVOKED,CONSENT_REVOKED,CONSENT_REVOKED,CONSENT_REVOKED,CONSENT_REVOKED
6a0de38f9728b2be9b732b14,5ec62902bb44c16b842128f9,RETURNED,Not Applicable,2026-05-20T16:38:41.555000Z,,,,,,10959,CONSENT_REVOKED,CONSENT_REVOKED,CONSENT_REVOKED,CONSENT_REVOKED,CONSENT_REVOKED,CONSENT_REVOKED,CONSENT_REVOKED,CONSENT_REVOKED,CONSENT_REVOKED,CONSENT_REVOKED,CONSENT_REVOKED,CONSENT_REVOKED,CONSENT_REVOKED
6a0de3d206055358fef682ce,651b1eb597d19205a5069db5,RETURNED,Not Applicable,2026-05-20T16:40:09.437000Z,,,,,,2986,CONSENT_REVOKED,CONSENT_REVOKED,CONSENT_REVOKED,CONSENT_REVOKED,CONSENT_REVOKED,CONSENT_REVOKED,CONSENT_REVOKED,CONSENT_REVOKED,CONSENT_REVOKED,CONSENT_REVOKED,CONSENT_REVOKED,CONSENT_REVOKED,CONSENT_REVOKED
6a0de3e35ece0da75464108b,66ef2ea90ee0818419f3002e,RETURNED,Not Applicable,,,,,,,1648,CONSENT_REVOKED,CONSENT_REVOKED,CONSENT_REVOKED,CONSENT_REVOKED,CONSENT_REVOKED,CONSENT_REVOKED,CONSENT_REVOKED,CONSENT_REVOKED,CONSENT_REVOKED,CONSENT_REVOKED,CONSENT_REVOKED,CONSENT_REVOKED,CONSENT_REVOKED
6a0de4764f82d1225cffb364,6a0822a82961cb53205a1a9b,RETURNED,Not Applicable,2026-05-20T16:44:22.418000Z,,,,,,72,CONSENT_REVOKED,CONSENT_REVOKED,CONSENT_REVOKED,CONSENT_REVOKED,CONSENT_REVOKED,CONSENT_REVOKED,CONSENT_REVOKED,CONSENT_REVOKED,CONSENT_REVOKED,CONSENT_REVOKED,CONSENT_REVOKED,CONSENT_REVOKED,CONSENT_REVOKED
6a0de562aed5869534575c87,698e4ddd529df9d22ec38bbe,RETURNED,Not Applicable,,,,,,,1571,CONSENT_REVOKED,CONSENT_REVOKED,CONSENT_REVOKED,CONSENT_REVOKED,CONSENT_REVOKED,CONSENT_REVOKED,CONSENT_REVOKED,CONSENT_REVOKED,CONSENT_REVOKED,CONSENT_REVOKED,CONSENT_REVOKED,CONSENT_REVOKED,CONSENT_REVOKED
6a0de6048965ab212d44daa2,6a035981c8a9ca74973fc6bd,RETURNED,Not Applicable,2026-05-20T16:49:14.393000Z,,,,,,45,CONSENT_REVOKED,CONSENT_REVOKED,CONSENT_REVOKED,CONSENT_REVOKED,CONSENT_REVOKED,CONSENT_REVOKED,CONSENT_REVOKED,CONSENT_REVOKED,CONSENT_REVOKED,CONSENT_REVOKED,CONSENT_REVOKED,CONSENT_REVOKED,CONSENT_REVOKED
6a0de6cccbb9216f175619a6,5e6439d24659d01c218bcbc9,RETURNED,Not Applicable,2026-05-20T16:52:32.322000Z,,,,,,2500,CONSENT_REVOKED,CONSENT_REVOKED,CONSENT_REVOKED,CONSENT_REVOKED,CONSENT_REVOKED,CONSENT_REVOKED,CONSENT_REVOKED,CONSENT_REVOKED,CONSENT_REVOKED,CONSENT_REVOKED,CONSENT_REVOKED,CONSENT_REVOKED,CONSENT_REVOKED
6a0de6e9e2ed0ad4e7cb98b8,69e51efe522f14e5f9ae6a6c,RETURNED,Not Applicable,2026-05-20T16:53:00.623000Z,,,,,,535,CONSENT_REVOKED,CONSENT_REVOKED,CONSENT_REVOKED,CONSENT_REVOKED,CONSENT_REVOKED,CONSENT_REVOKED,CONSENT_REVOKED,CONSENT_REVOKED,CONSENT_REVOKED,CONSENT_REVOKED,CONSENT_REVOKED,CONSENT_REVOKED,CONSENT_REVOKED
6a0de99631eb0210e4c3485d,67aa52dcb66d138fca70a211,RETURNED,Not Applicable,2026-05-20T17:04:28.802000Z,,,,,,3932,CONSENT_REVOKED,CONSENT_REVOKED,CONSENT_REVOKED,CONSENT_REVOKED,CONSENT_REVOKED,CONSENT_REVOKED,CONSENT_REVOKED,CONSENT_REVOKED,CONSENT_REVOKED,CONSENT_REVOKED,CONSENT_REVOKED,CONSENT_REVOKED,CONSENT_REVOKED
6a0de9e8eb7c7a65e0bf8cdf,69e7e7545bf81637207605dd,RETURNED,Not Applicable,,,,,,,365,CONSENT_REVOKED,CONSENT_REVOKED,CONSENT_REVOKED,CONSENT_REVOKED,CONSENT_REVOKED,CONSENT_REVOKED,CONSENT_REVOKED,CONSENT_REVOKED,CONSENT_REVOKED,CONSENT_REVOKED,CONSENT_REVOKED,CONSENT_REVOKED,CONSENT_REVOKED
6a0dea4fe03c5bda3eb97e38,66dcc0e54f44ccecf2730c76,RETURNED,Not Applicable,2026-05-20T17:07:31.529000Z,,,,,,3112,CONSENT_REVOKED,CONSENT_REVOKED,CONSENT_REVOKED,CONSENT_REVOKED,CONSENT_REVOKED,CONSENT_REVOKED,CONSENT_REVOKED,CONSENT_REVOKED,CONSENT_REVOKED,CONSENT_REVOKED,CONSENT_REVOKED,CONSENT_REVOKED,CONSENT_REVOKED
6a0dead2f632117ce493134e,64560bd205fd539c22bc0b37,RETURNED,Not Applicable,2026-05-20T17:09:44.199000Z,,,,,,3506,CONSENT_REVOKED,CONSENT_REVOKED,CONSENT_REVOKED,CONSENT_REVOKED,CONSENT_REVOKED,CONSENT_REVOKED,CONSENT_REVOKED,CONSENT_REVOKED,CONSENT_REVOKED,CONSENT_REVOKED,CONSENT_REVOKED,CONSENT_REVOKED,CONSENT_REVOKED
6a0debd4df7d3ef2cfd52dfc,69b84eda4bacd6bc812a18ea,RETURNED,Not Applicable,2026-05-20T17:14:00.913000Z,,,,,,1339,CONSENT_REVOKED,CONSENT_REVOKED,CONSENT_REVOKED,CONSENT_REVOKED,CONSENT_REVOKED,CONSENT_REVOKED,CONSENT_REVOKED,CONSENT_REVOKED,CONSENT_REVOKED,CONSENT_REVOKED,CONSENT_REVOKED,CONSENT_REVOKED,CONSENT_REVOKED
6a0dec428c46bc64d52c1199,66c36df59f1061046b7ea01b,RETURNED,Not Applicable,2026-05-20T17:17:06.020000Z,,,,,,2226,CONSENT_REVOKED,CONSENT_REVOKED,CONSENT_REVOKED,CONSENT_REVOKED,CONSENT_REVOKED,CONSENT_REVOKED,CONSENT_REVOKED,CONSENT_REVOKED,CONSENT_REVOKED,CONSENT_REVOKED,CONSENT_REVOKED,CONSENT_REVOKED,CONSENT_REVOKED
6a0dece5d60db84350631954,66d88375799e00b593a8655f,RETURNED,Not Applicable,,,,,,,6591,CONSENT_REVOKED,CONSENT_REVOKED,CONSENT_REVOKED,CONSENT_REVOKED,CONSENT_REVOKED,CONSENT_REVOKED,CONSENT_REVOKED,CONSENT_REVOKED,CONSENT_REVOKED,CONSENT_REVOKED,CONSENT_REVOKED,CONSENT_REVOKED,CONSENT_REVOKED
6a0decead3cba34a306f4085,5faf7975d268c821e73b9d28,RETURNED,Not Applicable,2026-05-20T17:18:37.880000Z,,,,,,1605,CONSENT_REVOKED,CONSENT_REVOKED,CONSENT_REVOKED,CONSENT_REVOKED,CONSENT_REVOKED,CONSENT_REVOKED,CONSENT_REVOKED,CONSENT_REVOKED,CONSENT_REVOKED,CONSENT_REVOKED,CONSENT_REVOKED,CONSENT_REVOKED,CONSENT_REVOKED
6a0ded20305d46b552039944,69ee792c66e99d9dc5c7793f,RETURNED,Not Applicable,,,,,,,533,CONSENT_REVOKED,CONSENT_REVOKED,CONSENT_REVOKED,CONSENT_REVOKED,CONSENT_REVOKED,CONSENT_REVOKED,CONSENT_REVOKED,CONSENT_REVOKED,CONSENT_REVOKED,CONSENT_REVOKED,CONSENT_REVOKED,CONSENT_REVOKED,CONSENT_REVOKED
6a0ded797786dc97f7f4caa3,5e5dba9e3d60470d71dde9ef,RETURNED,Not Applicable,,,,,,,2591,CONSENT_REVOKED,CONSENT_REVOKED,CONSENT_REVOKED,CONSENT_REVOKED,CONSENT_REVOKED,CONSENT_REVOKED,CONSENT_REVOKED,CONSENT_REVOKED,CONSENT_REVOKED,CONSENT_REVOKED,CONSENT_REVOKED,CONSENT_REVOKED,CONSENT_REVOKED
6a0ded85a9e1d46b36cd54f8,6a0db84cdcce70a26ddd3ef6,RETURNED,Not Applicable,2026-05-20T17:21:12.515000Z,,,,,,9,CONSENT_REVOKED,CONSENT_REVOKED,CONSENT_REVOKED,CONSENT_REVOKED,CONSENT_REVOKED,CONSENT_REVOKED,CONSENT_REVOKED,CONSENT_REVOKED,CONSENT_REVOKED,CONSENT_REVOKED,CONSENT_REVOKED,CONSENT_REVOKED,CONSENT_REVOKED
6a0ded8ea409f465799b4c98,6691641b6724549f46d3d8d3,RETURNED,Not Applicable,2026-05-20T17:21:21.400000Z,,,,,,3669,CONSENT_REVOKED,CONSENT_REVOKED,CONSENT_REVOKED,CONSENT_REVOKED,CONSENT_REVOKED,CONSENT_REVOKED,CONSENT_REVOKED,CONSENT_REVOKED,CONSENT_REVOKED,CONSENT_REVOKED,CONSENT_REVOKED,CONSENT_REVOKED,CONSENT_REVOKED
6a0deee268c7e338a9b4e93d,69c70839e0ead2560a304dbf,REJECTED,Not Applicable,2026-05-20T17:27:04.726000Z,2026-05-20T17:33:56.447000Z,2026-05-20T17:46:22.287000Z,2026-05-20T17:34:56.847000Z,412.0,C15DM49H,159,CONSENT_REVOKED,CONSENT_REVOKED,CONSENT_REVOKED,CONSENT_REVOKED,CONSENT_REVOKED,CONSENT_REVOKED,CONSENT_REVOKED,CONSENT_REVOKED,CONSENT_REVOKED,CONSENT_REVOKED,CONSENT_REVOKED,CONSENT_REVOKED,CONSENT_REVOKED
6a0deee2dd141f02a0173b7a,564e93659b124900127eb55b,RETURNED,Not Applicable,2026-05-20T17:37:00.010000Z,,,,,,8665,CONSENT_REVOKED,CONSENT_REVOKED,CONSENT_REVOKED,CONSENT_REVOKED,CONSENT_REVOKED,CONSENT_REVOKED,CONSENT_REVOKED,CONSENT_REVOKED,CONSENT_REVOKED,CONSENT_REVOKED,CONSENT_REVOKED,CONSENT_REVOKED,CONSENT_REVOKED
6a0df0895337a1040a3842fb,6a080439e6636bdf433d4099,RETURNED,Not Applicable,2026-05-20T17:34:04.058000Z,,,,,,74,CONSENT_REVOKED,CONSENT_REVOKED,CONSENT_REVOKED,CONSENT_REVOKED,CONSENT_REVOKED,CONSENT_REVOKED,CONSENT_REVOKED,CONSENT_REVOKED,CONSENT_REVOKED,CONSENT_REVOKED,CONSENT_REVOKED,CONSENT_REVOKED,CONSENT_REVOKED
6a0df0fefb8c7169d983dcac,66c003d8dcb57b6919043132,RETURNED,Not Applicable,2026-05-20T17:36:03.214000Z,,,,,,1230,CONSENT_REVOKED,CONSENT_REVOKED,CONSENT_REVOKED,CONSENT_REVOKED,CONSENT_REVOKED,CONSENT_REVOKED,CONSENT_REVOKED,CONSENT_REVOKED,CONSENT_REVOKED,CONSENT_REVOKED,CONSENT_REVOKED,CONSENT_REVOKED,CONSENT_REVOKED
6a0df1437a2ce2b70ab2e708,69a4b92a601b04233df75d4e,RETURNED,Not Applicable,2026-05-20T17:37:31.895000Z,,,,,,654,CONSENT_REVOKED,CONSENT_REVOKED,CONSENT_REVOKED,CONSENT_REVOKED,CONSENT_REVOKED,CONSENT_REVOKED,CONSENT_REVOKED,CONSENT_REVOKED,CONSENT_REVOKED,CONSENT_REVOKED,CONSENT_REVOKED,CONSENT_REVOKED,CONSENT_REVOKED
6a0df1be2995334f46861658,6740a0c24bfc6f108d412806,RETURNED,Not Applicable,2026-05-20T17:43:33.601000Z,,,,,,1101,CONSENT_REVOKED,CONSENT_REVOKED,CONSENT_REVOKED,CONSENT_REVOKED,CONSENT_REVOKED,CONSENT_REVOKED,CONSENT_REVOKED,CONSENT_REVOKED,CONSENT_REVOKED,CONSENT_REVOKED,CONSENT_REVOKED,CONSENT_REVOKED,CONSENT_REVOKED
6a0df27530bf314d4a8dcb6d,606be651a89a7baf6141e8b9,RETURNED,Not Applicable,2026-05-20T17:43:29.370000Z,,,,,,5873,CONSENT_REVOKED,CONSENT_REVOKED,CONSENT_REVOKED,CONSENT_REVOKED,CONSENT_REVOKED,CONSENT_REVOKED,CONSENT_REVOKED,CONSENT_REVOKED,CONSENT_REVOKED,CONSENT_REVOKED,CONSENT_REVOKED,CONSENT_REVOKED,CONSENT_REVOKED
6a0df2a05c6c75ae907686d4,6673ad72cf1358ddf77aff33,TIMED-OUT,Not Applicable,2026-05-20T17:43:01.430000Z,,,,113443.0,,253,English,Yes,"No, I have no issues seeing colours",Woman (including Trans Female/Trans Woman),32,Female,Black,United States,United States,United States,English,No,"Not in paid work (e.g. homemaker', 'retired or disabled)"
6a0df5222140854da84c5a69,606cf604adbb6982bb382881,RETURNED,Not Applicable,2026-05-20T17:53:46.660000Z,,,,,,12528,CONSENT_REVOKED,CONSENT_REVOKED,CONSENT_REVOKED,CONSENT_REVOKED,CONSENT_REVOKED,CONSENT_REVOKED,CONSENT_REVOKED,CONSENT_REVOKED,CONSENT_REVOKED,CONSENT_REVOKED,CONSENT_REVOKED,CONSENT_REVOKED,CONSENT_REVOKED
6a0df5ad6d5fc5dbec295766,69eb5c2c0a300e89bcb11693,RETURNED,Not Applicable,2026-05-20T17:56:37.987000Z,,,,,,101,CONSENT_REVOKED,CONSENT_REVOKED,CONSENT_REVOKED,CONSENT_REVOKED,CONSENT_REVOKED,CONSENT_REVOKED,CONSENT_REVOKED,CONSENT_REVOKED,CONSENT_REVOKED,CONSENT_REVOKED,CONSENT_REVOKED,CONSENT_REVOKED,CONSENT_REVOKED
6a0df6343de72f0cde3dee8a,67880f3fcfe89c43f375f668,RETURNED,Not Applicable,2026-05-20T17:58:23.348000Z,,,,,,914,CONSENT_REVOKED,CONSENT_REVOKED,CONSENT_REVOKED,CONSENT_REVOKED,CONSENT_REVOKED,CONSENT_REVOKED,CONSENT_REVOKED,CONSENT_REVOKED,CONSENT_REVOKED,CONSENT_REVOKED,CONSENT_REVOKED,CONSENT_REVOKED,CONSENT_REVOKED
6a0df69f531733ab3af63a91,6a02c72a257b8f371a186f48,RETURNED,Not Applicable,2026-05-20T18:00:13.292000Z,,,,,,63,CONSENT_REVOKED,CONSENT_REVOKED,CONSENT_REVOKED,CONSENT_REVOKED,CONSENT_REVOKED,CONSENT_REVOKED,CONSENT_REVOKED,CONSENT_REVOKED,CONSENT_REVOKED,CONSENT_REVOKED,CONSENT_REVOKED,CONSENT_REVOKED,CONSENT_REVOKED
6a0df89d9b688aa34d8b1d64,609a5974625e18ab158c9a3e,RETURNED,Not Applicable,2026-05-20T18:08:33.304000Z,,,,,,10816,CONSENT_REVOKED,CONSENT_REVOKED,CONSENT_REVOKED,CONSENT_REVOKED,CONSENT_REVOKED,CONSENT_REVOKED,CONSENT_REVOKED,CONSENT_REVOKED,CONSENT_REVOKED,CONSENT_REVOKED,CONSENT_REVOKED,CONSENT_REVOKED,CONSENT_REVOKED
6a0dfb5acacc5f4650409eb5,69c9823e7c1a9ee397365a2d,RETURNED,Not Applicable,,,,,,,493,CONSENT_REVOKED,CONSENT_REVOKED,CONSENT_REVOKED,CONSENT_REVOKED,CONSENT_REVOKED,CONSENT_REVOKED,CONSENT_REVOKED,CONSENT_REVOKED,CONSENT_REVOKED,CONSENT_REVOKED,CONSENT_REVOKED,CONSENT_REVOKED,CONSENT_REVOKED
6a0dfbce0d4d3cfea028cc90,69bdbc4fa67ee351e1e86def,RETURNED,Not Applicable,2026-05-20T18:22:09.647000Z,,,,,,36,CONSENT_REVOKED,CONSENT_REVOKED,CONSENT_REVOKED,CONSENT_REVOKED,CONSENT_REVOKED,CONSENT_REVOKED,CONSENT_REVOKED,CONSENT_REVOKED,CONSENT_REVOKED,CONSENT_REVOKED,CONSENT_REVOKED,CONSENT_REVOKED,CONSENT_REVOKED
6a0dfc3847a5d2b5831b5289,5cb9ca6814b3cb0017e4f7dd,RETURNED,Not Applicable,2026-05-20T18:24:08.047000Z,,,,,,5561,CONSENT_REVOKED,CONSENT_REVOKED,CONSENT_REVOKED,CONSENT_REVOKED,CONSENT_REVOKED,CONSENT_REVOKED,CONSENT_REVOKED,CONSENT_REVOKED,CONSENT_REVOKED,CONSENT_REVOKED,CONSENT_REVOKED,CONSENT_REVOKED,CONSENT_REVOKED
6a0dfd214d21baaa5976fb60,6a09c6cfa2aeccf128fd15d2,RETURNED,Not Applicable,2026-05-20T18:27:50.272000Z,,,,,,19,CONSENT_REVOKED,CONSENT_REVOKED,CONSENT_REVOKED,CONSENT_REVOKED,CONSENT_REVOKED,CONSENT_REVOKED,CONSENT_REVOKED,CONSENT_REVOKED,CONSENT_REVOKED,CONSENT_REVOKED,CONSENT_REVOKED,CONSENT_REVOKED,CONSENT_REVOKED
6a0dfd304377f5a19b3fbf3e,640e04b278799b47b29d4ddd,RETURNED,Not Applicable,,,,,,,3338,CONSENT_REVOKED,CONSENT_REVOKED,CONSENT_REVOKED,CONSENT_REVOKED,CONSENT_REVOKED,CONSENT_REVOKED,CONSENT_REVOKED,CONSENT_REVOKED,CONSENT_REVOKED,CONSENT_REVOKED,CONSENT_REVOKED,CONSENT_REVOKED,CONSENT_REVOKED
6a0dfd4efbd33ff7b432827c,6a04e535896066b6b1bac121,RETURNED,Not Applicable,,,,,,,46,CONSENT_REVOKED,CONSENT_REVOKED,CONSENT_REVOKED,CONSENT_REVOKED,CONSENT_REVOKED,CONSENT_REVOKED,CONSENT_REVOKED,CONSENT_REVOKED,CONSENT_REVOKED,CONSENT_REVOKED,CONSENT_REVOKED,CONSENT_REVOKED,CONSENT_REVOKED
6a0dfd6b039ee34f561f94de,6a0b3c37c99ce5be67f70804,TIMED-OUT,Not Applicable,2026-05-20T18:29:06.048000Z,,,,110680.0,,27,"Somali, English, Swahili, Arabic",Yes,"No, I have no issues seeing colours",Woman (including Trans Female/Trans Woman),24,Female,Black,United States,United States,United States,Swahili,No,Full-Time
6a0dfe2180bdcc7867a19236,69ab25a0e0144d334bab3751,RETURNED,Not Applicable,2026-05-20T18:32:28.025000Z,,,,,,621,CONSENT_REVOKED,CONSENT_REVOKED,CONSENT_REVOKED,CONSENT_REVOKED,CONSENT_REVOKED,CONSENT_REVOKED,CONSENT_REVOKED,CONSENT_REVOKED,CONSENT_REVOKED,CONSENT_REVOKED,CONSENT_REVOKED,CONSENT_REVOKED,CONSENT_REVOKED
6a0dfeaefcdfcaed9807fadd,669ae5e518a6da2e08898e9f,RETURNED,Not Applicable,,,,,,,1195,CONSENT_REVOKED,CONSENT_REVOKED,CONSENT_REVOKED,CONSENT_REVOKED,CONSENT_REVOKED,CONSENT_REVOKED,CONSENT_REVOKED,CONSENT_REVOKED,CONSENT_REVOKED,CONSENT_REVOKED,CONSENT_REVOKED,CONSENT_REVOKED,CONSENT_REVOKED
6a0dfec2b555a2d7eaa652b8,68c9a882ae915e833ed44824,RETURNED,Not Applicable,2026-05-20T18:35:14.538000Z,,,,,,1564,CONSENT_REVOKED,CONSENT_REVOKED,CONSENT_REVOKED,CONSENT_REVOKED,CONSENT_REVOKED,CONSENT_REVOKED,CONSENT_REVOKED,CONSENT_REVOKED,CONSENT_REVOKED,CONSENT_REVOKED,CONSENT_REVOKED,CONSENT_REVOKED,CONSENT_REVOKED
6a0dfed2e6b5810d3c4c5a78,62c08fa6cab36e3a08790b49,RETURNED,Not Applicable,2026-05-20T18:36:14.108000Z,,,,,,11018,CONSENT_REVOKED,CONSENT_REVOKED,CONSENT_REVOKED,CONSENT_REVOKED,CONSENT_REVOKED,CONSENT_REVOKED,CONSENT_REVOKED,CONSENT_REVOKED,CONSENT_REVOKED,CONSENT_REVOKED,CONSENT_REVOKED,CONSENT_REVOKED,CONSENT_REVOKED
6a0dfed906ad1c25e3ed74a9,675c6db4887ccdd0d3d15534,RETURNED,Not Applicable,2026-05-20T18:35:08.462000Z,,,,,,6129,CONSENT_REVOKED,CONSENT_REVOKED,CONSENT_REVOKED,CONSENT_REVOKED,CONSENT_REVOKED,CONSENT_REVOKED,CONSENT_REVOKED,CONSENT_REVOKED,CONSENT_REVOKED,CONSENT_REVOKED,CONSENT_REVOKED,CONSENT_REVOKED,CONSENT_REVOKED
6a0dffa7b3653b5d6ddf9215,5e46f51bc3298c1bf813a984,RETURNED,Not Applicable,,,,,,,3508,CONSENT_REVOKED,CONSENT_REVOKED,CONSENT_REVOKED,CONSENT_REVOKED,CONSENT_REVOKED,CONSENT_REVOKED,CONSENT_REVOKED,CONSENT_REVOKED,CONSENT_REVOKED,CONSENT_REVOKED,CONSENT_REVOKED,CONSENT_REVOKED,CONSENT_REVOKED
6a0e00c6a56fa5ed64420ee8,69f12becc21142e860c16f9d,RETURNED,Not Applicable,2026-05-20T18:43:20.703000Z,,,,,,246,CONSENT_REVOKED,CONSENT_REVOKED,CONSENT_REVOKED,CONSENT_REVOKED,CONSENT_REVOKED,CONSENT_REVOKED,CONSENT_REVOKED,CONSENT_REVOKED,CONSENT_REVOKED,CONSENT_REVOKED,CONSENT_REVOKED,CONSENT_REVOKED,CONSENT_REVOKED
6a0e00d5e9ed2a781db52e55,6a0bfad82b345d49fc5e323d,RETURNED,Not Applicable,2026-05-20T18:43:36.591000Z,,,,,,40,CONSENT_REVOKED,CONSENT_REVOKED,CONSENT_REVOKED,CONSENT_REVOKED,CONSENT_REVOKED,CONSENT_REVOKED,CONSENT_REVOKED,CONSENT_REVOKED,CONSENT_REVOKED,CONSENT_REVOKED,CONSENT_REVOKED,CONSENT_REVOKED,CONSENT_REVOKED
6a0e0170968bb20e4dbbcf2c,69f205e8df7568975f2ec78d,RETURNED,Not Applicable,,,,,,,211,CONSENT_REVOKED,CONSENT_REVOKED,CONSENT_REVOKED,CONSENT_REVOKED,CONSENT_REVOKED,CONSENT_REVOKED,CONSENT_REVOKED,CONSENT_REVOKED,CONSENT_REVOKED,CONSENT_REVOKED,CONSENT_REVOKED,CONSENT_REVOKED,CONSENT_REVOKED
6a0e01b7142fdf45c47b9b9c,5f14c5199ea4682fd6f2013d,RETURNED,Not Applicable,2026-05-20T18:47:32.424000Z,,,,,,678,CONSENT_REVOKED,CONSENT_REVOKED,CONSENT_REVOKED,CONSENT_REVOKED,CONSENT_REVOKED,CONSENT_REVOKED,CONSENT_REVOKED,CONSENT_REVOKED,CONSENT_REVOKED,CONSENT_REVOKED,CONSENT_REVOKED,CONSENT_REVOKED,CONSENT_REVOKED
6a0e024bd92289b336feb2cf,69f3b704ecb843d0058a6c51,RETURNED,Not Applicable,,,,,,,143,CONSENT_REVOKED,CONSENT_REVOKED,CONSENT_REVOKED,CONSENT_REVOKED,CONSENT_REVOKED,CONSENT_REVOKED,CONSENT_REVOKED,CONSENT_REVOKED,CONSENT_REVOKED,CONSENT_REVOKED,CONSENT_REVOKED,CONSENT_REVOKED,CONSENT_REVOKED
6a0e02ab62fcf78f0819264b,69bea3c85966363463cb1745,RETURNED,Not Applicable,,,,,,,481,CONSENT_REVOKED,CONSENT_REVOKED,CONSENT_REVOKED,CONSENT_REVOKED,CONSENT_REVOKED,CONSENT_REVOKED,CONSENT_REVOKED,CONSENT_REVOKED,CONSENT_REVOKED,CONSENT_REVOKED,CONSENT_REVOKED,CONSENT_REVOKED,CONSENT_REVOKED
6a0e046f0fd3d1492fb2ef61,69fc105063fe0f3c43658dbb,RETURNED,Not Applicable,,,,,,,133,CONSENT_REVOKED,CONSENT_REVOKED,CONSENT_REVOKED,CONSENT_REVOKED,CONSENT_REVOKED,CONSENT_REVOKED,CONSENT_REVOKED,CONSENT_REVOKED,CONSENT_REVOKED,CONSENT_REVOKED,CONSENT_REVOKED,CONSENT_REVOKED,CONSENT_REVOKED
6a0e048c01e1cabf9293df2f,6a0cb42e4e4aaba975f1d9ce,RETURNED,Not Applicable,2026-05-20T18:59:28.797000Z,,,,,,41,CONSENT_REVOKED,CONSENT_REVOKED,CONSENT_REVOKED,CONSENT_REVOKED,CONSENT_REVOKED,CONSENT_REVOKED,CONSENT_REVOKED,CONSENT_REVOKED,CONSENT_REVOKED,CONSENT_REVOKED,CONSENT_REVOKED,CONSENT_REVOKED,CONSENT_REVOKED
6a0e06240c027d9a13ec6fe8,699f4a37111ddfd9e4c5d11a,RETURNED,Not Applicable,2026-05-20T19:06:17.733000Z,,,,,,972,CONSENT_REVOKED,CONSENT_REVOKED,CONSENT_REVOKED,CONSENT_REVOKED,CONSENT_REVOKED,CONSENT_REVOKED,CONSENT_REVOKED,CONSENT_REVOKED,CONSENT_REVOKED,CONSENT_REVOKED,CONSENT_REVOKED,CONSENT_REVOKED,CONSENT_REVOKED
6a0e067e6810845fa5ca0f09,69c602ef59cc459201d6e8a3,RETURNED,Not Applicable,2026-05-20T19:07:46.577000Z,,,,,,171,CONSENT_REVOKED,CONSENT_REVOKED,CONSENT_REVOKED,CONSENT_REVOKED,CONSENT_REVOKED,CONSENT_REVOKED,CONSENT_REVOKED,CONSENT_REVOKED,CONSENT_REVOKED,CONSENT_REVOKED,CONSENT_REVOKED,CONSENT_REVOKED,CONSENT_REVOKED
6a0e07f178ffad754af2bbd7,610920f0107bd72ff209c20f,RETURNED,Not Applicable,2026-05-20T19:13:57.814000Z,,,,,,2817,CONSENT_REVOKED,CONSENT_REVOKED,CONSENT_REVOKED,CONSENT_REVOKED,CONSENT_REVOKED,CONSENT_REVOKED,CONSENT_REVOKED,CONSENT_REVOKED,CONSENT_REVOKED,CONSENT_REVOKED,CONSENT_REVOKED,CONSENT_REVOKED,CONSENT_REVOKED
6a0e08e3ff617f16d6c78d81,6632ed07883d9dc97c9c7ac7,RETURNED,Not Applicable,2026-05-20T19:18:00.250000Z,,,,,,746,CONSENT_REVOKED,CONSENT_REVOKED,CONSENT_REVOKED,CONSENT_REVOKED,CONSENT_REVOKED,CONSENT_REVOKED,CONSENT_REVOKED,CONSENT_REVOKED,CONSENT_REVOKED,CONSENT_REVOKED,CONSENT_REVOKED,CONSENT_REVOKED,CONSENT_REVOKED
6a0e08ed5b5daeca11d3cd63,5c2c62542c45d400014a32e6,RETURNED,Not Applicable,2026-05-20T19:18:09.635000Z,,,,,,13767,CONSENT_REVOKED,CONSENT_REVOKED,CONSENT_REVOKED,CONSENT_REVOKED,CONSENT_REVOKED,CONSENT_REVOKED,CONSENT_REVOKED,CONSENT_REVOKED,CONSENT_REVOKED,CONSENT_REVOKED,CONSENT_REVOKED,CONSENT_REVOKED,CONSENT_REVOKED
6a0e09a0b4edab5b4d08485c,6a08bb27103075b705e9beb3,RETURNED,Not Applicable,2026-05-20T19:22:05.945000Z,,,,,,98,CONSENT_REVOKED,CONSENT_REVOKED,CONSENT_REVOKED,CONSENT_REVOKED,CONSENT_REVOKED,CONSENT_REVOKED,CONSENT_REVOKED,CONSENT_REVOKED,CONSENT_REVOKED,CONSENT_REVOKED,CONSENT_REVOKED,CONSENT_REVOKED,CONSENT_REVOKED
6a0e09d567417a5d07c3487e,69bee995d1071cdd49ad584b,RETURNED,Not Applicable,,,,,,,299,CONSENT_REVOKED,CONSENT_REVOKED,CONSENT_REVOKED,CONSENT_REVOKED,CONSENT_REVOKED,CONSENT_REVOKED,CONSENT_REVOKED,CONSENT_REVOKED,CONSENT_REVOKED,CONSENT_REVOKED,CONSENT_REVOKED,CONSENT_REVOKED,CONSENT_REVOKED
6a0e0b59e0c6c597c19312d3,66ec435b31d35555dcea2f87,RETURNED,Not Applicable,2026-05-20T19:39:00.014000Z,,,,,,2019,CONSENT_REVOKED,CONSENT_REVOKED,CONSENT_REVOKED,CONSENT_REVOKED,CONSENT_REVOKED,CONSENT_REVOKED,CONSENT_REVOKED,CONSENT_REVOKED,CONSENT_REVOKED,CONSENT_REVOKED,CONSENT_REVOKED,CONSENT_REVOKED,CONSENT_REVOKED
6a0e0cb1509574afa6497d19,69a7beedd6903eecfd548c75,RETURNED,Not Applicable,2026-05-20T19:34:09.096000Z,,,,,,273,CONSENT_REVOKED,CONSENT_REVOKED,CONSENT_REVOKED,CONSENT_REVOKED,CONSENT_REVOKED,CONSENT_REVOKED,CONSENT_REVOKED,CONSENT_REVOKED,CONSENT_REVOKED,CONSENT_REVOKED,CONSENT_REVOKED,CONSENT_REVOKED,CONSENT_REVOKED
6a0e0de48afc641283745765,69a3449b03e3578e56ee73a7,RETURNED,Not Applicable,,,,,,,252,CONSENT_REVOKED,CONSENT_REVOKED,CONSENT_REVOKED,CONSENT_REVOKED,CONSENT_REVOKED,CONSENT_REVOKED,CONSENT_REVOKED,CONSENT_REVOKED,CONSENT_REVOKED,CONSENT_REVOKED,CONSENT_REVOKED,CONSENT_REVOKED,CONSENT_REVOKED
6a0e0ecd3af457f186b83716,5be8a1701664db0001d804f8,RETURNED,Not Applicable,2026-05-20T19:52:33.498000Z,,,,,,8348,CONSENT_REVOKED,CONSENT_REVOKED,CONSENT_REVOKED,CONSENT_REVOKED,CONSENT_REVOKED,CONSENT_REVOKED,CONSENT_REVOKED,CONSENT_REVOKED,CONSENT_REVOKED,CONSENT_REVOKED,CONSENT_REVOKED,CONSENT_REVOKED,CONSENT_REVOKED
6a0e0f5b3457f287a53b2801,69ff75c617a000723430c199,RETURNED,Not Applicable,2026-05-20T19:45:35.219000Z,,,,,,50,CONSENT_REVOKED,CONSENT_REVOKED,CONSENT_REVOKED,CONSENT_REVOKED,CONSENT_REVOKED,CONSENT_REVOKED,CONSENT_REVOKED,CONSENT_REVOKED,CONSENT_REVOKED,CONSENT_REVOKED,CONSENT_REVOKED,CONSENT_REVOKED,CONSENT_REVOKED
6a0e0f9256133f4775a726b9,69a9f7597fcda6c7f2b21852,RETURNED,Not Applicable,2026-05-20T19:46:35.480000Z,,,,,,254,CONSENT_REVOKED,CONSENT_REVOKED,CONSENT_REVOKED,CONSENT_REVOKED,CONSENT_REVOKED,CONSENT_REVOKED,CONSENT_REVOKED,CONSENT_REVOKED,CONSENT_REVOKED,CONSENT_REVOKED,CONSENT_REVOKED,CONSENT_REVOKED,CONSENT_REVOKED
6a0e0fcda057a6a765ae5ddb,69f1fb6566627d961a80bad9,RETURNED,Not Applicable,2026-05-20T19:47:32.743000Z,,,,,,128,CONSENT_REVOKED,CONSENT_REVOKED,CONSENT_REVOKED,CONSENT_REVOKED,CONSENT_REVOKED,CONSENT_REVOKED,CONSENT_REVOKED,CONSENT_REVOKED,CONSENT_REVOKED,CONSENT_REVOKED,CONSENT_REVOKED,CONSENT_REVOKED,CONSENT_REVOKED
6a0e11008e1bf0c4d03728d7,6983a760ac1a521da4990133,RETURNED,Not Applicable,2026-05-20T19:52:36.783000Z,,,,,,1853,CONSENT_REVOKED,CONSENT_REVOKED,CONSENT_REVOKED,CONSENT_REVOKED,CONSENT_REVOKED,CONSENT_REVOKED,CONSENT_REVOKED,CONSENT_REVOKED,CONSENT_REVOKED,CONSENT_REVOKED,CONSENT_REVOKED,CONSENT_REVOKED,CONSENT_REVOKED
6a0e115d2cb338cb9499fc67,69e5133b2be6f8b62c5c5c53,RETURNED,Not Applicable,2026-05-20T19:54:18.413000Z,,,,,,126,CONSENT_REVOKED,CONSENT_REVOKED,CONSENT_REVOKED,CONSENT_REVOKED,CONSENT_REVOKED,CONSENT_REVOKED,CONSENT_REVOKED,CONSENT_REVOKED,CONSENT_REVOKED,CONSENT_REVOKED,CONSENT_REVOKED,CONSENT_REVOKED,CONSENT_REVOKED
6a0e11600835c14027d8025a,69f115f1e4ddaf4e37028061,REJECTED,Not Applicable,2026-05-20T19:54:39.283000Z,2026-05-20T20:00:07.541000Z,2026-05-21T21:24:07.459000Z,2026-05-20T20:00:07.935000Z,329.0,NOCODE,98,CONSENT_REVOKED,CONSENT_REVOKED,CONSENT_REVOKED,CONSENT_REVOKED,CONSENT_REVOKED,CONSENT_REVOKED,CONSENT_REVOKED,CONSENT_REVOKED,CONSENT_REVOKED,CONSENT_REVOKED,CONSENT_REVOKED,CONSENT_REVOKED,CONSENT_REVOKED
6a0e1238e55cf22dde6e861f,69a51eef103ed2bf696ac284,RETURNED,Not Applicable,2026-05-20T19:57:53.851000Z,,,,,,136,CONSENT_REVOKED,CONSENT_REVOKED,CONSENT_REVOKED,CONSENT_REVOKED,CONSENT_REVOKED,CONSENT_REVOKED,CONSENT_REVOKED,CONSENT_REVOKED,CONSENT_REVOKED,CONSENT_REVOKED,CONSENT_REVOKED,CONSENT_REVOKED,CONSENT_REVOKED
6a0e128b054304f436df30ec,6a04dd09cf751e55ff088e35,RETURNED,Not Applicable,2026-05-20T19:59:20.556000Z,,,,,,34,CONSENT_REVOKED,CONSENT_REVOKED,CONSENT_REVOKED,CONSENT_REVOKED,CONSENT_REVOKED,CONSENT_REVOKED,CONSENT_REVOKED,CONSENT_REVOKED,CONSENT_REVOKED,CONSENT_REVOKED,CONSENT_REVOKED,CONSENT_REVOKED,CONSENT_REVOKED
6a0e139ee2843ee61721ec61,66b5246367e6c8daaf52d001,RETURNED,Not Applicable,2026-05-20T20:03:50.722000Z,,,,,,952,CONSENT_REVOKED,CONSENT_REVOKED,CONSENT_REVOKED,CONSENT_REVOKED,CONSENT_REVOKED,CONSENT_REVOKED,CONSENT_REVOKED,CONSENT_REVOKED,CONSENT_REVOKED,CONSENT_REVOKED,CONSENT_REVOKED,CONSENT_REVOKED,CONSENT_REVOKED
6a0e13ec9eb53a66281c95f3,6961718c78a94c53263c1233,RETURNED,Not Applicable,2026-05-20T20:05:02.871000Z,,,,,,1874,CONSENT_REVOKED,CONSENT_REVOKED,CONSENT_REVOKED,CONSENT_REVOKED,CONSENT_REVOKED,CONSENT_REVOKED,CONSENT_REVOKED,CONSENT_REVOKED,CONSENT_REVOKED,CONSENT_REVOKED,CONSENT_REVOKED,CONSENT_REVOKED,CONSENT_REVOKED
6a0e14fb17ab1af0d5f38128,6a021dc98c730b8d3ce0deca,RETURNED,Not Applicable,2026-05-20T20:09:36.685000Z,,,,,,77,CONSENT_REVOKED,CONSENT_REVOKED,CONSENT_REVOKED,CONSENT_REVOKED,CONSENT_REVOKED,CONSENT_REVOKED,CONSENT_REVOKED,CONSENT_REVOKED,CONSENT_REVOKED,CONSENT_REVOKED,CONSENT_REVOKED,CONSENT_REVOKED,CONSENT_REVOKED
6a0e1560701302ec5f8d23ad,67279fa0368ebc801eb5817a,TIMED-OUT,Not Applicable,2026-05-20T20:11:19.190000Z,,,,104548.0,,1575,English,Yes,"No, I have no issues seeing colours",Woman (including Trans Female/Trans Woman),48,Female,White,United States,United States,United States,English,No,"Not in paid work (e.g. homemaker', 'retired or disabled)"
6a0e1682e8d059ae94a98642,69e7dab10b1f52b3288ee9c8,RETURNED,Not Applicable,2026-05-20T20:16:10.225000Z,,,,,,47,CONSENT_REVOKED,CONSENT_REVOKED,CONSENT_REVOKED,CONSENT_REVOKED,CONSENT_REVOKED,CONSENT_REVOKED,CONSENT_REVOKED,CONSENT_REVOKED,CONSENT_REVOKED,CONSENT_REVOKED,CONSENT_REVOKED,CONSENT_REVOKED,CONSENT_REVOKED
6a0f120b9e44ecac6144b39d,69e67cd1550480b8c9967eeb,RETURNED,Not Applicable,2026-05-21T14:09:18.780000Z,,,,,,296,CONSENT_REVOKED,CONSENT_REVOKED,CONSENT_REVOKED,CONSENT_REVOKED,CONSENT_REVOKED,CONSENT_REVOKED,CONSENT_REVOKED,CONSENT_REVOKED,CONSENT_REVOKED,CONSENT_REVOKED,CONSENT_REVOKED,CONSENT_REVOKED,CONSENT_REVOKED
6a0f122fa9d714d08be6d15c,69e28c2e9ef926bf4dd91af3,RETURNED,Not Applicable,2026-05-21T14:09:55.615000Z,,,,,,153,CONSENT_REVOKED,CONSENT_REVOKED,CONSENT_REVOKED,CONSENT_REVOKED,CONSENT_REVOKED,CONSENT_REVOKED,CONSENT_REVOKED,CONSENT_REVOKED,CONSENT_REVOKED,CONSENT_REVOKED,CONSENT_REVOKED,CONSENT_REVOKED,CONSENT_REVOKED
6a0f124d4898f8c395eead3f,67e0a8458369d92d9789b0b4,RETURNED,Not Applicable,2026-05-21T14:10:27.297000Z,,,,,,7480,CONSENT_REVOKED,CONSENT_REVOKED,CONSENT_REVOKED,CONSENT_REVOKED,CONSENT_REVOKED,CONSENT_REVOKED,CONSENT_REVOKED,CONSENT_REVOKED,CONSENT_REVOKED,CONSENT_REVOKED,CONSENT_REVOKED,CONSENT_REVOKED,CONSENT_REVOKED
6a0f1250f582b662a103df3c,69b0666b647ba8daed82d623,RETURNED,Not Applicable,,,,,,,1025,CONSENT_REVOKED,CONSENT_REVOKED,CONSENT_REVOKED,CONSENT_REVOKED,CONSENT_REVOKED,CONSENT_REVOKED,CONSENT_REVOKED,CONSENT_REVOKED,CONSENT_REVOKED,CONSENT_REVOKED,CONSENT_REVOKED,CONSENT_REVOKED,CONSENT_REVOKED
6a0f1252774ed8c18e8139bf,69e3341d4440041278baa091,RETURNED,Not Applicable,,,,,,,427,CONSENT_REVOKED,CONSENT_REVOKED,CONSENT_REVOKED,CONSENT_REVOKED,CONSENT_REVOKED,CONSENT_REVOKED,CONSENT_REVOKED,CONSENT_REVOKED,CONSENT_REVOKED,CONSENT_REVOKED,CONSENT_REVOKED,CONSENT_REVOKED,CONSENT_REVOKED
6a0f1272ebae246046b59274,6987671d62d96960c1756642,RETURNED,Not Applicable,2026-05-21T14:11:10.370000Z,,,,,,1126,CONSENT_REVOKED,CONSENT_REVOKED,CONSENT_REVOKED,CONSENT_REVOKED,CONSENT_REVOKED,CONSENT_REVOKED,CONSENT_REVOKED,CONSENT_REVOKED,CONSENT_REVOKED,CONSENT_REVOKED,CONSENT_REVOKED,CONSENT_REVOKED,CONSENT_REVOKED
6a0f131e31f30b92c88c4bbb,673658d3f472f26f74885fe7,RETURNED,Not Applicable,2026-05-21T14:13:58.575000Z,,,,,,1544,CONSENT_REVOKED,CONSENT_REVOKED,CONSENT_REVOKED,CONSENT_REVOKED,CONSENT_REVOKED,CONSENT_REVOKED,CONSENT_REVOKED,CONSENT_REVOKED,CONSENT_REVOKED,CONSENT_REVOKED,CONSENT_REVOKED,CONSENT_REVOKED,CONSENT_REVOKED
6a0f15ea8200cba334cd78e9,69bc21dd22f17b2337957511,RETURNED,Not Applicable,,,,,,,511,CONSENT_REVOKED,CONSENT_REVOKED,CONSENT_REVOKED,CONSENT_REVOKED,CONSENT_REVOKED,CONSENT_REVOKED,CONSENT_REVOKED,CONSENT_REVOKED,CONSENT_REVOKED,CONSENT_REVOKED,CONSENT_REVOKED,CONSENT_REVOKED,CONSENT_REVOKED
6a0f16e9be1471465c2d1fd5,69c6c787cfbc922e46044a8c,RETURNED,Not Applicable,,,,,,,270,CONSENT_REVOKED,CONSENT_REVOKED,CONSENT_REVOKED,CONSENT_REVOKED,CONSENT_REVOKED,CONSENT_REVOKED,CONSENT_REVOKED,CONSENT_REVOKED,CONSENT_REVOKED,CONSENT_REVOKED,CONSENT_REVOKED,CONSENT_REVOKED,CONSENT_REVOKED
6a0f16f1883985f3713e4d70,66a9843c53827f826e9738ed,RETURNED,Not Applicable,2026-05-21T14:41:00.013000Z,,,,,,5808,CONSENT_REVOKED,CONSENT_REVOKED,CONSENT_REVOKED,CONSENT_REVOKED,CONSENT_REVOKED,CONSENT_REVOKED,CONSENT_REVOKED,CONSENT_REVOKED,CONSENT_REVOKED,CONSENT_REVOKED,CONSENT_REVOKED,CONSENT_REVOKED,CONSENT_REVOKED
6a0f18c9197527803226083b,694f4bd293f50ed0e636064d,RETURNED,Not Applicable,2026-05-21T14:38:11.180000Z,,,,,,100,CONSENT_REVOKED,CONSENT_REVOKED,CONSENT_REVOKED,CONSENT_REVOKED,CONSENT_REVOKED,CONSENT_REVOKED,CONSENT_REVOKED,CONSENT_REVOKED,CONSENT_REVOKED,CONSENT_REVOKED,CONSENT_REVOKED,CONSENT_REVOKED,CONSENT_REVOKED
6a0f19870efba9a24af21bb6,69e112f785f66398ad4436bf,RETURNED,Not Applicable,,,,,,,228,CONSENT_REVOKED,CONSENT_REVOKED,CONSENT_REVOKED,CONSENT_REVOKED,CONSENT_REVOKED,CONSENT_REVOKED,CONSENT_REVOKED,CONSENT_REVOKED,CONSENT_REVOKED,CONSENT_REVOKED,CONSENT_REVOKED,CONSENT_REVOKED,CONSENT_REVOKED
6a0f1a4708cca49d01a12ad1,6781853762f0a6dcbf4ac534,RETURNED,Not Applicable,2026-05-21T14:44:44.551000Z,,,,,,1563,CONSENT_REVOKED,CONSENT_REVOKED,CONSENT_REVOKED,CONSENT_REVOKED,CONSENT_REVOKED,CONSENT_REVOKED,CONSENT_REVOKED,CONSENT_REVOKED,CONSENT_REVOKED,CONSENT_REVOKED,CONSENT_REVOKED,CONSENT_REVOKED,CONSENT_REVOKED
6a0f1aed58e8425bd6abd67d,69ea7eb1026754c383c71dcb,RETURNED,Not Applicable,,,,,,,379,CONSENT_REVOKED,CONSENT_REVOKED,CONSENT_REVOKED,CONSENT_REVOKED,CONSENT_REVOKED,CONSENT_REVOKED,CONSENT_REVOKED,CONSENT_REVOKED,CONSENT_REVOKED,CONSENT_REVOKED,CONSENT_REVOKED,CONSENT_REVOKED,CONSENT_REVOKED
6a0f1b04695e83c374ffb1fe,69fce9e45d612732dd1ae4e2,RETURNED,Not Applicable,2026-05-21T14:47:37.058000Z,,,,,,94,CONSENT_REVOKED,CONSENT_REVOKED,CONSENT_REVOKED,CONSENT_REVOKED,CONSENT_REVOKED,CONSENT_REVOKED,CONSENT_REVOKED,CONSENT_REVOKED,CONSENT_REVOKED,CONSENT_REVOKED,CONSENT_REVOKED,CONSENT_REVOKED,CONSENT_REVOKED
6a0f1b1c9a8c694aebb9d52d,5d014a5dcd2e40001827abde,RETURNED,Not Applicable,2026-05-21T14:48:29.753000Z,,,,,,3559,CONSENT_REVOKED,CONSENT_REVOKED,CONSENT_REVOKED,CONSENT_REVOKED,CONSENT_REVOKED,CONSENT_REVOKED,CONSENT_REVOKED,CONSENT_REVOKED,CONSENT_REVOKED,CONSENT_REVOKED,CONSENT_REVOKED,CONSENT_REVOKED,CONSENT_REVOKED
6a0f1b3d3a859b568c74d44b,69ff4643fa21dac8c1b2a63a,RETURNED,Not Applicable,2026-05-21T14:48:34.284000Z,,,,,,16,CONSENT_REVOKED,CONSENT_REVOKED,CONSENT_REVOKED,CONSENT_REVOKED,CONSENT_REVOKED,CONSENT_REVOKED,CONSENT_REVOKED,CONSENT_REVOKED,CONSENT_REVOKED,CONSENT_REVOKED,CONSENT_REVOKED,CONSENT_REVOKED,CONSENT_REVOKED
6a0f1b9e0ebfc416f232d82e,63d7cbbc05916152378dfcb5,RETURNED,Not Applicable,2026-05-21T14:50:10.606000Z,,,,,,4066,CONSENT_REVOKED,CONSENT_REVOKED,CONSENT_REVOKED,CONSENT_REVOKED,CONSENT_REVOKED,CONSENT_REVOKED,CONSENT_REVOKED,CONSENT_REVOKED,CONSENT_REVOKED,CONSENT_REVOKED,CONSENT_REVOKED,CONSENT_REVOKED,CONSENT_REVOKED
6a0f1bb02a716e396ef588cc,69adc15f4840cb0e940624e3,RETURNED,Not Applicable,2026-05-21T14:50:29.755000Z,,,,,,478,CONSENT_REVOKED,CONSENT_REVOKED,CONSENT_REVOKED,CONSENT_REVOKED,CONSENT_REVOKED,CONSENT_REVOKED,CONSENT_REVOKED,CONSENT_REVOKED,CONSENT_REVOKED,CONSENT_REVOKED,CONSENT_REVOKED,CONSENT_REVOKED,CONSENT_REVOKED
6a0f1bff29ac6e98341969dc,69970eba9fbd28ba4a2fe706,RETURNED,Not Applicable,2026-05-21T15:02:00.010000Z,,,,,,170,CONSENT_REVOKED,CONSENT_REVOKED,CONSENT_REVOKED,CONSENT_REVOKED,CONSENT_REVOKED,CONSENT_REVOKED,CONSENT_REVOKED,CONSENT_REVOKED,CONSENT_REVOKED,CONSENT_REVOKED,CONSENT_REVOKED,CONSENT_REVOKED,CONSENT_REVOKED
6a0f1c599db12eea67a6796d,60fdb73b85f276ed91d84eb9,RETURNED,Not Applicable,,,,,,,2029,CONSENT_REVOKED,CONSENT_REVOKED,CONSENT_REVOKED,CONSENT_REVOKED,CONSENT_REVOKED,CONSENT_REVOKED,CONSENT_REVOKED,CONSENT_REVOKED,CONSENT_REVOKED,CONSENT_REVOKED,CONSENT_REVOKED,CONSENT_REVOKED,CONSENT_REVOKED
6a0f1c769ed6f9f0d079ef21,6415e163b670eed64ad645ff,RETURNED,Not Applicable,2026-05-21T14:53:46.371000Z,,,,,,1538,CONSENT_REVOKED,CONSENT_REVOKED,CONSENT_REVOKED,CONSENT_REVOKED,CONSENT_REVOKED,CONSENT_REVOKED,CONSENT_REVOKED,CONSENT_REVOKED,CONSENT_REVOKED,CONSENT_REVOKED,CONSENT_REVOKED,CONSENT_REVOKED,CONSENT_REVOKED
6a0f1d479bf3b9d93b0dee9a,5c40e28ffe87360001a5677e,RETURNED,Not Applicable,2026-05-21T14:57:14.768000Z,,,,,,4577,CONSENT_REVOKED,CONSENT_REVOKED,CONSENT_REVOKED,CONSENT_REVOKED,CONSENT_REVOKED,CONSENT_REVOKED,CONSENT_REVOKED,CONSENT_REVOKED,CONSENT_REVOKED,CONSENT_REVOKED,CONSENT_REVOKED,CONSENT_REVOKED,CONSENT_REVOKED
6a0f1f28a797cb6b9358e3aa,65c4f8250420bca836142fec,RETURNED,Not Applicable,2026-05-21T15:05:16.038000Z,,,,,,3379,CONSENT_REVOKED,CONSENT_REVOKED,CONSENT_REVOKED,CONSENT_REVOKED,CONSENT_REVOKED,CONSENT_REVOKED,CONSENT_REVOKED,CONSENT_REVOKED,CONSENT_REVOKED,CONSENT_REVOKED,CONSENT_REVOKED,CONSENT_REVOKED,CONSENT_REVOKED
6a0f210b518ca69d7d1c87b4,69a06e4656ebe96a35b34329,RETURNED,Not Applicable,,,,,,,245,CONSENT_REVOKED,CONSENT_REVOKED,CONSENT_REVOKED,CONSENT_REVOKED,CONSENT_REVOKED,CONSENT_REVOKED,CONSENT_REVOKED,CONSENT_REVOKED,CONSENT_REVOKED,CONSENT_REVOKED,CONSENT_REVOKED,CONSENT_REVOKED,CONSENT_REVOKED
6a0f21f8e9175e5ad6f1c1f6,6a0110710c9dc35fb5256f9b,RETURNED,Not Applicable,2026-05-21T15:17:23.508000Z,,,,,,88,CONSENT_REVOKED,CONSENT_REVOKED,CONSENT_REVOKED,CONSENT_REVOKED,CONSENT_REVOKED,CONSENT_REVOKED,CONSENT_REVOKED,CONSENT_REVOKED,CONSENT_REVOKED,CONSENT_REVOKED,CONSENT_REVOKED,CONSENT_REVOKED,CONSENT_REVOKED
6a0f2246892fa9bb53ab20cd,629789cc812587a45593bccd,RETURNED,Not Applicable,2026-05-21T15:18:36.459000Z,,,,,,1453,CONSENT_REVOKED,CONSENT_REVOKED,CONSENT_REVOKED,CONSENT_REVOKED,CONSENT_REVOKED,CONSENT_REVOKED,CONSENT_REVOKED,CONSENT_REVOKED,CONSENT_REVOKED,CONSENT_REVOKED,CONSENT_REVOKED,CONSENT_REVOKED,CONSENT_REVOKED
6a0f226387f14d42c38e874b,69ea6e4118b52715441fc347,RETURNED,Not Applicable,2026-05-21T15:19:10.304000Z,,,,,,511,CONSENT_REVOKED,CONSENT_REVOKED,CONSENT_REVOKED,CONSENT_REVOKED,CONSENT_REVOKED,CONSENT_REVOKED,CONSENT_REVOKED,CONSENT_REVOKED,CONSENT_REVOKED,CONSENT_REVOKED,CONSENT_REVOKED,CONSENT_REVOKED,CONSENT_REVOKED
6a0f22e9ce50e681d20b67ee,69a5a37d45ce9e498e6d383b,RETURNED,Not Applicable,,,,,,,209,CONSENT_REVOKED,CONSENT_REVOKED,CONSENT_REVOKED,CONSENT_REVOKED,CONSENT_REVOKED,CONSENT_REVOKED,CONSENT_REVOKED,CONSENT_REVOKED,CONSENT_REVOKED,CONSENT_REVOKED,CONSENT_REVOKED,CONSENT_REVOKED,CONSENT_REVOKED
6a0f230c9683dbf7758a4a89,69d3bda19e76aba232151e86,RETURNED,Not Applicable,2026-05-21T15:32:00.011000Z,,,,,,355,CONSENT_REVOKED,CONSENT_REVOKED,CONSENT_REVOKED,CONSENT_REVOKED,CONSENT_REVOKED,CONSENT_REVOKED,CONSENT_REVOKED,CONSENT_REVOKED,CONSENT_REVOKED,CONSENT_REVOKED,CONSENT_REVOKED,CONSENT_REVOKED,CONSENT_REVOKED
6a0f23be9a05a9d1a763d78d,6a04a26a85766430ca36b425,RETURNED,Not Applicable,2026-05-21T15:30:03.837000Z,,,,,,25,CONSENT_REVOKED,CONSENT_REVOKED,CONSENT_REVOKED,CONSENT_REVOKED,CONSENT_REVOKED,CONSENT_REVOKED,CONSENT_REVOKED,CONSENT_REVOKED,CONSENT_REVOKED,CONSENT_REVOKED,CONSENT_REVOKED,CONSENT_REVOKED,CONSENT_REVOKED
6a0f248f6774f086535bdb28,676ebfe3e9331558ab656743,RETURNED,Not Applicable,2026-05-21T15:28:19.843000Z,,,,,,4417,CONSENT_REVOKED,CONSENT_REVOKED,CONSENT_REVOKED,CONSENT_REVOKED,CONSENT_REVOKED,CONSENT_REVOKED,CONSENT_REVOKED,CONSENT_REVOKED,CONSENT_REVOKED,CONSENT_REVOKED,CONSENT_REVOKED,CONSENT_REVOKED,CONSENT_REVOKED
6a0f258f55e9a9cc150251ad,69d435ce26148a0cb5bd842c,TIMED-OUT,Not Applicable,2026-05-21T15:32:40.064000Z,,,,34867.0,,120,English,Yes,"No, I have no issues seeing colours",Woman (including Trans Female/Trans Woman),51,Female,White,United States,United States,United States,English,No,Full-Time
6a0f26238390417fc4a319a0,69fe12012e802e28d49523ac,RETURNED,Not Applicable,2026-05-21T15:35:11.077000Z,,,,,,59,CONSENT_REVOKED,CONSENT_REVOKED,CONSENT_REVOKED,CONSENT_REVOKED,CONSENT_REVOKED,CONSENT_REVOKED,CONSENT_REVOKED,CONSENT_REVOKED,CONSENT_REVOKED,CONSENT_REVOKED,CONSENT_REVOKED,CONSENT_REVOKED,CONSENT_REVOKED
6a0f2631197a8ef794b54bc7,663a5c3c9ca80f412652721d,RETURNED,Not Applicable,2026-05-21T15:35:25.825000Z,,,,,,2178,CONSENT_REVOKED,CONSENT_REVOKED,CONSENT_REVOKED,CONSENT_REVOKED,CONSENT_REVOKED,CONSENT_REVOKED,CONSENT_REVOKED,CONSENT_REVOKED,CONSENT_REVOKED,CONSENT_REVOKED,CONSENT_REVOKED,CONSENT_REVOKED,CONSENT_REVOKED
6a0f26a46bc008924e2e541e,6a094d6fb2262c58d6d134ff,RETURNED,Not Applicable,2026-05-21T15:37:18.863000Z,,,,,,28,CONSENT_REVOKED,CONSENT_REVOKED,CONSENT_REVOKED,CONSENT_REVOKED,CONSENT_REVOKED,CONSENT_REVOKED,CONSENT_REVOKED,CONSENT_REVOKED,CONSENT_REVOKED,CONSENT_REVOKED,CONSENT_REVOKED,CONSENT_REVOKED,CONSENT_REVOKED
6a0f2721188d341a7b0b5cc1,667c7880d80864f94fd000bc,RETURNED,Not Applicable,2026-05-21T15:39:51.843000Z,,,,,,4234,CONSENT_REVOKED,CONSENT_REVOKED,CONSENT_REVOKED,CONSENT_REVOKED,CONSENT_REVOKED,CONSENT_REVOKED,CONSENT_REVOKED,CONSENT_REVOKED,CONSENT_REVOKED,CONSENT_REVOKED,CONSENT_REVOKED,CONSENT_REVOKED,CONSENT_REVOKED
6a0f27cac1a3339b2e812abb,62a889993e01c9e01ee7066e,RETURNED,Not Applicable,2026-05-21T15:42:05.618000Z,,,,,,16080,CONSENT_REVOKED,CONSENT_REVOKED,CONSENT_REVOKED,CONSENT_REVOKED,CONSENT_REVOKED,CONSENT_REVOKED,CONSENT_REVOKED,CONSENT_REVOKED,CONSENT_REVOKED,CONSENT_REVOKED,CONSENT_REVOKED,CONSENT_REVOKED,CONSENT_REVOKED
6a0f281fc34753433551ef4d,69f7bb49df8d6faed58a25e1,RETURNED,Not Applicable,2026-05-21T15:43:30.571000Z,,,,,,99,CONSENT_REVOKED,CONSENT_REVOKED,CONSENT_REVOKED,CONSENT_REVOKED,CONSENT_REVOKED,CONSENT_REVOKED,CONSENT_REVOKED,CONSENT_REVOKED,CONSENT_REVOKED,CONSENT_REVOKED,CONSENT_REVOKED,CONSENT_REVOKED,CONSENT_REVOKED
6a0f2975f18b5d23ca7f6277,5b0967ff1c95000001fcb6ce,RETURNED,Not Applicable,,,,,,,8169,CONSENT_REVOKED,CONSENT_REVOKED,CONSENT_REVOKED,CONSENT_REVOKED,CONSENT_REVOKED,CONSENT_REVOKED,CONSENT_REVOKED,CONSENT_REVOKED,CONSENT_REVOKED,CONSENT_REVOKED,CONSENT_REVOKED,CONSENT_REVOKED,CONSENT_REVOKED
6a0f29871d525deb61b5512d,5f5d6b0def06255d5119a9ba,TIMED-OUT,Not Applicable,2026-05-21T15:49:31.261000Z,,,,33856.0,,1652,English,Yes,"No, I have no issues seeing colours",Woman (including Trans Female/Trans Woman),42,Female,White,United States,United States,United States,English,No,"Not in paid work (e.g. homemaker', 'retired or disabled)"
6a0f2aa30256d493dfbacaa1,69c8b05640030421f1221b70,RETURNED,Not Applicable,2026-05-21T15:54:17.202000Z,,,,,,211,CONSENT_REVOKED,CONSENT_REVOKED,CONSENT_REVOKED,CONSENT_REVOKED,CONSENT_REVOKED,CONSENT_REVOKED,CONSENT_REVOKED,CONSENT_REVOKED,CONSENT_REVOKED,CONSENT_REVOKED,CONSENT_REVOKED,CONSENT_REVOKED,CONSENT_REVOKED
6a0f2b0643ce11520df325cf,69a82e484e9029ef1a4a99d4,RETURNED,Not Applicable,2026-05-21T15:56:11.175000Z,,,,,,1392,CONSENT_REVOKED,CONSENT_REVOKED,CONSENT_REVOKED,CONSENT_REVOKED,CONSENT_REVOKED,CONSENT_REVOKED,CONSENT_REVOKED,CONSENT_REVOKED,CONSENT_REVOKED,CONSENT_REVOKED,CONSENT_REVOKED,CONSENT_REVOKED,CONSENT_REVOKED
6a0f2bd5dd1390e17902b7a4,6a066135f759bf0c66ff9a60,RETURNED,Not Applicable,2026-05-21T15:59:22.124000Z,,,,,,38,CONSENT_REVOKED,CONSENT_REVOKED,CONSENT_REVOKED,CONSENT_REVOKED,CONSENT_REVOKED,CONSENT_REVOKED,CONSENT_REVOKED,CONSENT_REVOKED,CONSENT_REVOKED,CONSENT_REVOKED,CONSENT_REVOKED,CONSENT_REVOKED,CONSENT_REVOKED
6a0f2c3e43302e36f6f0a807,656f33480de6bb2a3b74fd40,RETURNED,Not Applicable,2026-05-21T16:01:14.151000Z,,,,,,1153,CONSENT_REVOKED,CONSENT_REVOKED,CONSENT_REVOKED,CONSENT_REVOKED,CONSENT_REVOKED,CONSENT_REVOKED,CONSENT_REVOKED,CONSENT_REVOKED,CONSENT_REVOKED,CONSENT_REVOKED,CONSENT_REVOKED,CONSENT_REVOKED,CONSENT_REVOKED
6a0f2d0639e5fdb05f060d14,67d38d0b4d7fc9c2517ff079,RETURNED,Not Applicable,,,,,,,2958,CONSENT_REVOKED,CONSENT_REVOKED,CONSENT_REVOKED,CONSENT_REVOKED,CONSENT_REVOKED,CONSENT_REVOKED,CONSENT_REVOKED,CONSENT_REVOKED,CONSENT_REVOKED,CONSENT_REVOKED,CONSENT_REVOKED,CONSENT_REVOKED,CONSENT_REVOKED
6a0f2d1cdc145de5916063a7,6a032edffcd0cce2e80dbbde,RETURNED,Not Applicable,2026-05-21T16:04:48.999000Z,,,,,,185,CONSENT_REVOKED,CONSENT_REVOKED,CONSENT_REVOKED,CONSENT_REVOKED,CONSENT_REVOKED,CONSENT_REVOKED,CONSENT_REVOKED,CONSENT_REVOKED,CONSENT_REVOKED,CONSENT_REVOKED,CONSENT_REVOKED,CONSENT_REVOKED,CONSENT_REVOKED
6a0f2e52b2d0c58491710f35,69c554c4669fbdcc2241932a,RETURNED,Not Applicable,2026-05-21T16:10:00.221000Z,,,,,,658,CONSENT_REVOKED,CONSENT_REVOKED,CONSENT_REVOKED,CONSENT_REVOKED,CONSENT_REVOKED,CONSENT_REVOKED,CONSENT_REVOKED,CONSENT_REVOKED,CONSENT_REVOKED,CONSENT_REVOKED,CONSENT_REVOKED,CONSENT_REVOKED,CONSENT_REVOKED
6a0f2e54bb746125f29a397f,65b537602cf1fbd4f77c7909,RETURNED,Not Applicable,2026-05-21T16:10:00.335000Z,,,,,,5642,CONSENT_REVOKED,CONSENT_REVOKED,CONSENT_REVOKED,CONSENT_REVOKED,CONSENT_REVOKED,CONSENT_REVOKED,CONSENT_REVOKED,CONSENT_REVOKED,CONSENT_REVOKED,CONSENT_REVOKED,CONSENT_REVOKED,CONSENT_REVOKED,CONSENT_REVOKED
6a0f2fe5d74556827879a941,675c64b95d8683943d557b71,RETURNED,Not Applicable,2026-05-21T16:16:46.954000Z,,,,,,1912,CONSENT_REVOKED,CONSENT_REVOKED,CONSENT_REVOKED,CONSENT_REVOKED,CONSENT_REVOKED,CONSENT_REVOKED,CONSENT_REVOKED,CONSENT_REVOKED,CONSENT_REVOKED,CONSENT_REVOKED,CONSENT_REVOKED,CONSENT_REVOKED,CONSENT_REVOKED
6a0f301d0fbd1753c563d7a1,69defab23a249a0b519c8f6d,RETURNED,Not Applicable,2026-05-21T16:17:36.836000Z,,,,,,798,CONSENT_REVOKED,CONSENT_REVOKED,CONSENT_REVOKED,CONSENT_REVOKED,CONSENT_REVOKED,CONSENT_REVOKED,CONSENT_REVOKED,CONSENT_REVOKED,CONSENT_REVOKED,CONSENT_REVOKED,CONSENT_REVOKED,CONSENT_REVOKED,CONSENT_REVOKED
6a0f3071c7b548c615a51f88,6a0208b308d4038020057c79,RETURNED,Not Applicable,,,,,,,136,CONSENT_REVOKED,CONSENT_REVOKED,CONSENT_REVOKED,CONSENT_REVOKED,CONSENT_REVOKED,CONSENT_REVOKED,CONSENT_REVOKED,CONSENT_REVOKED,CONSENT_REVOKED,CONSENT_REVOKED,CONSENT_REVOKED,CONSENT_REVOKED,CONSENT_REVOKED
6a0f30d788c56ebb51c3e176,66d6605db57e9f68c8948dfc,RETURNED,Not Applicable,,,,,,,2654,CONSENT_REVOKED,CONSENT_REVOKED,CONSENT_REVOKED,CONSENT_REVOKED,CONSENT_REVOKED,CONSENT_REVOKED,CONSENT_REVOKED,CONSENT_REVOKED,CONSENT_REVOKED,CONSENT_REVOKED,CONSENT_REVOKED,CONSENT_REVOKED,CONSENT_REVOKED
6a0f30fb8f0eed193dac7ed6,6750f7eb7c60e2b2c22aeaea,RETURNED,Not Applicable,2026-05-21T16:21:45.915000Z,,,,,,2737,CONSENT_REVOKED,CONSENT_REVOKED,CONSENT_REVOKED,CONSENT_REVOKED,CONSENT_REVOKED,CONSENT_REVOKED,CONSENT_REVOKED,CONSENT_REVOKED,CONSENT_REVOKED,CONSENT_REVOKED,CONSENT_REVOKED,CONSENT_REVOKED,CONSENT_REVOKED
6a0f3155d907ed130ad87828,69f0d473b8a80084a75dbe58,RETURNED,Not Applicable,2026-05-21T16:23:05.623000Z,,,,,,294,CONSENT_REVOKED,CONSENT_REVOKED,CONSENT_REVOKED,CONSENT_REVOKED,CONSENT_REVOKED,CONSENT_REVOKED,CONSENT_REVOKED,CONSENT_REVOKED,CONSENT_REVOKED,CONSENT_REVOKED,CONSENT_REVOKED,CONSENT_REVOKED,CONSENT_REVOKED
6a0f31cc41b2f88f5c3a8249,5e976f67be609822f1146463,RETURNED,Not Applicable,2026-05-21T16:24:51.428000Z,,,,,,8757,CONSENT_REVOKED,CONSENT_REVOKED,CONSENT_REVOKED,CONSENT_REVOKED,CONSENT_REVOKED,CONSENT_REVOKED,CONSENT_REVOKED,CONSENT_REVOKED,CONSENT_REVOKED,CONSENT_REVOKED,CONSENT_REVOKED,CONSENT_REVOKED,CONSENT_REVOKED
6a0f324f0eb7024615a0a587,661031ead52be7472b883fa1,RETURNED,Not Applicable,2026-05-21T16:26:58.439000Z,,,,,,1230,CONSENT_REVOKED,CONSENT_REVOKED,CONSENT_REVOKED,CONSENT_REVOKED,CONSENT_REVOKED,CONSENT_REVOKED,CONSENT_REVOKED,CONSENT_REVOKED,CONSENT_REVOKED,CONSENT_REVOKED,CONSENT_REVOKED,CONSENT_REVOKED,CONSENT_REVOKED
6a0f32df0f73d56cf947f2a4,6a0cba08b55701de30c90714,TIMED-OUT,Not Applicable,2026-05-21T16:29:22.876000Z,,,,31465.0,,12,English,Yes,"No, I have no issues seeing colours",Man (including Trans Male/Trans Man),54,Male,White,United States,United States,United States,English,No,Part-Time
6a0f33179f1b75af0f906200,6a0cbcd560a932526e45bba8,RETURNED,Not Applicable,2026-05-21T16:30:19.834000Z,,,,,,37,CONSENT_REVOKED,CONSENT_REVOKED,CONSENT_REVOKED,CONSENT_REVOKED,CONSENT_REVOKED,CONSENT_REVOKED,CONSENT_REVOKED,CONSENT_REVOKED,CONSENT_REVOKED,CONSENT_REVOKED,CONSENT_REVOKED,CONSENT_REVOKED,CONSENT_REVOKED
6a0f33b6601965256d812a8e,66087cffde4e0f5ccae86db2,RETURNED,Not Applicable,2026-05-21T16:33:09.681000Z,,,,,,1164,CONSENT_REVOKED,CONSENT_REVOKED,CONSENT_REVOKED,CONSENT_REVOKED,CONSENT_REVOKED,CONSENT_REVOKED,CONSENT_REVOKED,CONSENT_REVOKED,CONSENT_REVOKED,CONSENT_REVOKED,CONSENT_REVOKED,CONSENT_REVOKED,CONSENT_REVOKED
6a0f33cae2e47e6f96535524,69833f8be21993f8d6f2fdf3,RETURNED,Not Applicable,,,,,,,1559,CONSENT_REVOKED,CONSENT_REVOKED,CONSENT_REVOKED,CONSENT_REVOKED,CONSENT_REVOKED,CONSENT_REVOKED,CONSENT_REVOKED,CONSENT_REVOKED,CONSENT_REVOKED,CONSENT_REVOKED,CONSENT_REVOKED,CONSENT_REVOKED,CONSENT_REVOKED
6a0f367b878167e8c5ee8d54,69f2815981da842a3965ff0f,RETURNED,Not Applicable,2026-05-21T16:45:35.012000Z,,,,,,37,CONSENT_REVOKED,CONSENT_REVOKED,CONSENT_REVOKED,CONSENT_REVOKED,CONSENT_REVOKED,CONSENT_REVOKED,CONSENT_REVOKED,CONSENT_REVOKED,CONSENT_REVOKED,CONSENT_REVOKED,CONSENT_REVOKED,CONSENT_REVOKED,CONSENT_REVOKED
6a0f38a6cbe7b81396554eb7,6a0c876fd7d64b3632b7ecc0,RETURNED,Not Applicable,2026-05-21T16:54:03.421000Z,,,,,,25,CONSENT_REVOKED,CONSENT_REVOKED,CONSENT_REVOKED,CONSENT_REVOKED,CONSENT_REVOKED,CONSENT_REVOKED,CONSENT_REVOKED,CONSENT_REVOKED,CONSENT_REVOKED,CONSENT_REVOKED,CONSENT_REVOKED,CONSENT_REVOKED,CONSENT_REVOKED
6a0f395ff2a0407b956c28cb,69dd1422c5689141cfe93acf,RETURNED,Not Applicable,2026-05-21T16:57:10.703000Z,,,,,,574,CONSENT_REVOKED,CONSENT_REVOKED,CONSENT_REVOKED,CONSENT_REVOKED,CONSENT_REVOKED,CONSENT_REVOKED,CONSENT_REVOKED,CONSENT_REVOKED,CONSENT_REVOKED,CONSENT_REVOKED,CONSENT_REVOKED,CONSENT_REVOKED,CONSENT_REVOKED
6a0f3a31a28bbcf7b036f3c1,69f6472d0b439907d85e10d0,RETURNED,Not Applicable,2026-05-21T17:00:37.152000Z,,,,,,15,CONSENT_REVOKED,CONSENT_REVOKED,CONSENT_REVOKED,CONSENT_REVOKED,CONSENT_REVOKED,CONSENT_REVOKED,CONSENT_REVOKED,CONSENT_REVOKED,CONSENT_REVOKED,CONSENT_REVOKED,CONSENT_REVOKED,CONSENT_REVOKED,CONSENT_REVOKED
6a0f3abd1be27e4da2a5b858,69a76306cbd439e44eae56de,RETURNED,Not Applicable,2026-05-21T17:03:27.729000Z,,,,,,698,CONSENT_REVOKED,CONSENT_REVOKED,CONSENT_REVOKED,CONSENT_REVOKED,CONSENT_REVOKED,CONSENT_REVOKED,CONSENT_REVOKED,CONSENT_REVOKED,CONSENT_REVOKED,CONSENT_REVOKED,CONSENT_REVOKED,CONSENT_REVOKED,CONSENT_REVOKED
6a0f3be04ca0856358b1aad2,6a020a32a2324e66ed5a1f03,RETURNED,Not Applicable,2026-05-21T17:07:47.289000Z,2026-05-21T17:08:31.794000Z,2026-05-21T17:08:33.694000Z,2026-05-21T17:08:32.185000Z,,NOCODE,152,CONSENT_REVOKED,CONSENT_REVOKED,CONSENT_REVOKED,CONSENT_REVOKED,CONSENT_REVOKED,CONSENT_REVOKED,CONSENT_REVOKED,CONSENT_REVOKED,CONSENT_REVOKED,CONSENT_REVOKED,CONSENT_REVOKED,CONSENT_REVOKED,CONSENT_REVOKED
6a0f3e9808b7a8369e8930df,650b2553c91f323f6e75707e,TIMED-OUT,Not Applicable,2026-05-21T17:19:24.142000Z,,,,28464.0,,104,"English, Spanish",Yes,"No, I have no issues seeing colours",Woman (including Trans Female/Trans Woman),35,Female,Other,United States,United States,United States,English,DATA_EXPIRED,DATA_EXPIRED
6a0f40084314715b0637504b,69c3323b254fccf2a303223c,RETURNED,Not Applicable,2026-05-21T17:25:31.585000Z,,,,,,158,CONSENT_REVOKED,CONSENT_REVOKED,CONSENT_REVOKED,CONSENT_REVOKED,CONSENT_REVOKED,CONSENT_REVOKED,CONSENT_REVOKED,CONSENT_REVOKED,CONSENT_REVOKED,CONSENT_REVOKED,CONSENT_REVOKED,CONSENT_REVOKED,CONSENT_REVOKED
6a0f411c001b3b3a15a8cd9a,5b82247316aa4400016aa924,RETURNED,Not Applicable,2026-05-21T17:30:11.476000Z,,,,,,5950,CONSENT_REVOKED,CONSENT_REVOKED,CONSENT_REVOKED,CONSENT_REVOKED,CONSENT_REVOKED,CONSENT_REVOKED,CONSENT_REVOKED,CONSENT_REVOKED,CONSENT_REVOKED,CONSENT_REVOKED,CONSENT_REVOKED,CONSENT_REVOKED,CONSENT_REVOKED
6a0f4154a6c3bd34faafb976,698faba0fb7878e119b64e71,RETURNED,Not Applicable,2026-05-21T17:31:11.114000Z,,,,,,230,CONSENT_REVOKED,CONSENT_REVOKED,CONSENT_REVOKED,CONSENT_REVOKED,CONSENT_REVOKED,CONSENT_REVOKED,CONSENT_REVOKED,CONSENT_REVOKED,CONSENT_REVOKED,CONSENT_REVOKED,CONSENT_REVOKED,CONSENT_REVOKED,CONSENT_REVOKED
6a0f419d60dd3cd3bd132f7c,698133f2f378666ef4c7965c,RETURNED,Not Applicable,2026-05-21T17:32:17.390000Z,,,,,,875,CONSENT_REVOKED,CONSENT_REVOKED,CONSENT_REVOKED,CONSENT_REVOKED,CONSENT_REVOKED,CONSENT_REVOKED,CONSENT_REVOKED,CONSENT_REVOKED,CONSENT_REVOKED,CONSENT_REVOKED,CONSENT_REVOKED,CONSENT_REVOKED,CONSENT_REVOKED
6a0f41c5a3b9b3579432d60f,6a022be84c3e50984c0464ca,RETURNED,Not Applicable,,,,,,,152,CONSENT_REVOKED,CONSENT_REVOKED,CONSENT_REVOKED,CONSENT_REVOKED,CONSENT_REVOKED,CONSENT_REVOKED,CONSENT_REVOKED,CONSENT_REVOKED,CONSENT_REVOKED,CONSENT_REVOKED,CONSENT_REVOKED,CONSENT_REVOKED,CONSENT_REVOKED
6a0f41cbc0b6a063c114bed5,6a07eacec96a8a77e098523b,RETURNED,Not Applicable,2026-05-21T17:33:03.300000Z,2026-05-21T17:49:42.348000Z,,2026-05-21T17:49:42.780000Z,,C18MPT4O,54,CONSENT_REVOKED,CONSENT_REVOKED,CONSENT_REVOKED,CONSENT_REVOKED,CONSENT_REVOKED,CONSENT_REVOKED,CONSENT_REVOKED,CONSENT_REVOKED,CONSENT_REVOKED,CONSENT_REVOKED,CONSENT_REVOKED,CONSENT_REVOKED,CONSENT_REVOKED
6a0f430e4dde9005a46c869a,615628491d10d2dda4037437,RETURNED,Not Applicable,2026-05-21T17:38:26.515000Z,,,,,,3417,CONSENT_REVOKED,CONSENT_REVOKED,CONSENT_REVOKED,CONSENT_REVOKED,CONSENT_REVOKED,CONSENT_REVOKED,CONSENT_REVOKED,CONSENT_REVOKED,CONSENT_REVOKED,CONSENT_REVOKED,CONSENT_REVOKED,CONSENT_REVOKED,CONSENT_REVOKED
6a0f43b3ce8e12312fafa268,6004d426710b3c300a1259ee,RETURNED,Not Applicable,2026-05-21T17:41:12.742000Z,,,,,,5868,CONSENT_REVOKED,CONSENT_REVOKED,CONSENT_REVOKED,CONSENT_REVOKED,CONSENT_REVOKED,CONSENT_REVOKED,CONSENT_REVOKED,CONSENT_REVOKED,CONSENT_REVOKED,CONSENT_REVOKED,CONSENT_REVOKED,CONSENT_REVOKED,CONSENT_REVOKED
6a0f4407800cc9a16fd1daa3,6985cae61f4f48abdf956530,RETURNED,Not Applicable,2026-05-21T17:45:31.960000Z,,,,,,1002,CONSENT_REVOKED,CONSENT_REVOKED,CONSENT_REVOKED,CONSENT_REVOKED,CONSENT_REVOKED,CONSENT_REVOKED,CONSENT_REVOKED,CONSENT_REVOKED,CONSENT_REVOKED,CONSENT_REVOKED,CONSENT_REVOKED,CONSENT_REVOKED,CONSENT_REVOKED
6a0f45c2f07a16a84332c176,69b9a5bffd066eb55746149d,RETURNED,Not Applicable,2026-05-21T17:49:57.675000Z,,,,,,853,CONSENT_REVOKED,CONSENT_REVOKED,CONSENT_REVOKED,CONSENT_REVOKED,CONSENT_REVOKED,CONSENT_REVOKED,CONSENT_REVOKED,CONSENT_REVOKED,CONSENT_REVOKED,CONSENT_REVOKED,CONSENT_REVOKED,CONSENT_REVOKED,CONSENT_REVOKED
6a0f45cdc6be823c44b13e0f,69f15a27120994316f92dac3,RETURNED,Not Applicable,2026-05-21T17:50:09.596000Z,,,,,,152,CONSENT_REVOKED,CONSENT_REVOKED,CONSENT_REVOKED,CONSENT_REVOKED,CONSENT_REVOKED,CONSENT_REVOKED,CONSENT_REVOKED,CONSENT_REVOKED,CONSENT_REVOKED,CONSENT_REVOKED,CONSENT_REVOKED,CONSENT_REVOKED,CONSENT_REVOKED
6a0f46313e39910e129484ee,69ee82889c93673d3fe5ff5a,RETURNED,Not Applicable,2026-05-21T17:51:54.663000Z,,,,,,202,CONSENT_REVOKED,CONSENT_REVOKED,CONSENT_REVOKED,CONSENT_REVOKED,CONSENT_REVOKED,CONSENT_REVOKED,CONSENT_REVOKED,CONSENT_REVOKED,CONSENT_REVOKED,CONSENT_REVOKED,CONSENT_REVOKED,CONSENT_REVOKED,CONSENT_REVOKED
6a0f474a1b672839d76694d1,66db8a4bf336df22101e0e4b,RETURNED,Not Applicable,2026-05-21T17:56:32.962000Z,,,,,,1762,CONSENT_REVOKED,CONSENT_REVOKED,CONSENT_REVOKED,CONSENT_REVOKED,CONSENT_REVOKED,CONSENT_REVOKED,CONSENT_REVOKED,CONSENT_REVOKED,CONSENT_REVOKED,CONSENT_REVOKED,CONSENT_REVOKED,CONSENT_REVOKED,CONSENT_REVOKED
6a0f475452575b6cf67fd257,6694251bbfc3e4a246f8125a,RETURNED,Not Applicable,,,,,,,5108,CONSENT_REVOKED,CONSENT_REVOKED,CONSENT_REVOKED,CONSENT_REVOKED,CONSENT_REVOKED,CONSENT_REVOKED,CONSENT_REVOKED,CONSENT_REVOKED,CONSENT_REVOKED,CONSENT_REVOKED,CONSENT_REVOKED,CONSENT_REVOKED,CONSENT_REVOKED
6a0f4756413568a7ce318b37,66720d50c394601b811a0e49,RETURNED,Not Applicable,2026-05-21T18:06:33.176000Z,,,,,,3707,CONSENT_REVOKED,CONSENT_REVOKED,CONSENT_REVOKED,CONSENT_REVOKED,CONSENT_REVOKED,CONSENT_REVOKED,CONSENT_REVOKED,CONSENT_REVOKED,CONSENT_REVOKED,CONSENT_REVOKED,CONSENT_REVOKED,CONSENT_REVOKED,CONSENT_REVOKED
6a0f478208500ba6d2628c36,69db8941a9447bbfd2847e8c,RETURNED,Not Applicable,2026-05-21T17:57:35.806000Z,,,,,,479,CONSENT_REVOKED,CONSENT_REVOKED,CONSENT_REVOKED,CONSENT_REVOKED,CONSENT_REVOKED,CONSENT_REVOKED,CONSENT_REVOKED,CONSENT_REVOKED,CONSENT_REVOKED,CONSENT_REVOKED,CONSENT_REVOKED,CONSENT_REVOKED,CONSENT_REVOKED
6a0f47899063b9f3dfd8a5ca,69ec053314eeaf08fa00dc59,RETURNED,Not Applicable,2026-05-21T17:57:43.071000Z,,,,,,473,CONSENT_REVOKED,CONSENT_REVOKED,CONSENT_REVOKED,CONSENT_REVOKED,CONSENT_REVOKED,CONSENT_REVOKED,CONSENT_REVOKED,CONSENT_REVOKED,CONSENT_REVOKED,CONSENT_REVOKED,CONSENT_REVOKED,CONSENT_REVOKED,CONSENT_REVOKED
6a0f47e55c2fa8290d7e7076,60e7639e8eca5490df1e412e,RETURNED,Not Applicable,2026-05-21T17:59:06.249000Z,,,,,,6364,CONSENT_REVOKED,CONSENT_REVOKED,CONSENT_REVOKED,CONSENT_REVOKED,CONSENT_REVOKED,CONSENT_REVOKED,CONSENT_REVOKED,CONSENT_REVOKED,CONSENT_REVOKED,CONSENT_REVOKED,CONSENT_REVOKED,CONSENT_REVOKED,CONSENT_REVOKED
6a0f47fa0c8ab18932132f78,69fc5c6a2cc1ee363a0f8bb0,RETURNED,Not Applicable,2026-05-21T18:01:59.674000Z,,,,,,30,CONSENT_REVOKED,CONSENT_REVOKED,CONSENT_REVOKED,CONSENT_REVOKED,CONSENT_REVOKED,CONSENT_REVOKED,CONSENT_REVOKED,CONSENT_REVOKED,CONSENT_REVOKED,CONSENT_REVOKED,CONSENT_REVOKED,CONSENT_REVOKED,CONSENT_REVOKED
6a0f487461a9d24494491e53,67230cd39476e5bf3c464823,RETURNED,Not Applicable,2026-05-21T18:01:27.873000Z,,,,,,160,CONSENT_REVOKED,CONSENT_REVOKED,CONSENT_REVOKED,CONSENT_REVOKED,CONSENT_REVOKED,CONSENT_REVOKED,CONSENT_REVOKED,CONSENT_REVOKED,CONSENT_REVOKED,CONSENT_REVOKED,CONSENT_REVOKED,CONSENT_REVOKED,CONSENT_REVOKED
6a0f49d9696709b09d80f087,6320a1395b4e05325c746101,RETURNED,Not Applicable,2026-05-21T18:07:25.105000Z,,,,,,3162,CONSENT_REVOKED,CONSENT_REVOKED,CONSENT_REVOKED,CONSENT_REVOKED,CONSENT_REVOKED,CONSENT_REVOKED,CONSENT_REVOKED,CONSENT_REVOKED,CONSENT_REVOKED,CONSENT_REVOKED,CONSENT_REVOKED,CONSENT_REVOKED,CONSENT_REVOKED
6a0f4a66c46c26a26875209e,694f357ffcfc4439fcc9545d,RETURNED,Not Applicable,2026-05-21T18:09:47.751000Z,,,,,,1109,CONSENT_REVOKED,CONSENT_REVOKED,CONSENT_REVOKED,CONSENT_REVOKED,CONSENT_REVOKED,CONSENT_REVOKED,CONSENT_REVOKED,CONSENT_REVOKED,CONSENT_REVOKED,CONSENT_REVOKED,CONSENT_REVOKED,CONSENT_REVOKED,CONSENT_REVOKED
6a0f4ad64a8f9716698e7bc2,6a0b3c0a60b15e39b9ba7c33,RETURNED,Not Applicable,2026-05-21T18:11:40.547000Z,,,,,,18,CONSENT_REVOKED,CONSENT_REVOKED,CONSENT_REVOKED,CONSENT_REVOKED,CONSENT_REVOKED,CONSENT_REVOKED,CONSENT_REVOKED,CONSENT_REVOKED,CONSENT_REVOKED,CONSENT_REVOKED,CONSENT_REVOKED,CONSENT_REVOKED,CONSENT_REVOKED
6a0f4ad899543fcbd9f806b3,670160e896ff65768997d75f,RETURNED,Not Applicable,2026-05-21T18:11:39.627000Z,,,,,,5794,CONSENT_REVOKED,CONSENT_REVOKED,CONSENT_REVOKED,CONSENT_REVOKED,CONSENT_REVOKED,CONSENT_REVOKED,CONSENT_REVOKED,CONSENT_REVOKED,CONSENT_REVOKED,CONSENT_REVOKED,CONSENT_REVOKED,CONSENT_REVOKED,CONSENT_REVOKED
6a0f4b4abb7ebb4a6527f5f2,6544fd4daeb0e81889e217f7,RETURNED,Not Applicable,2026-05-21T18:13:49.372000Z,,,,,,2653,CONSENT_REVOKED,CONSENT_REVOKED,CONSENT_REVOKED,CONSENT_REVOKED,CONSENT_REVOKED,CONSENT_REVOKED,CONSENT_REVOKED,CONSENT_REVOKED,CONSENT_REVOKED,CONSENT_REVOKED,CONSENT_REVOKED,CONSENT_REVOKED,CONSENT_REVOKED
6a0f4c2e0c1282a27e6199ea,5b233660648d5b0001b7de87,RETURNED,Not Applicable,2026-05-21T18:18:41.139000Z,,,,,,11885,CONSENT_REVOKED,CONSENT_REVOKED,CONSENT_REVOKED,CONSENT_REVOKED,CONSENT_REVOKED,CONSENT_REVOKED,CONSENT_REVOKED,CONSENT_REVOKED,CONSENT_REVOKED,CONSENT_REVOKED,CONSENT_REVOKED,CONSENT_REVOKED,CONSENT_REVOKED
6a0f4c36ee2bc616ca091b2d,69d315858af4cbf6ddd649e2,REJECTED,Not Applicable,2026-05-21T18:17:29.459000Z,2026-05-21T18:18:03.473000Z,2026-05-21T18:18:05.854000Z,2026-05-21T18:18:03.954000Z,35.0,C18MPT4O,112,CONSENT_REVOKED,CONSENT_REVOKED,CONSENT_REVOKED,CONSENT_REVOKED,CONSENT_REVOKED,CONSENT_REVOKED,CONSENT_REVOKED,CONSENT_REVOKED,CONSENT_REVOKED,CONSENT_REVOKED,CONSENT_REVOKED,CONSENT_REVOKED,CONSENT_REVOKED
6a0f4ca097662365fd100893,6944156a1b111d44a63453f1,RETURNED,Not Applicable,2026-05-21T18:19:15.546000Z,,,,,,391,CONSENT_REVOKED,CONSENT_REVOKED,CONSENT_REVOKED,CONSENT_REVOKED,CONSENT_REVOKED,CONSENT_REVOKED,CONSENT_REVOKED,CONSENT_REVOKED,CONSENT_REVOKED,CONSENT_REVOKED,CONSENT_REVOKED,CONSENT_REVOKED,CONSENT_REVOKED
6a0f4d62576686e0f97b79a9,616cf9ae07c1c6bd05d95beb,RETURNED,Not Applicable,2026-05-21T18:22:31.697000Z,,,,,,14557,CONSENT_REVOKED,CONSENT_REVOKED,CONSENT_REVOKED,CONSENT_REVOKED,CONSENT_REVOKED,CONSENT_REVOKED,CONSENT_REVOKED,CONSENT_REVOKED,CONSENT_REVOKED,CONSENT_REVOKED,CONSENT_REVOKED,CONSENT_REVOKED,CONSENT_REVOKED
6a0f4e3463910960663fb9b5,5ba78b71d60daf0001532d5b,RETURNED,Not Applicable,2026-05-21T18:26:30.417000Z,,,,,,10412,CONSENT_REVOKED,CONSENT_REVOKED,CONSENT_REVOKED,CONSENT_REVOKED,CONSENT_REVOKED,CONSENT_REVOKED,CONSENT_REVOKED,CONSENT_REVOKED,CONSENT_REVOKED,CONSENT_REVOKED,CONSENT_REVOKED,CONSENT_REVOKED,CONSENT_REVOKED
6a0f4f286e417f5bd0c4fb01,60dfa0f80964725cfdab1685,RETURNED,Not Applicable,2026-05-21T18:30:06.309000Z,,,,,,5939,CONSENT_REVOKED,CONSENT_REVOKED,CONSENT_REVOKED,CONSENT_REVOKED,CONSENT_REVOKED,CONSENT_REVOKED,CONSENT_REVOKED,CONSENT_REVOKED,CONSENT_REVOKED,CONSENT_REVOKED,CONSENT_REVOKED,CONSENT_REVOKED,CONSENT_REVOKED
6a0f4f2a7aa112b8311f36f3,6a0613b271d98a43b1ace305,RETURNED,Not Applicable,2026-05-21T18:30:20.922000Z,,,,,,25,CONSENT_REVOKED,CONSENT_REVOKED,CONSENT_REVOKED,CONSENT_REVOKED,CONSENT_REVOKED,CONSENT_REVOKED,CONSENT_REVOKED,CONSENT_REVOKED,CONSENT_REVOKED,CONSENT_REVOKED,CONSENT_REVOKED,CONSENT_REVOKED,CONSENT_REVOKED
6a0f4f6391dc4c9e0fa304e2,65c1447a8294498f23430a26,RETURNED,Not Applicable,2026-05-21T18:31:02.367000Z,,,,,,1045,CONSENT_REVOKED,CONSENT_REVOKED,CONSENT_REVOKED,CONSENT_REVOKED,CONSENT_REVOKED,CONSENT_REVOKED,CONSENT_REVOKED,CONSENT_REVOKED,CONSENT_REVOKED,CONSENT_REVOKED,CONSENT_REVOKED,CONSENT_REVOKED,CONSENT_REVOKED
6a0f5071a42dc41c0a25abfa,5e9c8deb90dd470441c7f98e,RETURNED,Not Applicable,2026-05-21T18:36:00.988000Z,,,,,,9437,CONSENT_REVOKED,CONSENT_REVOKED,CONSENT_REVOKED,CONSENT_REVOKED,CONSENT_REVOKED,CONSENT_REVOKED,CONSENT_REVOKED,CONSENT_REVOKED,CONSENT_REVOKED,CONSENT_REVOKED,CONSENT_REVOKED,CONSENT_REVOKED,CONSENT_REVOKED
6a0f507de516ba221e98ffcf,6732b5b284fd1edb32e4c5cc,TIMED-OUT,Not Applicable,2026-05-21T18:35:47.519000Z,,,,23881.0,,391,English,Yes,"No, I have no issues seeing colours",Man (including Trans Male/Trans Man),28,Male,White,United States,United States,United States,English,No,Unemployed (and job seeking)
6a0f50ea29d1e7195ca8aedf,6786cd11afb82599c1924e69,RETURNED,Not Applicable,2026-05-21T18:37:33.440000Z,,,,,,1864,CONSENT_REVOKED,CONSENT_REVOKED,CONSENT_REVOKED,CONSENT_REVOKED,CONSENT_REVOKED,CONSENT_REVOKED,CONSENT_REVOKED,CONSENT_REVOKED,CONSENT_REVOKED,CONSENT_REVOKED,CONSENT_REVOKED,CONSENT_REVOKED,CONSENT_REVOKED
6a0f51804e63a64b02f4bbcf,6792d1acde4c29a91f549bc7,RETURNED,Not Applicable,2026-05-21T18:40:07.714000Z,,,,,,1215,CONSENT_REVOKED,CONSENT_REVOKED,CONSENT_REVOKED,CONSENT_REVOKED,CONSENT_REVOKED,CONSENT_REVOKED,CONSENT_REVOKED,CONSENT_REVOKED,CONSENT_REVOKED,CONSENT_REVOKED,CONSENT_REVOKED,CONSENT_REVOKED,CONSENT_REVOKED
6a0f522c2f19cebe26bc7a7b,6a0b756dd47d16a4c82f5589,RETURNED,Not Applicable,2026-05-21T18:42:55.381000Z,,,,,,26,CONSENT_REVOKED,CONSENT_REVOKED,CONSENT_REVOKED,CONSENT_REVOKED,CONSENT_REVOKED,CONSENT_REVOKED,CONSENT_REVOKED,CONSENT_REVOKED,CONSENT_REVOKED,CONSENT_REVOKED,CONSENT_REVOKED,CONSENT_REVOKED,CONSENT_REVOKED
6a0f52864b99c4e886c3c53b,69864819469d903c57f794cb,RETURNED,Not Applicable,,,,,,,2604,CONSENT_REVOKED,CONSENT_REVOKED,CONSENT_REVOKED,CONSENT_REVOKED,CONSENT_REVOKED,CONSENT_REVOKED,CONSENT_REVOKED,CONSENT_REVOKED,CONSENT_REVOKED,CONSENT_REVOKED,CONSENT_REVOKED,CONSENT_REVOKED,CONSENT_REVOKED
6a0f593bd675c94677c2f042,675c611268e0e1825a5fe25d,RETURNED,Not Applicable,,,,,,,5631,CONSENT_REVOKED,CONSENT_REVOKED,CONSENT_REVOKED,CONSENT_REVOKED,CONSENT_REVOKED,CONSENT_REVOKED,CONSENT_REVOKED,CONSENT_REVOKED,CONSENT_REVOKED,CONSENT_REVOKED,CONSENT_REVOKED,CONSENT_REVOKED,CONSENT_REVOKED
